Appliances,lights,T1,RH_1,T2,RH_2,T3,RH_3
40,0,20.89,35.4,17.76,39.1633333333333,20.29,36.9
90,10,21.89,53.1,21.29,45.36,21.6333333333333,49.2266666666667
50,0,21.39,35.5,17.6333333333333,40.53,21.6666666666667,35.2
50,0,21.39,41.0333333333333,23.89,34.84,22.0333333333333,36.9333333333333
70,0,19.9633333333333,35.1266666666667,16.4633333333333,40.1266666666667,20.0,36.4
120,10,22.5,44.6966666666667,20.89,40.59,22.29,38.26
120,10,19.39,36.7,16.89,39.9,19.79,36.6266666666667
70,0,22.0,40.4666666666667,20.6,40.4,24.2,37.3266666666667
50,0,21.89,43.09,19.5,44.73,23.5,40.79
70,20,20.1,37.2,17.73,39.1633333333333,20.29,36.59
110,10,22.73,44.1,21.79,40.46,22.0,43.59
70,0,22.0,43.4,21.0,43.5266666666667,23.2,39.59666666666671
100,0,21.39,41.1,19.5,39.83333333333329,21.2,38.7233333333333
110,20,21.5,38.9666666666667,19.7,39.9,20.8233333333333,38.1266666666667
120,0,22.0,38.9,21.1666666666667,37.5,22.5,37.29
50,0,22.1,35.29,18.566666666666695,39.1266666666667,21.6,35.6266666666667
50,0,21.89,42.4666666666667,19.7,45.8266666666667,23.79,40.09
50,0,21.066666666666695,35.5,17.79,38.29,21.5,35.09
30,0,22.1,35.76,19.2,38.2,23.23,37.2
140,20,21.0333333333333,44.5266666666667,20.7,42.09666666666671,21.0,42.6266666666667
60,0,19.1333333333333,39.0,17.5333333333333,40.76,19.89,37.4
60,0,21.2,35.5,19.6,36.59,21.7,35.29
20,0,17.5,41.56,16.5333333333333,42.06,17.89,40.4333333333333
40,0,19.6,46.0,18.79,45.9,19.79,45.2
340,0,23.23,42.43,22.81,37.554,24.7,37.0
70,0,24.5333333333333,46.5,24.39,44.2675,25.7,42.1633333333333
100,0,19.89,38.29,18.125,37.645,20.1,36.76
60,20,20.7,44.79,19.39,45.5675,21.456,41.96
60,0,24.89,47.79,23.4725,48.475,26.4214285714286,43.7
130,0,20.9633333333333,39.4666666666667,18.5333333333333,39.23,21.6,35.43
60,20,22.73,42.1266666666667,20.76,43.03,25.73,40.79
50,0,18.7,39.55,16.79,41.1633333333333,19.9266666666667,37.5
50,0,21.76,36.3633333333333,25.1,30.39,22.6,35.2
80,0,20.79,38.29,19.1,39.9,21.89,35.4
40,0,21.89,46.09,21.0,45.79,23.2,46.29
350,0,20.39,39.9,17.1,46.23,20.79,38.1266666666667
100,10,20.9633333333333,47.26333333333329,20.6,43.1,21.0,42.9
140,10,23.6,49.23,22.1,48.56,25.6,40.4333333333333
50,0,24.79,47.2,22.7,49.29,26.5833333333333,44.5
70,0,21.6,36.4333333333333,19.79,38.3633333333333,22.76,34.2
50,0,25.29,43.09,24.1,42.8633333333333,26.79,39.79
120,0,22.89,42.3633333333333,22.0333333333333,40.7666666666667,23.39,39.7
60,0,25.0,48.0,23.68,48.178,26.29,43.79
50,0,21.5,42.2,20.6666666666667,41.3633333333333,20.89,44.7
50,0,21.5,45.09,20.79,44.2,22.2,44.9
60,0,20.9266666666667,35.6266666666667,19.1,36.9,19.89,36.9125
20,0,21.29,36.1566666666667,18.76,37.59,20.9633333333333,35.26
70,20,23.29,44.9666666666667,22.39,43.9,23.29,45.0
40,0,19.2,39.7,18.0,40.29,19.0,39.5675
60,0,22.0,38.29,19.2,41.4,24.6666666666667,37.3633333333333
60,0,23.39,39.7266666666667,20.815,42.3425,24.79,37.79
330,0,22.6,37.1333333333333,21.2,36.79,23.2,35.29
70,0,22.79,39.2666666666667,21.8566666666667,37.9633333333333,23.0,37.59
50,0,24.39,44.79,22.0,46.745,25.89,42.4
30,10,21.29,39.7,21.86,38.49,22.0,37.09
270,30,21.39,40.4633333333333,20.5,38.0633333333333,22.566666666666695,39.7233333333333
50,0,20.8566666666667,35.56,17.5,39.59,20.2,36.6266666666667
240,0,21.5333333333333,37.05666666666671,20.79,35.6966666666667,22.46,39.4333333333333
50,0,22.0,37.4,18.29,42.59,23.26,37.56
40,0,21.1,35.79,17.79,39.76,21.23,35.4333333333333
20,0,18.89,44.76,18.2,44.59,20.0,45.0
40,0,22.0,44.29,21.2,43.59,21.9144444444444,44.29
60,0,23.1,41.0,20.6,43.7,24.6,39.4
20,0,18.7,43.5,17.79,44.09,19.5,42.8266666666667
60,0,21.0,36.36,19.7,35.56,21.29,36.4666666666667
60,0,22.7,33.56,21.39,33.2,21.5333333333333,34.7
40,0,21.6,47.36,21.0,45.2233333333333,22.1,46.3266666666667
100,0,21.1,38.9333333333333,18.6666666666667,41.26,20.39,37.9333333333333
40,10,21.89,47.09,21.066666666666695,46.56,21.76,46.5
60,30,23.8233333333333,45.8,22.89,43.8266666666667,23.89,45.4
90,0,20.5,36.5666666666667,19.1,36.09,20.1,36.5
50,0,20.9266666666667,41.9666666666667,20.0,41.59,20.79,44.53
70,0,22.79,34.79,20.6333333333333,35.23,22.4266666666667,35.2
50,0,22.29,39.2,19.7,41.59,22.39,38.8266666666667
70,0,21.29,35.2,18.1,39.09,22.7,35.0
60,0,25.2,37.0,26.39,31.6,26.2,37.754
390,20,20.39,43.2666666666667,19.39,43.3633333333333,20.4266666666667,44.23
60,0,20.79,36.29,18.0,39.6266666666667,22.0,36.7
90,0,25.5,49.2,24.8042857142857,47.4,26.2,45.5
80,0,18.89,39.53,17.39,41.5666666666667,20.58,38.29
40,0,20.76,40.53,19.1,40.4,20.245,40.245
150,0,24.29,40.6633333333333,23.7,39.19333333333329,25.2,39.23
60,0,21.29,41.2,20.5,40.5,21.39,42.5
40,0,21.5,36.0,18.79,38.79,20.1666666666667,36.4
50,0,21.5,42.7,20.89,41.6633333333333,23.1,43.06
120,20,22.9266666666667,48.6333333333333,22.6,44.2,22.29,46.8266666666667
60,0,20.89,35.59,17.5666666666667,39.53,20.2,36.56
170,30,20.7,44.79,19.39,45.59,21.39,41.9857142857143
120,10,25.0333333333333,40.2933333333333,23.5,35.87125,23.7,31.745
120,0,22.5333333333333,39.9666666666667,20.89,41.4333333333333,22.1666666666667,38.5
50,0,21.79,37.79,23.2,34.3266666666667,22.7,35.8266666666667
100,20,21.5,41.0,19.79,41.0266666666667,20.8233333333333,41.1566666666667
30,0,19.89,45.5,19.2,44.9666666666667,20.5,44.29
110,0,23.6,33.2,22.5,31.6333333333333,23.1,35.09
90,20,21.4266666666667,39.56,19.7,40.3266666666667,20.745,38.09
60,0,21.39,39.2,18.5,44.2233333333333,22.89,37.06
50,0,23.2,38.03,22.89,36.29,22.79,38.09
40,0,20.1666666666667,37.2,17.3566666666667,40.5,20.7,37.6266666666667
40,0,19.6,43.79,18.89,43.5,19.9633333333333,44.79
110,0,22.79,39.4333333333333,21.7,39.62,24.6,37.3371428571429
90,0,19.4266666666667,36.59,16.79,40.0,19.89,37.09
60,20,23.39,40.03,21.066666666666695,42.5,24.7,38.0
440,20,20.6,40.4,19.566666666666695,40.4333333333333,21.1333333333333,46.1233333333333
80,0,21.76,41.2,19.39,46.26333333333329,22.1,38.23
60,20,21.4633333333333,43.19333333333329,19.7,43.6333333333333,21.2,41.3633333333333
100,20,21.5,40.6633333333333,19.8566666666667,40.9,20.79,41.1566666666667
60,0,21.73,36.09,19.1,38.79,22.0,35.79
60,0,22.79,39.79,20.0,43.3266666666667,23.3233333333333,39.56
130,40,20.23,44.4633333333333,18.0,43.2333333333333,20.1666666666667,38.43
60,0,21.1,43.5,19.566666666666695,44.3266666666667,21.76,42.5
60,0,24.59,51.014,23.9531531531532,49.4693393393393,27.056,45.06
70,20,21.5,41.8266666666667,22.1333333333333,40.4,22.8566666666667,38.4666666666667
90,0,24.6,40.53,22.9633333333333,40.03,25.1666666666667,38.79
90,0,22.1,38.29,19.7,41.1266666666667,22.89,38.2
50,0,21.7,38.76,18.89,42.56,22.39,38.2
110,0,25.6,31.29,26.76,27.4266666666667,25.1,36.03
50,0,22.5333333333333,39.59,20.2,42.06,22.89,39.59
280,0,23.23,39.06,22.6,37.5666666666667,23.8566666666667,41.6566666666667
40,0,19.6,41.03,18.1333333333333,41.7,19.76,40.59
300,10,22.0,43.43,20.79,42.5666666666667,22.5005555555556,47.3305555555556
40,0,19.9633333333333,45.2,19.29,44.76,20.4633333333333,44.26
50,0,21.5,37.03,20.43,38.0666666666667,22.7,35.59
80,20,22.066666666666695,41.8633333333333,21.1,41.4333333333333,21.6,43.4666666666667
40,0,20.4266666666667,40.5666666666667,18.79,40.29,20.29,40.5
40,0,21.7,42.1633333333333,20.9175,41.2225,20.79,44.53
100,10,21.39,38.4985714285714,19.29,39.4,21.79,37.09
70,0,22.39,37.2,20.29,39.09,23.5,37.79
70,0,22.7,42.1633333333333,20.39,44.73,23.89,39.4333333333333
50,0,22.6666666666667,39.56,21.7,39.2,21.29,43.6266666666667
80,0,20.1666666666667,39.7666666666667,18.29,40.3266666666667,20.2,39.2
50,0,18.6,43.4,17.7,44.1266666666667,19.39,42.6266666666667
40,30,22.2,44.6633333333333,20.89,44.5,21.89,44.1633333333333
80,0,21.1,34.23,19.6666666666667,34.26,20.29,35.0
50,0,19.7,38.06,17.2,41.0,21.066666666666695,37.6633333333333
70,0,21.29,37.09,20.29,35.8633333333333,20.65,37.4
120,0,22.89,38.56,22.3628571428571,37.5542857142857,24.62,37.09
70,10,20.76,37.0,18.5,40.0,21.89,34.5
40,0,20.89,36.79,19.945,36.645,21.79,35.09
90,10,22.9633333333333,46.3266666666667,21.9633333333333,45.3266666666667,21.89,46.7
390,0,21.7,33.7966666666667,19.6,33.9,22.663333333333295,36.2333333333333
60,0,22.5,44.09,20.1,47.1266666666667,24.7,40.9333333333333
100,0,22.89,36.53,20.29,37.6633333333333,23.6,33.7
130,20,22.79,39.69333333333329,21.1666666666667,40.09666666666671,22.6,37.9666666666667
50,0,20.89,41.79,19.1,44.4,21.5,38.8266666666667
70,0,24.2,41.6266666666667,25.39,36.29,26.2,37.23
70,0,21.1,39.59,20.29,40.03,21.89,37.5
40,0,22.2,41.5,19.6666666666667,44.2,24.39,39.7
80,0,21.73,35.4333333333333,18.89,37.9,22.566666666666695,34.26
110,20,21.7,45.43,20.2,45.6333333333333,21.73,42.7
80,0,22.29,44.0,21.8566666666667,43.09,22.7,41.4333333333333
90,0,22.0,41.83333333333329,20.89,42.29,23.3566666666667,38.29
250,10,19.6,41.59,19.1333333333333,40.9,19.2,42.8633333333333
100,0,21.2,44.93,20.39,42.7,21.6,43.76
70,0,17.39,36.6266666666667,16.39,36.8266666666667,17.89,37.4666666666667
70,0,21.7,35.3633333333333,18.79,38.06,22.6,34.3633333333333
120,0,23.1,38.6266666666667,22.6333333333333,36.5,23.1,36.76
40,0,19.2,38.7,18.39,38.2,18.79,39.79
60,0,22.1,36.8057142857143,20.1571428571429,37.2257142857143,20.7675,37.9
110,0,25.29,48.5,24.5,47.476,26.042857142857095,44.0685714285714
110,0,22.79,37.05,22.39,36.53,23.36,35.7266666666667
50,0,19.29,37.8633333333333,17.6,39.4333333333333,20.5,37.4
80,0,21.89,41.09,20.4266666666667,42.2,22.9266666666667,38.5
50,0,22.9266666666667,41.23,22.3266666666667,41.29,24.29,38.5
40,0,22.29,43.4333333333333,21.566666666666695,43.09,21.79,44.7
90,0,22.29,34.6,22.4666666666667,32.1,23.73,35.4
40,0,21.2,44.5266666666667,20.5,42.53,21.5333333333333,43.59
100,0,21.5,40.5,19.1333333333333,44.1633333333333,22.5,38.29
100,10,20.79,39.3,19.5,37.36,20.7,36.26
80,0,20.79,38.1633333333333,19.7,38.06,20.7,39.0266666666667
330,20,24.79,48.76,25.014,46.34,26.8,44.2666666666667
50,0,22.6,35.29,20.0,37.1266666666667,23.1,36.79
40,0,23.7,35.29,20.5,38.018,24.254,36.076
50,0,20.2,36.4633333333333,16.55,41.8266666666667,20.4266666666667,37.59
40,0,21.26,37.8633333333333,18.29,40.0,21.79,36.29
60,0,21.1666666666667,40.03,20.1333333333333,40.56,21.79,37.79
50,0,20.6,40.29,17.39,46.5,21.0,38.29
50,0,24.1376623376623,39.0492207792208,23.1746103896104,37.9831168831169,24.9044155844156,37.6577922077922
130,0,20.1,37.8266666666667,19.93,36.59,20.0,36.23
40,0,18.89,44.2,18.245,44.0,19.89,45.09
40,10,20.79,40.2,19.2,41.59,20.6,38.53
390,0,20.5,42.8266666666667,18.89,43.86,21.29,41.56
120,0,21.5,41.0666666666667,19.76,44.19333333333329,22.39,38.09
50,0,20.39,36.9,17.29,40.8633333333333,20.2,37.045
50,0,20.675,41.0675,19.9266666666667,40.2,20.89,41.8633333333333
50,0,24.89,47.56,23.29,48.7,26.5571428571429,43.5
110,10,23.5,48.2333333333333,21.1,43.595,25.6,38.23
50,0,20.6,41.79,19.79,40.2,20.79,41.4666666666667
50,0,21.6,38.79,19.2,41.76,22.5,38.1266666666667
90,0,22.29,39.5,20.6,40.7,22.23,37.9333333333333
40,0,20.6,36.79,18.79,37.1266666666667,20.5,37.26
210,10,20.26,38.6333333333333,19.76,34.1266666666667,19.76,35.7
50,0,21.0,43.4666666666667,19.79,42.16,21.1333333333333,40.79
300,20,21.0333333333333,45.6233333333333,20.3566666666667,43.23,22.745,45.46
40,10,20.7,38.2,18.39,39.79,21.0,40.2
80,10,21.39,45.03,20.79,43.8266666666667,21.0,46.6633333333333
120,10,22.79,37.76,21.23,37.03,22.7,36.9
110,30,22.29,40.1266666666667,20.89,37.8633333333333,22.3233333333333,37.0
100,0,21.7,36.29,19.29,38.9,20.29,36.475
50,0,21.0,39.5,19.9633333333333,40.73,21.79,37.4
50,0,21.2,38.2233333333333,18.2,42.6266666666667,22.0,36.59
60,0,20.0,35.0,17.5,36.1333333333333,20.2257142857143,37.1785714285714
50,0,19.39,42.09,18.8233333333333,41.23,20.6,44.23
60,0,22.6666666666667,41.3633333333333,20.8566666666667,42.8633333333333,23.39,39.79
180,20,21.5,46.3,20.6333333333333,44.8266666666667,21.5,43.2
50,0,19.3566666666667,46.33333333333329,19.2,45.1566666666667,19.79,44.7
100,0,22.89,47.05666666666671,21.6,43.9666666666667,24.2,38.23
30,0,19.5,42.0,19.0,40.93,21.2,45.59666666666671
90,0,25.5,32.43,27.1,27.7633333333333,25.1,36.26
280,20,21.0,40.4,19.1,41.06,21.0,40.09
130,0,24.4532467532468,37.2644155844156,23.6322077922078,34.8623376623377,24.8483116883117,36.6058441558442
80,0,23.0,35.1633333333333,21.29,33.6566666666667,23.73,33.29
50,10,22.1,39.5266666666667,20.2,38.1566666666667,22.1,37.26
20,0,21.0,45.79,20.4266666666667,43.9,22.23,45.1566666666667
50,0,20.3233333333333,39.2,19.066666666666695,39.3633333333333,19.89,40.29
40,0,21.2,38.29,18.5333333333333,41.4,23.2,36.29
50,0,24.89,47.5,22.89,49.2,26.6,44.59
140,0,21.1,33.6933333333333,20.0333333333333,31.6966666666667,21.5,34.5966666666667
240,10,22.1,34.43,20.1,33.36,23.6333333333333,35.89
50,0,24.1,40.4,21.7,42.29,25.39,39.7
90,20,22.1,37.59,20.5,37.9333333333333,21.5,38.56
320,20,22.445,40.895,21.2,38.495,22.79,37.9
400,0,20.3566666666667,45.06,20.1,43.76,20.0333333333333,45.59
230,30,21.89,44.3633333333333,20.7,43.3266666666667,23.3733333333333,46.4066666666667
90,0,21.1,39.9666666666667,18.0,44.7666666666667,22.5,38.5266666666667
80,0,22.0333333333333,41.2933333333333,21.1,40.23,23.0285714285714,42.2857142857143
40,0,19.79,45.2,19.0333333333333,44.59,20.39,44.06
40,10,21.8566666666667,47.06,21.0,46.545,21.73,46.4
70,0,21.5,40.4,18.9633333333333,44.2,22.6,38.4
60,30,21.55,41.45,19.0,45.4666666666667,20.89,38.9
40,0,20.89,36.5642857142857,18.89,38.09,21.0,38.6685714285714
40,0,19.6666666666667,36.6333333333333,17.7,37.7,20.5,37.5
210,10,21.0,41.212,19.2,41.2,20.9633333333333,40.26
60,0,22.0,41.9,21.2,40.45,22.65,43.345
60,0,22.73,35.8633333333333,23.5,32.53,22.89,35.9333333333333
180,30,19.1,44.7233333333333,18.5,43.76,19.26,43.6633333333333
120,10,21.2,41.86,19.4266666666667,42.6266666666667,21.1,40.4
40,0,22.2,43.4333333333333,21.5,43.2,21.8233333333333,44.73
120,0,21.6333333333333,46.8933333333333,19.6,41.76,20.96,40.06
80,0,22.7,42.5,23.26,39.2,22.6,40.76
70,0,21.89,36.8,18.79,40.09,23.0,36.2
120,0,23.0,41.4566666666667,20.6666666666667,41.2333333333333,22.8233333333333,37.53
50,0,23.1,41.2,21.3328571428571,42.0,24.6,39.7
50,10,21.5,45.03,20.89,44.3266666666667,20.7,45.79
20,0,21.1333333333333,35.4666666666667,18.1,39.0,20.3233333333333,36.9
100,0,22.89,42.95,20.89,44.79,24.1,39.2
40,0,22.1,40.9,18.89,46.2,24.1,39.2
60,0,20.39,44.0,20.0,43.2,20.1,43.8266666666667
50,0,22.2,34.29,20.1333333333333,35.6333333333333,22.89,36.1633333333333
30,0,19.76,46.0,18.9266666666667,45.59,19.89,45.2
70,20,20.7,44.53,19.79,42.4,21.29,42.525
70,20,22.79,43.5,22.0333333333333,42.4333333333333,22.1,44.2
440,0,24.383116883116905,37.661038961039,23.5305194805195,35.5558441558442,24.8607792207792,36.8396103896104
60,20,21.6,37.7,18.9633333333333,39.76,21.7,36.4
50,0,18.79,37.9,16.79,40.09,20.2,37.9666666666667
90,10,22.1333333333333,43.9966666666667,20.39,41.99,21.4633333333333,41.0266666666667
60,0,20.9266666666667,41.59,19.1,44.1266666666667,21.5,38.79
50,0,20.79,40.09,19.0,41.59,21.39,40.79
40,0,19.8566666666667,41.3633333333333,18.2,41.59,19.89,40.79
90,0,22.6666666666667,39.9666666666667,21.8233333333333,39.7,22.06,40.156
50,0,21.6,37.09,18.89,40.2,22.89,37.2
180,0,20.29,38.6333333333333,18.1333333333333,40.06,20.5333333333333,39.03
90,0,21.6714285714286,38.1214285714286,20.0,37.3214285714286,20.8185714285714,37.4285714285714
90,0,21.1,40.0266666666667,21.445,37.145,21.865,38.0925
60,0,22.0,36.0,19.39,38.3633333333333,21.8233333333333,35.5666666666667
130,0,21.39,43.4666666666667,21.125,41.3725,21.0,42.2
370,30,23.3566666666667,53.4933333333333,23.0333333333333,39.86,25.1333333333333,43.5
50,10,18.9266666666667,39.4,17.0,41.2,19.89,37.4333333333333
50,0,20.79,41.495,17.9266666666667,45.86,22.76,38.76
100,0,22.6666666666667,57.4966666666667,21.29,56.0266666666667,24.89,40.49
50,0,22.0,40.6266666666667,19.5,44.06,22.89,39.7
70,0,20.6,41.6233333333333,19.26,39.49,22.1,40.0333333333333
50,0,22.5,39.045,20.29,40.03,24.9266666666667,36.4
70,10,19.6333333333333,45.0,19.29,44.1266666666667,19.5,43.9333333333333
80,0,23.0,34.9333333333333,23.1,32.76,23.1,35.4333333333333
60,0,24.23,39.23,23.0966666666667,39.2666666666667,26.0,37.29
90,10,21.23,37.23,19.1333333333333,39.26,21.7,37.2
60,0,21.8566666666667,34.7,19.79,35.1266666666667,20.5,36.6633333333333
90,0,23.5,35.0,23.29,32.59,24.2,34.2
50,0,22.6,38.1633333333333,24.8566666666667,32.29,23.2,37.59
30,0,21.7,38.6633333333333,19.3566666666667,41.1266666666667,22.6,38.0
110,0,20.7,36.4566666666667,18.0,39.7,22.0,36.7
60,0,24.1,47.79,21.79,50.7,25.39,42.73
60,10,20.0,38.5266666666667,18.245,36.845,20.29,35.0
60,0,25.29,39.59,23.29,40.76,25.89,34.536
50,0,20.73,41.9,19.7,42.26,21.2,41.03
90,0,21.1333333333333,33.86,19.7,32.4666666666667,23.73,36.8
50,20,22.0,38.6633333333333,18.566666666666695,42.59,22.4266666666667,37.79
80,0,22.2,37.73,19.2,41.9,23.3233333333333,38.79
80,0,22.0,43.1266666666667,20.29,46.46,23.29,38.79
80,10,22.2,43.4333333333333,20.0,45.8266666666667,23.8566666666667,39.4666666666667
230,0,21.066666666666695,38.79,21.0,35.86,21.5333333333333,36.3633333333333
50,0,20.79,37.59,17.5,41.6333333333333,21.6,35.5
110,0,20.79,44.2233333333333,20.5,43.06,20.2,44.79
60,0,22.39,38.56,22.6333333333333,36.59,22.3566666666667,37.9
310,0,23.0,43.53,22.2,41.1633333333333,23.39,39.3633333333333
140,0,21.23,35.5,19.5,37.0,20.29,35.4
300,40,24.0,47.05,23.1,44.36,24.2,45.79
70,0,24.2,41.6266666666667,25.7,35.46,26.5,37.56
50,0,22.89,39.4333333333333,21.89,39.1266666666667,21.29,43.59
140,20,23.5,35.0,22.5,33.812,24.29,35.09
40,0,19.0,42.09,18.39,41.29,19.89,43.2
50,0,23.1,45.29,21.5,46.9,24.89,42.09
50,0,22.8566666666667,39.3633333333333,20.7,39.9333333333333,24.5,37.7257142857143
50,0,22.6333333333333,41.03,19.6,45.545,24.29,38.79
50,0,21.6,43.29,20.29,43.59,21.89,42.0
60,0,21.39,38.29,19.5,38.7,21.0,39.4
50,0,20.8566666666667,36.8633333333333,19.7,37.3266666666667,21.79,35.09
50,0,19.7,37.2,17.29,39.8266666666667,20.0333333333333,38.8266666666667
80,0,21.7,34.8333333333333,20.29,34.5133333333333,21.0,36.4
50,0,21.6,35.2,18.1,39.79,21.6,36.0
50,0,23.5,38.9,20.7,42.1633333333333,24.65,36.95
50,0,20.79,35.5,17.29,39.7,20.2,36.76
40,0,21.79,37.76,23.1,34.5,22.79,35.79
100,10,25.79,38.73,24.6,38.0666666666667,26.754,34.4
80,10,20.7,35.9,21.8666666666667,33.6233333333333,21.4633333333333,34.7
400,20,22.26,46.9633333333333,21.29,46.0666666666667,21.89,45.5666666666667
50,0,20.29,35.1633333333333,18.29,35.9333333333333,20.7,36.5
70,20,25.1,44.7,23.2,44.59,25.7,41.79
110,20,21.79,43.56,20.4725,44.2675,21.6,42.4
280,0,20.2,37.4633333333333,16.6,42.7666666666667,20.39,37.5
50,0,22.2,39.09,19.6,42.03,22.73,38.79
60,0,21.0,35.4,17.7,39.59,22.6,35.09
80,10,20.89,44.3633333333333,20.1,44.0,21.7,44.29
70,10,21.79,44.19333333333329,20.8233333333333,43.6633333333333,21.39,43.7666666666667
100,0,20.8566666666667,40.56,19.6666666666667,41.06,21.1,39.53
60,0,23.7,39.09,22.7,39.09,21.2,43.3633333333333
90,0,22.0,40.33333333333329,21.73,38.6633333333333,22.29,38.7
50,0,20.5333333333333,37.7,17.7,40.7,20.1,38.09
60,30,25.066666666666695,44.7,23.1333333333333,44.6633333333333,25.7,41.79
110,40,20.2,40.53,18.39,41.1266666666667,21.0,39.73
50,0,22.7,45.7,21.79,44.76,23.29,45.5
90,10,20.79,35.3266666666667,19.39,34.3333333333333,20.79,35.0
60,0,20.2,36.9666666666667,18.0,39.4,22.5,34.09
60,0,24.79,47.79,24.6,46.09,26.0,43.79
60,0,20.9633333333333,43.8666666666667,20.26,40.1266666666667,22.39,44.9
50,10,19.5,40.6266666666667,18.0,40.73,20.1,40.1566666666667
40,0,19.6,45.0,18.8233333333333,44.53,19.79,44.53
90,0,19.3566666666667,45.4633333333333,19.025,44.4725,19.26,43.93
60,0,21.89,37.9,23.3566666666667,34.2,22.7,35.9666666666667
420,10,21.29,34.4,19.5,33.3333333333333,23.2,34.76
40,0,22.39,37.7,19.29,41.9,23.39,38.79
90,10,22.3566666666667,45.63,20.4541666666667,42.3416666666667,21.0,40.73
70,20,21.5,38.4,20.6,37.79,20.7,41.425
50,0,22.6,41.0,19.566666666666695,45.6266666666667,24.23,38.73
100,10,21.5,36.59,18.79,38.9633333333333,23.066666666666695,34.4666666666667
220,0,23.9434285714286,49.3637142857143,25.1,43.5009523809524,26.163619047619,43.4352380952381
110,10,24.8309090909091,47.3088181818182,24.8603603603604,43.9035435435435,26.5211818181818,42.1209090909091
110,20,22.89,34.1633333333333,20.2,36.09,21.79,35.0
30,0,20.6,43.1266666666667,18.8566666666667,44.33333333333329,21.39,41.9333333333333
140,10,24.39,38.63,23.79,36.7233333333333,25.2,38.76
470,0,24.39,43.7566666666667,25.39,37.134,26.163333333333295,38.0666666666667
50,0,23.79,40.29,21.1666666666667,42.79,25.39,39.9
620,0,24.39,44.33333333333329,25.37,37.736,26.73,38.8633333333333
40,10,19.6666666666667,40.9666666666667,17.8566666666667,41.8633333333333,20.29,40.6266666666667
120,0,21.6,37.36,19.9633333333333,38.5666666666667,23.3566666666667,38.1333333333333
30,0,19.29,46.59,18.6,46.5,19.79,45.2
30,0,18.5,38.76,17.39,38.53,18.89,39.69333333333329
90,0,22.2,39.56,20.7,37.7,22.29,37.09
350,10,21.1333333333333,35.99,19.566666666666695,35.4,20.2,34.53
150,0,23.066666666666695,38.56,22.3566666666667,36.8266666666667,23.1,36.8633333333333
30,0,20.3233333333333,39.5,18.0333333333333,41.03,21.2,40.59
50,0,19.5,37.2,16.29,41.1633333333333,20.2,37.345
50,0,23.26,40.09,22.39,39.6633333333333,21.566666666666695,43.0
70,30,22.29,42.0,21.5,41.06,21.7,43.06
50,0,20.6,40.99,19.73,39.3266666666667,21.0,39.8633333333333
60,0,20.89,36.0,18.2,39.06,21.0,35.4
110,0,25.0,31.8666666666667,23.89,29.7,23.4633333333333,30.1333333333333
70,10,20.0,34.89,17.5,35.9333333333333,20.39,37.83333333333329
90,20,20.5333333333333,37.3266666666667,18.7,40.2333333333333,21.3233333333333,35.03
30,0,19.89,37.3266666666667,17.2,40.7,20.89,38.0
40,0,22.29,35.29,18.8233333333333,38.73,21.39,35.5
50,0,20.89,37.09,21.29,35.7233333333333,21.8566666666667,35.09
80,0,22.23,36.39,20.815,37.1725,22.7,36.19333333333329
80,0,17.89,35.8633333333333,16.76,37.2,18.29,37.5
40,0,22.0,38.09,20.2,39.1266666666667,22.39,37.5
100,20,21.79,38.2666666666667,20.7,38.23,21.79,37.29
40,0,19.4266666666667,46.29,18.6666666666667,46.26,19.79,45.1266666666667
70,0,21.3233333333333,35.2,20.5,34.09,20.29,36.0
50,0,24.5,39.0,22.79,39.4,25.6333333333333,38.79
40,0,18.79,46.29,18.29,46.0,19.6,44.4666666666667
70,20,22.6,43.7,20.89,44.03,23.2,40.6266666666667
290,0,21.39,37.8266666666667,20.2,38.1633333333333,23.8266666666667,40.49
250,0,25.3233333333333,47.93,26.6,41.0128571428571,28.2,42.09
390,0,19.79,38.29,18.066666666666695,39.7,21.663333333333295,37.7666666666667
30,0,19.6666666666667,45.06,18.89,44.6266666666667,20.3566666666667,43.8633333333333
70,0,19.7,36.29,17.7,38.4666666666667,20.2,35.7
60,0,24.79,50.36,27.39,44.38,25.12,46.86
120,30,23.29,40.39,22.1,38.6266666666667,22.79,45.0
50,0,20.39,39.5,18.2,41.03,21.2,40.6633333333333
60,0,20.89,42.0,19.1,44.59,21.6,39.0
60,0,24.89,47.4,23.1333333333333,48.7,26.5,41.7514285714286
60,0,21.29,37.6566666666667,19.3233333333333,39.53,21.79,36.76
70,20,18.4266666666667,43.3266666666667,17.79,42.23,19.29,42.4
230,30,20.79,44.5,20.2,42.3633333333333,21.6,44.772
160,0,21.0,38.8266666666667,19.23,40.23,21.6,37.2
90,10,22.1,42.3633333333333,21.566666666666695,39.36,22.5333333333333,43.7666666666667
90,0,21.0,36.5,19.7,35.9666666666667,20.5,37.23
50,20,21.1,45.7666666666667,20.39,43.79,21.9266666666667,44.5
330,0,20.7,35.53,16.79,42.1266666666667,21.6666666666667,35.6966666666667
80,0,19.5333333333333,40.9333333333333,17.7,42.0666666666667,20.2,40.56
400,20,22.2,37.7,21.1,37.06,23.32,37.4975
60,0,24.26,44.76,21.8566666666667,46.76,25.89,42.29
100,0,25.1,38.9666666666667,24.566666666666695,37.6266666666667,25.39,37.09
80,0,22.2,38.29,19.76,40.9333333333333,22.89,38.045
40,0,21.5,38.7,19.2,41.73,22.2,37.29
70,20,21.79,43.3633333333333,20.6,44.06,21.6,42.29
90,20,22.73,43.3633333333333,21.55,43.345,22.29,42.42
80,0,24.6,38.3633333333333,24.0,36.645,24.7,37.245
70,10,19.79,36.7666666666667,18.89,36.9233333333333,19.8233333333333,35.9333333333333
120,20,21.6666666666667,37.76,20.39,37.9333333333333,21.0,37.7
80,0,21.2,39.29,17.9633333333333,44.23,23.4633333333333,38.26
70,0,21.2,35.29,17.9266666666667,39.2,22.7,35.09
70,0,21.15,40.545,20.23,40.8633333333333,20.89,39.378
430,20,20.7,38.28,19.7,37.59,20.2,37.9
50,0,21.2,38.2,21.46,38.49,21.8566666666667,36.56
60,0,21.1,39.9,20.5,39.7,21.79,37.6633333333333
60,0,22.0,36.2,20.1,37.5,22.7,34.29
20,0,18.89,44.29,18.2,44.0,19.9266666666667,45.09
50,0,21.6,40.0,21.1,39.09,21.39,41.5
90,0,22.2,42.695,21.6333333333333,41.7,21.1,44.6633333333333
90,0,24.7,52.09,24.29,51.045,26.29,45.6633333333333
80,30,22.89,44.93,21.9175,45.01125,24.5,40.2
50,0,23.6,37.7,21.5,39.2,24.6333333333333,38.29
180,0,21.9633333333333,39.26,21.39,37.6633333333333,21.89,41.3266666666667
50,0,19.0333333333333,44.03,18.307647058823495,43.9,19.79,45.0
50,0,19.4633333333333,37.6633333333333,17.26,39.9666666666667,20.1,37.4
50,0,25.1,35.4333333333333,25.76,30.7,26.29,37.178
650,0,20.89,36.7,18.29,39.6633333333333,21.2,36.0
90,10,21.566666666666695,35.4,19.6,37.0,20.39,35.59
90,0,21.0,37.8685714285714,19.86,37.0483333333333,22.5166666666667,36.645
20,0,18.89,43.79,18.0,44.1266666666667,19.7,43.5
50,0,20.8566666666667,37.2233333333333,19.2,36.9666666666667,20.5,37.09
80,0,22.1,35.53,19.73,37.29,20.8566666666667,36.2233333333333
30,20,21.3233333333333,41.29,18.3566666666667,46.79,20.79,38.5
60,0,20.79,40.09,19.0,41.53,21.39,40.8266666666667
210,0,19.5,38.0,18.96,39.1,19.89,36.9666666666667
60,0,22.89,36.29,20.6,38.09,23.89,37.29
30,0,17.89,45.06,17.1,45.2666666666667,18.9175,42.425
60,20,20.89,36.6266666666667,18.0,40.29,22.1333333333333,34.5
70,0,21.0,35.4,17.7,39.59,22.6,35.1633333333333
100,10,20.0333333333333,44.0633333333333,18.29,41.9566666666667,21.6333333333333,39.6333333333333
110,20,21.1666666666667,45.5666666666667,20.6,44.9,21.445,42.745
100,10,21.3233333333333,38.13,19.89,37.1633333333333,20.89,37.4666666666667
140,10,16.89,44.6633333333333,16.2,44.4666666666667,17.3566666666667,42.5
130,0,21.0,39.0,19.6,40.4333333333333,21.79,37.4
270,0,26.1,41.6266666666667,26.29,38.09,29.1985714285714,37.5242857142857
50,0,22.26,38.1633333333333,19.9266666666667,40.23,23.23,37.19333333333329
190,0,20.0333333333333,45.5,19.2,44.1266666666667,19.9633333333333,44.7
60,0,21.1,39.29,19.566666666666695,40.9,21.89,37.5
40,0,20.6,46.1266666666667,20.0,44.5,20.2,45.4
110,0,23.6,40.79,21.1,43.33333333333329,24.5,37.9333333333333
60,0,22.7,44.5,20.4266666666667,46.9333333333333,24.5,40.4
70,0,22.1,34.4333333333333,20.29,35.5,20.89,36.1266666666667
560,30,21.3566666666667,36.09,19.566666666666695,37.1633333333333,21.6333333333333,35.03
40,0,19.89,38.69333333333329,18.3566666666667,37.6633333333333,20.2,37.1266666666667
60,10,22.79,41.2,19.9266666666667,45.4,24.39,38.79
100,0,19.4266666666667,36.73,17.1,40.03,19.79,36.59
110,10,23.1,36.8633333333333,20.5,39.2566666666667,22.5,36.09
70,20,25.3566666666667,39.1266666666667,26.5,34.6633333333333,26.39,37.736
50,0,20.89,36.995,19.5,36.73,21.1666666666667,36.53
90,10,20.6666666666667,31.93,19.2,30.9633333333333,19.6,33.1566666666667
50,0,20.5,35.6266666666667,18.39,37.29,20.0,37.4
40,0,18.89,46.79,18.1,46.6633333333333,19.5,45.0675
60,0,20.1,35.09,16.39,40.09,20.1,37.0
90,0,23.39,45.9666666666667,21.6,47.2,24.89,40.79
50,0,22.9266666666667,41.29,20.89,43.036,24.7,40.0
100,10,22.6,43.4233333333333,21.7,42.63,25.23,37.6266666666667
90,0,21.89,41.09,19.2,44.53,24.39,39.9
60,20,20.6,36.9333333333333,17.89,39.9333333333333,20.1,37.4
80,10,24.6,33.3266666666667,25.29,30.5,24.1,35.9
60,0,22.066666666666695,39.9,22.1,38.2,22.39,38.29
40,20,21.89,34.8266666666667,19.6,36.79,21.39,35.29
60,0,20.29,43.59,19.5,43.09,20.2,44.4
60,10,20.79,43.7233333333333,20.0,42.5,21.74,43.18722222222221
30,0,18.79,46.5,18.0,46.5,19.7,45.0
40,0,18.6,40.5,17.26,40.9666666666667,19.066666666666695,39.8633333333333
60,10,24.89,48.0,24.718,46.072,26.0,43.856
60,0,20.6333333333333,35.2666666666667,16.73,40.43,21.29,34.9666666666667
110,10,21.0,41.3975,19.29,42.4633333333333,20.4633333333333,41.9666666666667
50,0,19.89,42.09,19.3566666666667,40.7,20.8566666666667,41.9
20,0,19.4266666666667,45.23,18.7,44.9,19.79,44.4
60,0,22.2,43.7,19.7,47.5,24.7,41.0
70,0,21.5,36.7,18.26,40.46,23.1,34.5
60,0,23.79,35.06,20.8042857142857,37.1657142857143,24.2,35.4
80,0,23.5333333333333,35.6933333333333,26.3566666666667,29.996666666666705,23.79,36.7
50,0,19.6333333333333,37.2,17.29,39.8266666666667,20.1,38.8266666666667
20,0,22.1333333333333,39.09,19.5,41.59,22.4633333333333,38.8633333333333
70,0,19.4633333333333,38.4,16.3233333333333,42.93,20.0333333333333,37.03
60,0,19.9633333333333,35.3333333333333,17.4633333333333,36.3633333333333,20.14,36.798
120,0,19.79,39.1266666666667,18.89,39.1333333333333,19.9633333333333,39.6266666666667
140,10,23.0,47.66666666666671,22.5,41.6633333333333,22.6,44.5266666666667
40,0,20.79,44.6566666666667,19.8566666666667,42.6333333333333,21.39,42.4111111111111
80,0,22.5,37.5,20.39,40.03,22.79,37.09
100,20,23.6,37.29,22.0,37.3971428571429,24.236,36.09
20,0,20.7,35.7,18.1,37.245,21.0,35.7
50,0,19.89,36.09,18.0,37.3633333333333,21.0,36.0
50,0,20.0,39.6266666666667,18.79,38.0,20.29,37.4333333333333
40,0,20.1,45.2,19.23,44.8266666666667,20.5,44.4
110,0,24.0,40.7,22.55,41.545,25.1,39.09
50,0,19.2,43.76,18.5,43.775,19.89,45.0
40,0,23.29,41.29,21.68,41.79,24.5,39.29
50,0,21.5,37.5,18.0,43.06,23.23,37.73
90,0,25.5,46.5,25.754,42.08,27.1333333333333,41.2233333333333
60,0,22.0,34.76,19.5,36.73,22.7,36.26
60,0,24.73,38.59,22.0,40.754,24.55,32.8
240,0,22.0,42.7666666666667,21.0333333333333,42.4666666666667,22.5,41.5
120,0,24.945,50.09,23.26,50.83333333333329,25.79,45.345
70,0,22.79,39.4,20.6,40.3633333333333,24.5,37.9
50,0,21.815,37.3175,18.8233333333333,40.9333333333333,22.1,36.79
110,0,21.29,38.7,19.53,41.59666666666671,21.89,37.2
70,30,20.6,36.83333333333329,17.5,40.2233333333333,21.6,34.8633333333333
40,0,22.1,41.59,19.7,45.0,24.2,39.79
40,0,21.2,39.5,18.7,43.09,22.39,39.0
90,0,23.6,34.06,22.68,32.4,24.29,34.4
50,0,21.0,37.4,19.1,37.79,20.8233333333333,38.73
30,0,20.7,36.5,17.1,41.4666666666667,20.6,37.3266666666667
40,0,20.73,36.79,20.2,35.4,20.29,36.9333333333333
50,0,19.2,37.7,17.0333333333333,39.9333333333333,20.2,37.59
50,0,20.89,40.5,20.1,39.4,21.1,42.7
90,0,24.79,35.76,25.025,32.57,24.26,36.06
60,10,20.5,40.0,17.2,46.2,20.89,38.2
400,10,22.2,44.1566666666667,21.6,42.59,21.5,44.9
70,0,21.29,39.56,18.6,43.56,22.5,37.59
90,0,22.6,35.26,20.175,36.7675,23.0,35.4
30,10,21.7,46.9333333333333,20.79,46.7,21.7,46.5
50,0,24.6,38.9,22.89,39.1266666666667,25.7,38.7
70,0,21.566666666666695,38.4,19.6,40.59,21.89,38.0
70,20,21.79,37.4,19.9633333333333,38.4,20.6,38.5
410,0,21.79,43.06,21.6333333333333,40.9633333333333,21.755,43.9
110,0,24.4064935064935,37.5288311688312,23.5644155844156,35.3246753246753,24.8566233766234,36.7616883116883
30,0,21.23,35.8266666666667,19.7,37.23,21.79,35.7
80,0,24.39,35.865,23.1,35.20375,24.39,33.09
140,20,22.26,44.3633333333333,21.7,43.0,21.7,44.93
120,0,19.89,36.3633333333333,18.6333333333333,37.69333333333329,19.89,36.2
40,10,18.6,39.0,17.5,38.33333333333329,18.89,39.9
140,30,22.4266666666667,38.76,19.8566666666667,38.9333333333333,24.3233333333333,37.66
70,0,22.0,41.9,20.89,42.4,23.5,38.29
70,0,20.79,35.09,18.29,36.8266666666667,20.5333333333333,38.1633333333333
420,10,22.39,46.0633333333333,22.0333333333333,43.29,23.3233333333333,48.19333333333329
120,20,21.7,43.9666666666667,20.29,44.79,21.7,42.59
270,10,21.6333333333333,37.3633333333333,20.79,36.6333333333333,25.3233333333333,39.26
90,0,22.1,45.8633333333333,21.8233333333333,43.4633333333333,22.39,43.6883333333333
40,0,22.26,38.76,19.5,42.2,22.39,37.9333333333333
50,0,21.89,46.09,21.0,45.79,23.1666666666667,46.2
100,20,22.3566666666667,42.5,21.7,41.0,21.7,43.06
60,0,21.7,40.5,18.89,44.3633333333333,22.8566666666667,39.4666666666667
90,0,17.1333333333333,46.29,16.5666666666667,45.5666666666667,17.29,43.23
40,0,20.29,37.9,18.5,38.79,20.89,39.23
50,10,20.89,33.5,19.6,33.95,20.075,34.5675
60,10,22.6,32.6933333333333,25.4633333333333,26.1966666666667,22.7,32.53
110,0,20.39,35.26,18.8233333333333,35.53,20.6,35.1266666666667
50,0,21.275,36.18166666666671,19.2,37.3685714285714,20.89,38.3725
50,0,22.29,36.5,19.6333333333333,39.2,21.79,36.29
50,0,20.0,37.09,16.89,40.7,20.26,37.9
50,0,22.29,39.2,19.7,41.59,22.39,38.8266666666667
30,0,21.6,37.09,18.76,40.29,22.6333333333333,35.9333333333333
30,0,22.0333333333333,39.59,23.1,36.6633333333333,22.26,37.9666666666667
50,0,25.2,36.23,26.1,31.39,26.2,37.5
20,10,21.2,47.29,20.29,47.4,21.6,46.79
40,0,22.2,42.09,24.29,37.4333333333333,23.1,39.09
50,0,20.5,39.4633333333333,19.6,39.23,20.7,40.29
260,0,21.29,42.9,20.26,37.6333333333333,20.79,39.3633333333333
50,0,24.6536363636364,50.0352727272727,24.1927927927928,47.9991291291291,26.9147272727273,44.2836363636364
190,0,21.0,37.7,19.1,37.9333333333333,21.76,35.9
50,0,23.39,38.7,24.566666666666695,34.8266666666667,24.8566666666667,38.0633333333333
50,0,20.6333333333333,43.1266666666667,19.6,43.26,20.5,44.5
50,0,21.9633333333333,40.9333333333333,18.79,46.5,24.1,39.245
50,0,21.4266666666667,38.73,18.7,42.23,22.39,39.1266666666667
80,0,22.6,43.8633333333333,22.2,42.6633333333333,22.39,43.4888888888889
90,20,21.9266666666667,42.5,20.7,43.53,23.2,39.23
50,0,23.1333333333333,36.09,20.815,37.745,23.89,37.2
60,0,22.1,38.4,19.29,41.4333333333333,24.7,37.4
70,0,21.2,41.79,18.1,47.09,23.066666666666695,38.3633333333333
260,0,24.0,42.36,26.7257142857143,34.4714285714286,26.7633333333333,40.4
50,0,24.1,40.4,21.7,42.3633333333333,25.39,39.7
260,0,23.39,37.915,21.764285714285695,38.9571428571429,24.76,38.26
270,0,19.566666666666695,41.53,18.23,43.09,20.452857142857095,38.7042857142857
50,0,21.89,38.59,19.5333333333333,39.6633333333333,22.1,37.4
60,0,22.29,35.5,19.5,37.9,23.26,37.1633333333333
50,0,22.1,37.5,19.2,40.8633333333333,22.1,36.79
20,0,21.79,37.4,19.1666666666667,40.0,22.26,37.2
120,10,19.39,36.9666666666667,17.0,40.045,19.79,36.7
50,0,21.89,36.0,22.9266666666667,32.06,22.5,35.7
40,0,20.29,42.5,19.29,42.09,20.89,44.29
70,0,23.7,31.9266666666667,23.7,29.3333333333333,23.29,34.79
120,0,23.39,36.79,21.5,37.73,22.8566666666667,35.9
50,20,21.5,46.3633333333333,20.7,44.79,21.5,43.1266666666667
110,0,21.89,34.9,22.1,32.26,22.39,33.9
60,10,20.6,35.26,17.5966666666667,38.9333333333333,21.6,34.59
70,0,20.5,41.9266666666667,19.79,40.0,21.0,40.1633333333333
60,0,20.89,35.2,18.39,36.7,20.6,38.0
50,0,21.89,34.9,19.39,36.9666666666667,22.89,36.53
120,0,25.5,37.16,25.73,33.0666666666667,25.39,36.09
130,20,21.89,40.1333333333333,20.73,38.83333333333329,21.1333333333333,39.89
70,0,19.6,36.83333333333329,17.76,37.09,19.7,36.7
250,0,22.1,43.2566666666667,20.6,44.36,23.066666666666695,39.4666666666667
20,0,20.1,36.2,18.26,37.4,20.2,38.2
50,0,23.6666666666667,37.76,21.5,39.2,24.6,38.2
40,0,23.0,41.4333333333333,22.99,40.4666666666667,24.29,38.59
370,0,21.0,40.4,18.39,44.06,21.79,38.09
50,0,20.9266666666667,37.4,19.066666666666695,37.9,20.89,38.8175
50,0,21.5,38.76,19.89,38.245,23.23,37.0666666666667
90,0,22.4266666666667,40.09,21.566666666666695,39.9333333333333,22.1,40.1528571428571
30,0,21.5,38.4333333333333,17.89,43.06,22.39,37.1266666666667
50,0,19.89,36.9,16.6,41.4,20.29,37.5
240,0,21.3566666666667,42.9,18.89,46.9333333333333,23.2,40.7233333333333
240,0,22.73,37.5,20.79,37.19333333333329,22.6,35.645
130,20,20.89,37.8,18.39,41.06,20.39,37.4666666666667
150,10,16.89,44.56,16.2,44.4,17.29,42.3266666666667
40,0,20.39,39.56,18.2,41.0,21.2,40.59
120,20,22.6,41.73,20.79,40.93,22.79,39.1633333333333
270,0,21.23,37.0266666666667,19.0,39.06,23.163333333333295,37.56
50,0,20.0,38.2,17.5,41.0,21.0,37.29
80,10,22.2,33.6633333333333,21.495,32.7,20.7,35.5
50,0,21.23,35.3633333333333,18.29,38.4,20.3233333333333,36.9
50,0,23.0333333333333,39.7,20.683333333333305,41.4,25.29,37.59
570,10,24.89,32.6666666666667,23.56,31.14,23.6,30.8233333333333
100,0,22.23,34.59,20.1,36.06,21.79,34.2
60,0,22.0,37.73,23.7,33.7233333333333,22.76,36.0
60,0,19.7,41.06,17.89,41.9,20.29,40.7
50,0,21.0,41.5,19.1,44.09,21.6,38.7
60,0,20.29,33.4,18.39,33.5,19.7,34.9333333333333
60,0,20.39,35.2,16.79,39.8633333333333,20.2,37.0
390,10,19.6,38.8633333333333,19.2,37.73,19.39,40.1266666666667
490,0,24.4718181818182,52.8316363636364,23.5081081081081,52.1997297297297,27.3183636363636,46.5018181818182
290,0,19.79,39.93,18.4633333333333,39.5,20.29,37.1633333333333
60,20,22.79,45.4,21.89,44.6175,23.29,45.4
440,0,21.4266666666667,41.59666666666671,19.7,41.1566666666667,21.89,37.4666666666667
40,0,19.89,37.8633333333333,17.5,40.2233333333333,20.6333333333333,39.5666666666667
190,10,25.5,47.06,26.54,41.0,28.2,41.53
110,0,23.2,41.5633333333333,21.89,39.36,27.066666666666695,37.1
120,0,25.5,48.4333333333333,25.0285714285714,46.6214285714286,26.2,45.1214285714286
360,0,18.1,37.06,17.29,36.26,18.1,38.56
60,0,20.066666666666695,34.4666666666667,17.2,37.79,22.066666666666695,35.1633333333333
50,0,19.2,44.7,18.6333333333333,42.9333333333333,19.39,43.6566666666667
110,20,21.89,34.7,19.7,36.0,21.89,34.645
80,0,23.066666666666695,36.23,21.6666666666667,34.5,24.1,34.1566666666667
70,0,21.15,40.59,20.066666666666695,40.9666666666667,21.1,39.79
140,20,24.39,38.59666666666671,23.8233333333333,36.73,25.2,38.4
50,0,25.1,35.2,25.6,30.73,26.2,36.834
40,0,18.7,46.29,18.0,46.5,19.7,44.59
70,0,24.76,49.99,27.3614285714286,44.7285714285714,25.1,46.6
40,0,20.73,38.09,18.1,40.59,20.1,38.09
80,30,20.1,40.3633333333333,19.1666666666667,40.69333333333329,20.5,38.9333333333333
50,0,21.4266666666667,40.5666666666667,19.4266666666667,41.1266666666667,20.9266666666667,40.5
20,10,20.1,40.4,19.075,38.45,20.39,37.1725
50,0,21.4175,39.645,22.4266666666667,37.26,22.0,37.1633333333333
50,20,17.79,37.8266666666667,16.79,37.1633333333333,18.2,38.8633333333333
120,0,22.1,39.5225,21.1333333333333,39.6633333333333,22.7,37.7
50,0,24.2,39.76,22.5,41.09,25.76,39.0
40,0,18.89,42.2,18.2,41.29,19.8566666666667,43.29
70,20,22.0,38.09,20.7,38.6633333333333,21.6333333333333,37.5
50,0,24.5,38.4333333333333,23.39,37.23,26.29,38.09
50,0,19.39,37.59,17.2,39.9,20.1,37.4
60,30,20.7,44.7,19.39,45.59,21.39,42.0
70,20,21.0,36.9,18.0,40.9633333333333,22.1333333333333,34.59
70,0,22.1333333333333,42.09,21.4633333333333,40.4666666666667,22.6,43.29
50,0,21.2,37.2,18.7,39.59,22.6,36.56
270,0,21.79,32.8266666666667,19.7,33.4333333333333,23.3566666666667,38.4
90,0,22.7,40.33333333333329,21.7,39.03,24.1,37.6633333333333
170,10,19.7,35.03,19.6333333333333,33.86,19.6,35.4
100,0,21.9633333333333,41.7,20.76,42.5,23.1,38.4
50,0,20.29,34.2,17.5,37.145,22.29,35.2
30,0,17.79,40.7,16.745,41.2,18.1,40.09
60,0,21.23,37.86,18.29,40.0,21.7,36.29
120,10,20.1,43.69333333333329,18.9633333333333,36.9,18.566666666666695,39.6633333333333
40,0,19.89,36.2,18.0,37.5,20.1,38.254
40,0,21.39,42.1633333333333,20.566666666666695,41.3266666666667,20.89,44.7
60,0,21.4266666666667,37.4333333333333,18.3233333333333,41.9,22.2,37.0
60,0,21.79,38.8266666666667,20.4633333333333,40.4333333333333,22.79,37.2
260,0,23.29,35.1266666666667,23.3471428571429,33.5771428571429,24.2,35.0
60,0,25.1,36.0,26.0,31.39,26.29,37.3842857142857
60,0,22.89,40.26,20.5,42.79,23.2,39.5
30,0,22.1,38.4333333333333,19.0,43.0,23.1,38.2233333333333
130,20,23.0,44.3633333333333,22.39,40.9333333333333,22.6,43.7
40,20,22.1,44.59,21.566666666666695,42.79,21.77,45.4888888888889
20,0,17.6,41.145,16.6,41.7,18.0,40.2
70,20,22.1,35.09,19.6,37.0,21.39,34.4333333333333
500,0,19.7,45.59,18.89,44.23,19.89,44.9
130,10,21.79,40.6633333333333,21.066666666666695,39.8266666666667,22.0333333333333,44.4333333333333
60,0,21.315,38.5675,17.6,43.8266666666667,22.29,37.0
50,0,20.3566666666667,37.1266666666667,17.5666666666667,40.23,20.89,37.6633333333333
110,10,21.0,45.2566666666667,20.7,42.43,21.0,42.7
80,0,22.1,37.09,19.8566666666667,38.6633333333333,21.2,37.7
130,10,20.4633333333333,40.16666666666671,19.79,35.0,19.89,36.3633333333333
110,0,23.1,39.1266666666667,21.39,38.23,25.5333333333333,35.2
50,0,21.0333333333333,41.1266666666667,19.2,43.4333333333333,21.76,38.5
60,0,22.5,42.1633333333333,24.6,36.8633333333333,23.1,39.2
90,0,20.1,45.3266666666667,19.2,43.7,19.89,44.79
50,10,21.4266666666667,47.03,20.6,47.0,21.675,46.7
40,0,20.3566666666667,37.2,17.5666666666667,40.29,20.89,37.59
40,0,20.7,36.79,19.1,37.7,20.575,36.0
40,0,21.79,45.53,21.2,43.8266666666667,22.6333333333333,45.09
50,0,21.7,39.59,18.2,44.9,23.7,38.3266666666667
70,10,23.39,37.79,21.9685714285714,37.5,24.29,36.0
70,20,22.0,38.6633333333333,18.6,42.5,22.4633333333333,37.7233333333333
590,30,19.8566666666667,47.6633333333333,18.7,34.1,18.4266666666667,37.83333333333329
50,0,21.29,35.2,19.9633333333333,35.6266666666667,19.79,36.9
70,0,23.0,39.7,20.6,41.4,25.29,37.59
40,0,21.745,44.79,20.89,44.09,22.225,44.8205555555556
160,0,22.7,36.7,21.0333333333333,37.59,22.89,37.29
60,0,24.0,44.9,22.39,45.356,26.6333333333333,40.29
180,0,22.3566666666667,40.7666666666667,21.2,40.86,23.89,36.3633333333333
50,20,21.73,48.5,20.7,46.29,22.39,44.9333333333333
70,10,18.1,36.9,16.79,37.7,18.39,37.4333333333333
50,0,20.9266666666667,45.29,20.39,43.7,21.39,43.6266666666667
70,0,20.0,33.29,18.1,34.4,19.6,35.29
50,0,20.7,46.2,20.0,44.4333333333333,20.2,45.5
70,0,22.39,45.7233333333333,20.29,49.06,25.2,39.89
120,0,21.8566666666667,50.3666666666667,20.9266666666667,45.5266666666667,21.6666666666667,44.55666666666671
120,0,23.39,36.6633333333333,21.5,37.79,22.79,36.0
220,10,21.76,46.53,20.53,47.6966666666667,23.8566666666667,43.2
420,30,22.5333333333333,42.73,21.2,41.79,21.89,44.68166666666671
110,0,19.8233333333333,38.79,19.1,38.1266666666667,20.2,37.0
60,0,20.76,40.9266666666667,19.2,41.33,22.066666666666695,38.96
60,0,22.0,41.4333333333333,21.2,40.59,21.566666666666695,42.59
40,0,20.9633333333333,38.79,20.39,36.9666666666667,20.7,38.9333333333333
50,0,22.066666666666695,37.5,19.1666666666667,40.8633333333333,22.1,36.79
30,0,21.6,44.9,20.89,44.3266666666667,22.29,45.0
50,0,22.0,38.09,20.4633333333333,38.9,22.3566666666667,37.53
140,20,22.6,37.36,20.2,37.69333333333329,23.6,35.8266666666667
40,0,23.0,38.09,20.2,40.79,23.1,38.59
30,0,19.73,37.2,19.0,36.79,18.6,38.29
80,0,21.39,42.6333333333333,18.9266666666667,46.8633333333333,23.26,40.4633333333333
50,0,22.0333333333333,38.9333333333333,19.5333333333333,41.29,22.29,38.79
110,0,22.1,34.59,20.39,35.6633333333333,20.89,36.29
100,10,20.6,33.79,18.7,34.59,20.1,35.2
120,0,21.6,36.6566666666667,18.7,40.06,22.6,36.23
80,0,20.29,44.2,19.89,43.4,19.79,43.79
40,0,21.2,46.2,20.5,45.4,21.7,44.3572222222222
30,0,21.79,37.79,23.1333333333333,34.4666666666667,22.79,35.79
50,0,21.6666666666667,42.6633333333333,20.89,42.0,22.6,43.77
60,0,21.23,38.1266666666667,18.29,41.2,22.29,37.9
100,0,23.5,39.9666666666667,22.5571428571429,35.4685714285714,24.1571428571429,34.2642857142857
50,0,25.1,35.29,25.7,30.6666666666667,26.29,37.054
80,20,22.6,38.79,21.1333333333333,39.26,23.1,37.5
80,10,20.6,32.46,19.1333333333333,32.4266666666667,19.7,32.9666666666667
190,0,21.3233333333333,37.9,19.79,38.9633333333333,22.7,36.59
70,0,22.5,39.76,21.39,40.39,23.0,38.9633333333333
80,10,18.39,43.76,17.7,42.6266666666667,19.5,43.0
70,0,23.2,38.0,22.8566666666667,36.2233333333333,22.79,38.09
60,0,25.26,47.0,25.5625,43.9,26.73,42.2
230,0,21.65,36.995,19.79,36.7,20.3233333333333,35.6266666666667
60,0,21.6,44.4,19.89,46.59,23.1,41.79
740,20,19.5,42.1333333333333,18.26,39.1966666666667,19.89,39.19333333333329
50,0,21.79,35.0,19.2,37.4,23.0,36.79
80,0,22.0333333333333,38.9333333333333,23.39,36.03,22.9633333333333,37.59
40,0,25.6,46.79,26.236,42.9,26.29,43.44
50,0,20.9266666666667,37.0,21.29,35.43,21.79,35.09
90,10,24.8809090909091,46.5398181818182,25.0486486486487,42.7483783783784,26.4101818181818,41.5109090909091
120,0,21.55,39.995,20.29,39.53,21.7,37.79
40,0,19.5333333333333,44.9333333333333,18.79,44.2,19.89,44.6266666666667
90,0,22.73,39.8633333333333,21.89,39.59,22.0714285714286,40.1685714285714
40,0,19.6,46.0,18.79,45.9,19.8233333333333,45.23
50,0,22.2,43.4,20.1,44.7,23.5,40.9
50,0,22.0,36.5257142857143,20.0857142857143,37.0928571428571,20.7257142857143,37.9
30,10,19.0,39.9333333333333,17.4633333333333,40.5,19.5,40.09
70,0,25.29,48.8266666666667,24.39,48.0,26.02,45.2
40,0,21.39,43.2,20.1,43.79,21.89,42.0
40,0,21.39,37.09,18.89,38.8266666666667,22.6,36.4
50,0,20.39,37.9,18.5571428571429,39.0257142857143,20.6,38.0
50,0,18.6,38.9666666666667,17.29,39.5,18.9266666666667,39.09
60,0,24.89,47.9,23.54,48.29,26.39,43.7257142857143
50,0,22.89,45.9,21.1,47.8266666666667,25.066666666666695,42.2
130,0,21.26,43.59,21.0,41.43,21.0,42.26
60,0,22.1333333333333,37.3633333333333,22.5,35.5,22.1,36.53
50,0,22.6,44.6266666666667,22.066666666666695,43.2966666666667,22.29,45.26
60,0,19.89,36.59,18.0,37.26,20.39,37.29
50,20,20.79,38.1566666666667,19.26,39.36,21.89,34.9
120,0,21.9633333333333,40.9,20.6,41.79,23.0333333333333,38.53
50,0,21.79,38.5,19.5,40.6333333333333,22.5,37.9
30,0,17.945,44.2,17.1333333333333,44.59,19.0,42.1266666666667
60,0,20.89,40.73,19.46,42.76,22.1,37.9
60,10,20.7,36.0,21.5333333333333,33.8333333333333,21.5,34.7
270,10,19.4475,43.97,18.1666666666667,39.6333333333333,19.89,39.4
50,0,22.1,44.9666666666667,21.79,43.59,21.9022222222222,44.4611111111111
50,0,22.6,38.79,20.066666666666695,41.7,22.1,37.59
190,30,25.0,40.1333333333333,27.6666666666667,33.06,26.29,37.7
100,0,21.1666666666667,37.5933333333333,20.3233333333333,35.4566666666667,20.6666666666667,38.6333333333333
50,0,19.6,38.4633333333333,17.0666666666667,41.09,20.7,37.19333333333329
60,0,23.6,35.4,20.29,38.4142857142857,24.2,36.5128571428571
40,10,20.79,38.29,18.5,39.8266666666667,21.0,40.1266666666667
40,10,19.29,44.7966666666667,18.79,44.0,19.5,44.0
90,0,21.5,44.995,19.79,43.5,21.89,38.5266666666667
110,30,23.39,40.1633333333333,21.0,42.6333333333333,24.7,37.9333333333333
110,30,21.7,41.03,21.066666666666695,39.99,22.5,38.7
100,0,22.23,38.9333333333333,23.8566666666667,35.1633333333333,23.1,37.7
50,0,21.89,41.79,19.6,45.2,24.1333333333333,39.9
80,0,22.1,42.4666666666667,20.29,44.29,23.76,38.1633333333333
100,0,20.9633333333333,39.1633333333333,18.6,41.24,20.3233333333333,37.79
130,0,20.89,35.7,17.89,39.245,21.0,35.2
70,0,24.7,33.4333333333333,25.2,30.5,24.2,36.0
30,0,21.2,38.26,18.5,41.45,23.2,36.29
30,0,21.4266666666667,37.79,19.5,38.59,20.6,38.59
20,0,23.26,28.996666666666705,24.9266666666667,24.0633333333333,23.0,32.06
50,0,20.6333333333333,35.03,19.7,34.73,20.1,35.3266666666667
50,0,21.29,35.76,18.4633333333333,38.06,22.1,35.9
40,0,21.566666666666695,42.59,20.6,42.7,21.4633333333333,43.59
70,20,19.79,47.4266666666667,19.1,45.03,20.1,45.29
410,0,24.3990909090909,53.9501818181818,23.2342342342342,53.87996996997,27.4798181818182,47.3890909090909
60,0,21.29,38.9333333333333,19.7,40.36,20.89,38.1266666666667
50,0,24.6,37.8633333333333,21.89,39.94285714285711,24.2,32.06
50,0,19.89,37.8,17.6333333333333,40.4266666666667,20.0,36.9
50,0,21.39,38.29,18.7,41.8266666666667,22.79,38.1633333333333
160,0,20.2,43.9233333333333,19.29,41.33333333333329,20.39,41.3266666666667
50,10,19.6,41.0266666666667,17.79,41.9633333333333,20.3233333333333,40.7
430,10,20.1333333333333,41.9,18.9266666666667,42.7966666666667,19.76,40.9966666666667
50,0,21.0,36.7,20.566666666666695,35.73,21.79,35.2
100,20,21.1,40.35,19.566666666666695,40.43,20.76,41.4333333333333
60,20,20.8566666666667,36.4,18.29,39.7,19.89,37.59
50,0,19.73,38.0,17.26,40.9666666666667,21.0,37.53
200,20,23.5,35.1633333333333,22.39,34.134,24.29,35.156
50,0,22.1,43.6633333333333,19.79,45.6633333333333,23.79,39.29
70,0,21.8233333333333,36.4,20.1,37.925,22.6,34.2
100,0,22.29,36.2,20.1,38.2,22.2,35.0
50,20,21.5333333333333,41.09,19.1,45.1266666666667,21.1,39.3266666666667
110,0,23.5,34.6566666666667,22.6571428571429,32.5514285714286,24.18,34.054
50,0,21.7,38.79,19.1,41.7,22.4266666666667,39.03
50,0,20.5,39.0,18.6,40.26,21.29,38.7
100,0,21.89,41.5,20.4633333333333,42.5,23.0,38.4
40,0,22.452857142857095,36.9857142857143,21.0,37.59,21.25625,37.6475
50,0,20.89,40.7,17.89,45.29,23.1,39.79
230,0,21.566666666666695,38.1333333333333,20.79,36.2233333333333,22.1333333333333,38.8633333333333
110,0,22.0,41.1633333333333,20.26,42.73,21.89,38.4333333333333
90,0,22.5,41.0,22.6,38.6266666666667,23.1,38.76
120,0,21.39,39.795,18.6,44.56,22.89,37.2
50,0,21.2,44.0,23.5333333333333,39.43,21.79,40.5
50,40,19.89,46.0666666666667,19.2,44.59,19.79,45.0
80,0,22.1,41.6266666666667,21.2,41.59,23.29,38.09
50,0,20.4633333333333,34.09,17.76,36.59,22.3233333333333,35.2
60,0,20.39,37.5,17.5,41.7666666666667,22.9266666666667,36.53
60,0,20.9633333333333,41.9,20.29,40.7233333333333,22.0333333333333,41.03
60,0,21.39,41.2,20.6,40.5,21.39,42.5
40,10,21.6,39.26,22.4633333333333,36.76,22.1,37.2
90,0,22.8566666666667,36.7966666666667,23.1,34.03,27.1333333333333,37.99
50,0,21.29,37.145,22.3333333333333,35.6966666666667,22.6,34.5
90,10,22.29,38.53,20.23,40.1566666666667,21.6333333333333,36.59
40,0,18.89,42.1633333333333,18.29,41.4,19.89,43.23
190,0,21.1666666666667,46.46,19.4266666666667,41.2966666666667,21.73,37.2
100,20,21.39,42.33,19.7,41.8266666666667,20.8566666666667,41.69333333333329
90,10,19.6,32.8333333333333,18.663333333333295,33.36,19.1,33.19
70,0,21.1666666666667,41.7,20.5,40.0,22.39,43.09
40,0,19.5,34.0,17.4633333333333,35.26,19.7,36.0
40,0,19.89,45.4,19.2,45.03,20.4266666666667,44.23
50,0,20.39,35.8,18.79,35.73,19.952857142857095,36.8842857142857
40,0,21.39,37.9,19.39,38.29,20.6,38.7
70,0,20.79,38.29,19.1,39.79,21.8233333333333,35.23
50,0,21.2,43.4633333333333,20.39,43.3633333333333,21.7,43.79
60,0,22.0,39.5,19.7225,42.0,22.0,38.29
280,10,23.3566666666667,44.0666666666667,22.79,42.09,24.566666666666695,47.8
50,0,24.2,47.1566666666667,23.79,46.1566666666667,25.6,42.59
140,0,22.3233333333333,46.4233333333333,22.315,43.4,24.9633333333333,42.39
60,0,24.79,38.59,22.1,40.9,24.6,33.0
50,0,21.1,35.59,17.89,38.29,21.5,35.03
80,0,23.39,42.9,23.542857142857095,40.8257142857143,24.29,38.9666666666667
50,20,20.1,35.7,17.7,37.545,20.7,35.9333333333333
40,10,21.39,44.56,20.79,43.8633333333333,20.2,45.6633333333333
120,0,19.0,38.8266666666667,17.6666666666667,39.6633333333333,18.7,38.6633333333333
40,0,20.89,44.2,20.29,43.4,20.39,43.56
30,0,20.29,37.5,17.29,40.5,20.1666666666667,38.06
40,0,24.1,47.7,22.4633333333333,49.3266666666667,25.39,42.6633333333333
50,0,19.76,37.79,17.5666666666667,40.0,20.1,37.0
310,30,20.8566666666667,47.4633333333333,20.4633333333333,46.0,20.5333333333333,45.59
60,10,21.7,46.53,20.7,45.9,22.29,44.53
50,0,21.1,40.29,20.3233333333333,39.2,21.2,42.7
80,0,20.5333333333333,42.53,19.1,43.4,21.2,41.26
80,20,22.2,41.79,21.26,41.5,21.6,43.29
60,20,21.6,44.29,19.79,46.4,23.1,41.7
370,0,20.5333333333333,41.23,19.0,40.36,21.5966666666667,39.1633333333333
90,0,21.3233333333333,38.9666666666667,23.3233333333333,33.1266666666667,22.39,35.2
30,0,17.79,42.8633333333333,17.1,42.5,18.4633333333333,43.59
120,10,22.39,39.79,20.7,41.8633333333333,22.2,38.29
50,0,21.89,38.59,22.0333333333333,36.23,22.29,36.79
60,0,23.29,41.2,20.89,43.79,24.566666666666695,39.5
50,0,22.6333333333333,37.3266666666667,20.79,38.53,23.39,37.56
50,20,22.0333333333333,44.53,20.79,44.4,21.89,44.06
120,20,23.5,38.23,22.478,36.254,24.5,35.5
50,20,21.39,42.59,20.79,41.6566666666667,23.0,42.9666666666667
110,0,22.89,43.29,21.2,44.29,24.29,38.9666666666667
120,0,20.6,42.3633333333333,19.9633333333333,40.6633333333333,21.0,40.5225
100,10,22.6,43.29,21.066666666666695,44.19333333333329,26.066666666666695,39.1966666666667
20,0,18.0,43.7,17.1666666666667,44.29,19.1,42.0
70,0,21.0,40.4975,20.76,40.4633333333333,22.1333333333333,38.03
60,0,22.6,39.0,20.29,39.845,24.8566666666667,36.26
20,0,19.76,46.0,18.9175,45.7,19.89,45.1633333333333
50,0,19.89,36.2,18.0333333333333,37.5,20.1,38.2385714285714
310,10,21.2,45.09,20.6,44.09,20.1,45.5
70,0,24.2,41.9,26.08,35.276,26.73,37.9333333333333
50,10,20.79,41.1333333333333,18.9266666666667,41.2233333333333,20.2,41.6633333333333
70,0,21.89,35.79,19.0,38.4,23.2,37.2
50,0,21.566666666666695,40.5,19.89,40.03,20.2,39.7
50,0,23.2,40.59,21.1,42.29,24.76,39.4
120,20,21.89,37.7666666666667,20.26,36.2233333333333,22.4633333333333,35.9666666666667
70,0,23.1,45.6633333333333,21.1,47.09,24.6,40.59
100,10,20.79,40.56,19.6,41.06,21.1,39.59
40,0,18.6666666666667,36.76,17.89,35.86,18.1333333333333,37.76
50,0,19.9633333333333,35.7,17.79,37.26,20.39,34.93
50,0,21.0,35.29,17.8566666666667,39.1633333333333,20.23,36.8266666666667
40,0,19.7,46.1266666666667,19.0,45.4,19.8566666666667,45.0
40,0,19.5,41.29,18.29,41.5,19.79,40.7
40,0,21.79,35.09,18.29,39.59,21.5333333333333,35.79
90,0,21.4266666666667,36.36,19.2,38.36,23.3566666666667,34.99
70,0,22.79,40.895,21.2,36.3633333333333,22.6,35.5
60,0,24.79,47.9,24.0,47.7,26.542857142857095,42.09
70,0,20.7,38.26,19.29,37.76,21.566666666666695,37.29
60,0,22.0,40.9,18.8566666666667,46.4666666666667,24.1,39.29
50,0,18.6,38.19333333333329,17.6,37.9333333333333,18.89,39.9
60,0,20.79,38.29,19.1,39.9,21.89,35.4
40,0,22.29,38.8633333333333,22.89,36.59,22.29,37.9666666666667
60,0,24.7,47.7,23.6666666666667,48.23,26.5,42.09
160,0,24.8233333333333,52.6566666666667,24.0,52.1233333333333,26.2,45.8266666666667
50,0,22.0,39.09,19.3566666666667,42.7,22.89,39.0
310,0,20.6,39.0666666666667,19.39,38.2233333333333,22.1,38.9266666666667
50,0,21.1,35.59,17.79,39.5,21.1,35.4
80,10,22.36,39.6333333333333,19.5,40.54,23.0,34.3666666666667
150,20,22.89,41.69,21.1,37.9666666666667,22.73,36.79
750,30,22.43,43.0,21.9266666666667,40.1333333333333,21.23,42.59666666666671
50,0,18.76,42.23,18.1,41.5,19.79,43.2
40,0,19.8233333333333,37.23,18.89,36.9,19.1,39.56
390,10,21.89,41.73,21.2,40.9333333333333,20.5,44.26
60,0,21.39,41.7,18.79,44.3633333333333,22.79,39.4
160,40,20.2,38.8633333333333,18.39,39.9333333333333,20.566666666666695,37.5666666666667
100,10,20.7,33.4333333333333,19.0,34.6333333333333,20.1,34.6633333333333
60,0,23.9633333333333,37.9,21.9633333333333,39.09,24.39,37.59
50,0,22.0,35.9,18.89,38.2,22.6,35.9
50,0,21.39,39.73,18.6,43.79,22.1333333333333,38.3266666666667
50,0,21.89,44.56,20.39,46.0,23.05,41.745
110,30,21.79,38.9633333333333,20.0,38.73,21.29,38.9666666666667
50,0,21.89,39.09,19.2,41.59,22.39,38.9
110,0,25.4266666666667,50.9,25.542857142857095,47.8371428571429,26.254,46.678
40,10,19.73,36.29,17.79,36.9666666666667,20.0857142857143,38.1242857142857
50,0,22.0333333333333,44.9633333333333,21.4266666666667,43.73,22.6666666666667,45.26
50,0,22.76,39.59,20.39,41.1266666666667,24.6,38.0
40,0,20.2,39.9,18.6,41.29,20.79,39.0
40,0,19.1,39.09,17.6666666666667,39.56,19.6,40.5
60,0,22.2,43.7,19.7,47.5,24.7,41.0
50,10,21.79,39.9,20.1,40.79,21.39,40.59
50,0,24.1844155844156,38.7848051948052,23.2424025974026,37.5207792207792,24.8961038961039,37.5019480519481
50,0,24.39,38.4,23.0,37.8633333333333,26.39,38.2225
50,0,22.39,41.7,20.3566666666667,44.1566666666667,23.5,40.0
40,10,19.79,36.0666666666667,18.0,37.4,20.89,35.9
70,0,25.2,48.4333333333333,23.8471428571429,48.4985714285714,26.29,45.09
70,0,21.39,40.595,22.595,38.9975,22.39,38.4
60,0,20.7,43.09,18.89,44.5,21.79,42.7
40,0,19.89,45.29,19.29,44.845,20.39,44.2
60,0,22.89,36.3633333333333,21.6,36.4,22.89,37.6266666666667
70,0,22.7,36.6333333333333,19.9633333333333,38.09,23.6,34.03
130,0,21.2225,43.3425,21.23,41.79,22.1,38.9666666666667
90,0,20.1,38.6566666666667,18.2,40.0666666666667,20.5,38.5
20,0,19.5,37.59,17.29,39.7233333333333,20.29,35.8266666666667
60,0,20.5333333333333,39.5266666666667,19.3566666666667,38.3633333333333,22.0333333333333,39.26
80,0,21.39,33.73,20.0,34.0,20.1,35.59
70,10,21.89,39.4,20.9633333333333,38.79,20.89,41.3633333333333
90,20,21.566666666666695,37.36,19.29,36.8,23.0,34.79
80,0,21.4633333333333,45.8633333333333,20.6,44.5666666666667,21.5,44.2
40,0,22.5,35.06,19.3566666666667,38.2,21.5,35.5
70,0,21.29,37.3,18.2,40.8,22.2,37.4
50,0,21.79,42.2,19.1,45.7,23.5,39.09
110,0,21.9633333333333,41.7,20.76,42.5,23.1,38.4
50,0,22.2,41.09,21.6,40.4,21.0,42.5
30,0,20.1,35.66,16.5,40.16666666666671,20.3566666666667,37.0
60,0,20.79,37.09,21.2633333333333,36.4233333333333,21.89,35.09
200,0,20.6,38.6633333333333,21.96,36.43,23.0,35.26
80,0,21.5,40.5,19.1,44.2,22.5,38.29
90,30,20.7,39.69333333333329,18.3566666666667,41.2666666666667,20.2,37.9333333333333
30,0,20.5,42.245,19.6,41.79,20.9266666666667,44.29
110,10,19.445,36.79,17.0,40.1633333333333,19.79,36.59
90,10,22.29,43.9333333333333,21.89,42.8633333333333,22.7,41.4
50,0,21.29,38.56,17.7,43.9,22.29,37.0
70,20,21.4266666666667,41.6266666666667,21.73,40.99,22.79,38.29
270,0,22.89,36.6633333333333,22.7,34.4666666666667,27.29,38.5
70,0,21.39,43.5666666666667,20.7,42.56,22.5,41.9666666666667
20,0,20.683333333333305,37.2933333333333,18.7,38.98285714285711,20.89,38.5257142857143
230,0,20.1,34.9666666666667,18.79,35.5,19.79,35.7
60,0,20.0,37.09,18.39,37.06,20.39,35.79
50,0,22.39,33.8633333333333,20.6,34.0666666666667,23.1,36.0
80,0,22.39,40.2,20.89,41.23,21.5,40.7
70,0,20.89,42.9333333333333,20.2,40.26,21.6666666666667,40.9666666666667
80,0,23.4266666666667,38.79,20.7,42.03,24.7,37.26
50,0,19.7,36.3175,17.5,38.79,20.29,36.06
270,10,20.365,39.35,19.29,38.1633333333333,21.6333333333333,39.6266666666667
70,0,20.6,38.1566666666667,19.6333333333333,38.1333333333333,21.39,36.6633333333333
50,0,24.566666666666695,38.9333333333333,22.89,39.26,25.7,38.7
60,0,22.29,38.745,23.39,35.2,22.566666666666695,38.7
60,0,21.79,40.9,19.4266666666667,43.0,23.0,39.0
50,0,19.89,37.4,17.2,40.7,20.89,38.06
60,0,22.29,35.53,19.5,37.95,23.23,37.1266666666667
60,0,21.73,36.2,19.29,37.7,22.0,35.79
70,10,23.39,39.5,20.5333333333333,43.03,23.79,37.59
60,0,22.066666666666695,39.56,25.865,32.62,23.2,37.59
50,0,19.89,35.8333333333333,18.1333333333333,36.83333333333329,20.29,34.8633333333333
20,0,19.0,37.5,18.0,37.4,19.2,40.09
100,0,25.5,49.1266666666667,24.736,47.42,26.2,45.5
690,10,22.5333333333333,45.0266666666667,22.066666666666695,39.79,22.39,41.93
120,0,24.1,36.55,28.6,28.754,25.0,36.9666666666667
130,0,20.29,39.2,20.23,38.0,20.566666666666695,38.5
50,0,22.566666666666695,42.29,21.79,41.09,23.1,42.73
50,0,20.7,35.0,18.79,35.7,20.73,36.4
300,20,21.0,38.0266666666667,19.76,37.0266666666667,23.3233333333333,38.09
100,0,22.6666666666667,38.9666666666667,21.1666666666667,39.59,22.6666666666667,37.76
100,0,23.7,43.26333333333329,22.6,39.89,24.0,40.1266666666667
260,0,21.5,40.1,19.9266666666667,38.33333333333329,22.8233333333333,38.9666666666667
70,0,19.4633333333333,39.89,18.7,36.7,20.066666666666695,35.6333333333333
70,20,22.0,38.4,20.7,38.73,21.73,37.29
60,0,21.5,38.2,18.89,41.7,22.7,38.2
50,0,21.79,36.76,19.0,39.79,21.79,36.5
60,0,20.6,35.59,17.1,40.2,21.1666666666667,34.3633333333333
110,0,22.1666666666667,36.0,19.89,37.1266666666667,22.5,33.79
70,0,21.4633333333333,41.36,19.76,40.83,21.79,36.3266666666667
120,0,24.4649350649351,37.1983116883117,23.6491558441558,34.7467532467532,24.8462337662338,36.5668831168831
50,0,24.0,30.5333333333333,24.3233333333333,27.2633333333333,23.39,33.53
210,0,22.23,45.2933333333333,21.53,41.6566666666667,22.4633333333333,41.4
130,0,20.2,37.1566666666667,20.6,35.5266666666667,20.0333333333333,36.23
50,0,19.76,32.9666666666667,18.7,33.23,19.3233333333333,32.8266666666667
80,0,21.0333333333333,40.3633333333333,19.566666666666695,39.6566666666667,22.7,41.4966666666667
50,0,21.0,33.5,18.9633333333333,33.9333333333333,22.7,34.9
120,10,17.0,44.1633333333333,16.2,44.245,17.39,42.09
50,0,22.39,37.7,19.29,42.0,23.39,38.8633333333333
70,0,20.3566666666667,43.7,20.0,43.06,20.0,43.9
60,0,20.89,36.2666666666667,17.6333333333333,40.2333333333333,22.5333333333333,35.1266666666667
50,0,21.6,36.9,18.79,40.06,21.7,36.59
140,20,22.7,36.8266666666667,21.0,38.03,22.2,36.2
50,0,22.2,39.29,23.1,36.59,22.2,37.9
90,0,22.1666666666667,35.4333333333333,20.1333333333333,36.4,21.7,34.53
20,0,20.29,44.5,19.6333333333333,43.8266666666667,19.89,43.7
60,20,23.1333333333333,42.29,22.5,41.245,23.566666666666695,42.9
560,0,21.0,38.9,19.29,40.2,21.7,37.2
50,0,22.79,42.86,20.6333333333333,45.0,24.0,39.3266666666667
50,0,19.5,37.2,17.79,38.7,20.8614285714286,37.0642857142857
60,0,23.89,29.7266666666667,24.39,26.3266666666667,23.29,33.26
40,0,19.39,40.29,18.1,40.4,19.1,39.5
60,0,22.79,39.9,20.2,42.9666666666667,23.29,39.59
50,0,22.39,39.4,21.5,38.53,22.6333333333333,38.36
40,0,18.39,38.79,17.5,38.79,18.5,39.29
60,0,23.39,44.9,22.0,44.834,24.6,41.5
50,0,22.29,45.0,21.6,43.56,22.6,45.23
70,0,21.73,37.7,23.1,34.5966666666667,22.7225,35.7225
60,0,22.29,39.59,21.7,38.4666666666667,22.6,38.4
120,0,22.1,43.73,20.1,45.9,23.6,40.0
330,0,20.79,38.03,19.39,37.79,21.5,36.9
60,0,23.2,46.8266666666667,23.39,43.9814285714286,24.5333333333333,41.8633333333333
40,0,18.79,46.5,18.0,46.5,19.7,45.0
60,0,21.89,44.5,20.5,45.9,23.0,41.7
210,0,23.7,39.69333333333329,27.39,32.618,25.1666666666667,37.43
60,10,23.79,41.5,22.736,40.478,24.5,38.5
120,0,23.0,35.0,23.1,32.8266666666667,23.1,35.5
60,0,20.8233333333333,41.9333333333333,19.9175,41.7,20.79,44.59
110,0,24.79,37.9666666666667,24.6666666666667,34.5266666666667,24.6,36.79
300,0,22.3566666666667,43.53,21.89,40.26,24.066666666666695,42.5666666666667
20,0,19.89,45.4,19.2,45.0,20.5,44.29
50,10,22.0,41.1266666666667,19.1,45.1266666666667,23.7,38.3266666666667
60,0,21.89,39.09,20.23,40.4,22.89,37.76
110,20,21.7,41.9,21.2,40.59,22.6,39.23
120,30,21.79,44.4333333333333,20.7,43.4666666666667,23.3961111111111,45.7705555555556
50,0,20.1,40.2,19.0,38.29,20.29,37.4
90,0,22.5,39.0933333333333,22.29,35.79,25.566666666666695,36.33333333333329
50,0,22.4633333333333,41.5266666666667,20.0,44.7,23.9633333333333,39.4666666666667
50,0,21.29,35.29,18.3566666666667,38.3266666666667,20.39,36.9
60,0,20.0,36.9666666666667,18.4633333333333,37.06,20.39,35.79
30,0,21.55,42.29,20.8566666666667,41.4666666666667,20.29,44.2
70,0,25.6333333333333,46.8266666666667,26.456,41.834,26.2,44.054
120,10,21.1,36.9666666666667,19.5333333333333,37.03,20.7,37.59
120,0,21.5,41.19333333333329,19.245,44.295,21.1,38.9
280,10,22.4266666666667,42.5633333333333,22.36,40.36,25.6666666666667,42.86
80,10,20.7,35.29,20.4,36.0666666666667,21.43,34.6
60,0,22.8233333333333,38.03,19.9633333333333,41.03,23.2,38.59
50,0,20.5,36.29,16.89,41.59,20.39,37.2
170,0,23.175,34.82,21.3566666666667,34.5266666666667,22.79,35.0
140,10,23.1,38.59,22.5,36.7,23.1,36.79
30,0,21.7,40.09,18.8233333333333,44.23,22.7,38.6266666666667
70,0,20.89,42.5,19.066666666666695,45.1633333333333,21.6,39.1633333333333
50,0,22.3233333333333,38.9333333333333,21.0333333333333,39.1266666666667,22.6666666666667,38.2233333333333
340,0,19.9266666666667,37.26,18.1,37.9,21.3933333333333,38.9666666666667
60,0,22.79,39.79,20.1666666666667,43.0,23.29,39.59
190,0,23.29,38.25,22.6,36.4266666666667,24.2,39.9175
70,10,21.2,39.73,18.89,43.09,22.0,38.0
150,20,24.7,37.93,24.1,36.2,24.6,36.9
60,0,21.6666666666667,38.9333333333333,21.29,37.6627777777778,20.5333333333333,40.29
60,0,24.2,39.7,22.4725,41.0675,25.76,39.0
110,10,20.76,35.23,19.7,33.6333333333333,19.89,35.0
70,0,21.6,35.2,18.5,38.5,22.566666666666695,34.5
50,0,22.0,41.2,19.29,44.5,24.4266666666667,39.8266666666667
100,0,22.89,43.1633333333333,21.0,44.73,24.1666666666667,39.2
210,20,21.39,38.36,19.4266666666667,40.1266666666667,21.7,37.2
100,0,21.8566666666667,39.4,21.29,37.9666666666667,22.0,41.7666666666667
60,0,21.26,41.2,18.2,45.4,23.6,39.5
30,0,21.6,36.03,18.8566666666667,38.8633333333333,20.2,36.5
60,0,19.3566666666667,38.79,18.675,38.2,18.6,39.7
90,0,19.29,40.6633333333333,18.7,39.7,19.29,42.09
80,0,20.26,44.1966666666667,19.29,41.73,20.5,41.4666666666667
50,0,25.5,39.5,23.79,40.1633333333333,25.812,34.054
60,0,22.26,43.4666666666667,20.2,44.53,23.39,40.79
50,0,24.2,41.6633333333333,25.4214285714286,36.09,26.26,37.29
20,0,18.1,43.4,17.1,44.2,19.1666666666667,42.09
100,0,23.73,40.1633333333333,22.87,38.754,24.29,37.9666666666667
100,10,20.23,42.1633333333333,18.39,42.9333333333333,21.29,39.23
20,0,18.79,43.7,17.89,44.1633333333333,19.6,43.1633333333333
60,0,21.9633333333333,43.1633333333333,19.7,45.23,23.1333333333333,39.59
50,0,23.2,38.2,20.566666666666695,40.5,23.2,38.59
370,0,21.29,38.1633333333333,18.2,42.59,22.1,36.9
110,10,21.1,42.59,20.6,41.5,20.5,41.73
50,0,24.89,48.7666666666667,27.4057142857143,40.7928571428571,25.79,45.5257142857143
90,0,22.066666666666695,41.8633333333333,21.5,41.2,20.6,44.09
40,0,17.8233333333333,40.4633333333333,16.79,41.09,18.1,39.9666666666667
430,30,20.2,40.9,18.39,41.4666666666667,21.066666666666695,40.09
60,0,21.0,37.59,18.5,40.2,22.6,36.79
50,0,23.2,37.2,23.73,33.4666666666667,23.23,37.53
60,0,24.2,44.7,21.7,46.79,25.89,42.2
60,0,24.2,40.29,21.8566666666667,41.9,25.39,39.5
40,30,21.39,42.5,19.7,42.9333333333333,21.1666666666667,41.29
60,0,20.89,40.7666666666667,18.39,44.5,21.79,38.1266666666667
50,0,23.4633333333333,38.26,24.6333333333333,33.9333333333333,25.0,38.2
50,0,19.4633333333333,37.6633333333333,17.29,40.0,20.1,37.3633333333333
20,0,21.89,39.7,25.066666666666695,34.6233333333333,23.29,37.53
50,0,22.29,42.0,20.1333333333333,44.76,23.6,40.0
90,0,22.2,39.0,23.79,35.26,23.075,37.6725
60,20,22.0333333333333,38.1266666666667,19.79,40.4333333333333,21.6666666666667,36.76
90,0,21.6,39.29,20.39,39.4,21.2,39.5
40,0,21.5,42.59,20.89,41.59,23.1,43.09
50,0,20.0,39.45,18.6666666666667,37.79,20.2,37.29
80,0,22.29,36.39,20.89,37.0,22.7,36.0
50,0,21.29,46.2666666666667,20.4633333333333,45.2,21.9877777777778,44.2127777777778
40,0,19.89,38.09,17.4266666666667,40.9333333333333,21.0,37.29
70,0,25.29,47.8633333333333,27.0714285714286,41.2,26.0,44.79
50,0,24.1,47.79,21.79,50.79,25.5,42.7
50,0,21.6333333333333,36.4333333333333,25.1,30.6333333333333,22.6,35.09
50,0,21.76,43.53,23.79,38.09,22.1,40.7
70,20,20.566666666666695,37.59,20.566666666666695,35.7,20.1666666666667,37.0
60,0,23.6,35.0,22.0,35.1633333333333,23.6,35.56
50,0,23.29,34.3266666666667,21.4633333333333,34.59,23.29,35.9666666666667
50,0,24.2,47.6633333333333,21.89,50.09,26.29,44.59
60,0,20.39,35.2233333333333,19.2,34.6633333333333,20.06,37.96
100,0,24.4266666666667,36.39,24.6271428571429,34.4971428571429,24.6,33.59
50,0,19.89,44.26,19.3233333333333,43.6633333333333,20.2,44.26
60,0,19.73,36.5,17.79,37.56,20.5,37.545
50,0,21.76,42.4,19.3233333333333,43.9,22.73,39.56
50,0,24.8566666666667,47.4666666666667,24.5875,46.4125,26.1,43.4
50,0,24.1,47.59,21.7,49.9,26.29,44.5
110,0,19.9633333333333,45.8633333333333,19.29,44.6566666666667,19.6333333333333,44.1266666666667
50,0,19.79,37.0,16.6666666666667,41.1633333333333,20.39,38.0
100,20,23.4633333333333,41.33333333333329,24.0966666666667,37.8633333333333,24.89,38.4
90,20,20.29,37.6333333333333,18.89,36.7,19.9685714285714,37.1528571428571
100,0,21.7,33.4266666666667,19.9842857142857,32.3271428571429,20.84,35.995
50,0,23.39,40.06,22.4633333333333,39.6633333333333,21.5,43.06
50,0,20.5,37.6266666666667,17.5666666666667,40.59,20.1,38.09
50,10,24.0,47.76,21.6666666666667,50.7,25.7,43.0
360,20,23.5,35.06,22.5857142857143,33.6128571428571,24.29,35.018
50,0,24.1,47.8266666666667,21.79,50.79,25.39,42.79
50,0,21.5,39.4333333333333,17.9175,44.745,23.5,38.2
290,20,23.2,41.2266666666667,22.0111111111111,39.0872222222222,22.4266666666667,45.7
90,0,21.6,39.4666666666667,21.0,38.4333333333333,22.5,38.4
50,0,24.4266666666667,38.1566666666667,23.29,37.3633333333333,24.6333333333333,37.53
50,0,20.6,43.9,19.8566666666667,43.4666666666667,20.6,44.3633333333333
50,0,22.5,41.4333333333333,22.8566666666667,38.2,23.29,39.2
80,0,17.6,36.3633333333333,16.5,36.7,18.0,37.53
90,20,22.79,44.83333333333329,21.89,40.9566666666667,22.0,43.4666666666667
60,0,22.8233333333333,36.23,21.3566666666667,36.4,22.89,37.56
50,0,21.7,37.4666666666667,20.0,36.8266666666667,20.76,38.4
60,0,21.79,38.7,19.0,42.4333333333333,22.39,38.1266666666667
140,20,22.6333333333333,37.09,20.89,38.2,22.2,36.09
280,20,21.29,43.73,20.5,42.1633333333333,23.96,43.33
50,0,18.9633333333333,36.9,18.1666666666667,35.6266666666667,18.23,37.73
70,0,22.79,37.2,20.6,38.86,23.89,36.9666666666667
240,10,21.7,46.59,20.2633333333333,48.2966666666667,23.73,43.4
60,0,21.7,36.9,18.89,40.0,21.7,36.59
20,0,19.29,40.1266666666667,18.1,40.53,19.1,39.59
20,0,20.29,35.03,16.79,39.9,20.39,37.09
60,0,25.0,48.0,23.0285714285714,49.5257142857143,26.7,44.09
80,0,21.6,38.645,19.5,40.3633333333333,23.39,36.06
100,0,21.5,39.6633333333333,20.3566666666667,39.6266666666667,21.1,39.29
50,0,21.79,36.29,19.79,36.9,20.79,37.9
130,10,22.3233333333333,43.09,21.0333333333333,42.2,21.9205555555556,44.515
50,0,23.23,41.59,25.0,36.23,24.39,38.7
580,0,21.6,34.6266666666667,19.5,33.76,22.575,34.8725
20,0,21.1,43.9,20.26,43.59,21.7,44.0
90,0,22.7,36.1633333333333,23.39,32.3633333333333,22.89,35.6633333333333
100,0,23.1,38.8633333333333,21.3233333333333,38.29,25.4633333333333,35.23
90,0,20.9633333333333,39.7333333333333,23.9266666666667,34.4,22.39,34.5
50,0,23.76,34.7,22.29,34.4333333333333,23.6,35.4333333333333
50,0,20.0,35.6266666666667,17.7,37.4666666666667,20.6,35.5
40,0,18.8566666666667,40.29,17.76,40.53,19.0,39.8266666666667
50,0,21.6,42.5,21.0,41.4,23.1,43.0
600,20,24.89,48.1333333333333,28.9175,37.9475,27.1,42.44
50,0,22.6,35.2,20.1666666666667,36.9333333333333,23.1,36.6175
30,0,18.7,37.76,17.7,37.7,19.1,40.3266666666667
30,0,19.5,46.09,18.7,46.09,19.89,45.29
50,0,19.76,35.4,18.9266666666667,34.9666666666667,20.1,35.6266666666667
170,0,19.6,36.8633333333333,18.3233333333333,36.5266666666667,19.7,36.7514285714286
220,0,21.4633333333333,39.4666666666667,19.9633333333333,38.1333333333333,23.1333333333333,38.49
60,0,22.0,39.09,19.39,41.59,22.39,38.9
110,10,20.9633333333333,43.86,19.1333333333333,43.2233333333333,20.6,42.0666666666667
80,0,25.5,50.9666666666667,25.5285714285714,48.3242857142857,26.2,46.634
50,0,21.0,35.4,18.0,38.26,22.0,35.9
60,20,21.6,44.2,21.0,43.7,20.5,45.59
60,0,21.29,35.79,18.29,37.79,21.29,34.79
50,0,22.0,34.1633333333333,20.066666666666695,35.1266666666667,20.6666666666667,36.2
580,0,23.6333333333333,47.2266666666667,24.814,43.472,26.1666666666667,40.5
380,0,22.89,46.36,21.29,46.93,24.5966666666667,40.63
60,0,22.89,45.9,21.2,47.79,25.0,42.26
70,0,22.0,36.2,24.7,30.29,22.6,35.2
70,10,20.0,34.2666666666667,18.39,35.3633333333333,19.96,34.83
20,0,21.39,42.29,20.6,41.76,22.4816666666667,43.6544444444444
590,20,21.29,36.6333333333333,19.39,35.3633333333333,23.566666666666695,34.5266666666667
60,10,21.5,39.49,24.29,33.2666666666667,22.1,37.23
70,10,22.1,42.4666666666667,20.245,44.2725,23.8233333333333,38.2
60,0,20.89,36.0266666666667,20.29,34.76,21.39,35.1633333333333
30,0,19.5,42.1333333333333,18.9633333333333,41.0666666666667,21.066666666666695,44.99
40,10,19.23,41.23,17.7,43.0,20.39,38.4
50,0,23.39,41.29,21.0,43.7,24.5,39.5
350,0,22.5,42.5266666666667,21.2,41.1266666666667,22.79,38.36
110,0,21.4266666666667,36.03,19.6,37.56,22.1,34.4
50,0,19.23,38.0,17.5,39.79,20.5,37.5
230,20,20.0,40.1633333333333,18.39,40.9,20.6,38.7
300,0,22.39,45.8,21.29,43.645,25.2,39.8266666666667
50,0,24.2,34.4666666666667,21.5,35.7257142857143,24.0,34.79
100,0,22.1666666666667,38.4333333333333,20.6,38.4,21.5,38.8633333333333
100,0,21.5333333333333,42.4,21.125,40.72,20.566666666666695,41.8633333333333
40,0,20.29,36.56,18.39,37.59,21.4214285714286,36.0
60,0,21.4633333333333,41.9666666666667,19.0,45.2,23.066666666666695,39.76
90,0,19.79,35.5666666666667,18.1,35.7233333333333,20.1,35.79
210,0,21.5,41.0,19.8233333333333,43.66,22.39,38.2
140,20,22.7,36.83,20.23,37.29,23.5,35.59
120,0,24.0,40.8666666666667,28.5571428571429,29.297142857142905,25.0,37.0
60,0,21.7,35.0,19.4266666666667,35.4333333333333,20.39,37.0
70,0,24.39,46.59,24.29,44.7233333333333,25.7,42.5
50,0,23.4633333333333,37.76,21.68,39.036,24.7,38.29
50,0,21.89,41.79,23.3266666666667,39.2266666666667,23.1,38.53
50,0,21.8566666666667,42.76,19.1,46.4,23.0,39.7
230,40,21.0,44.8266666666667,19.566666666666695,45.4666666666667,21.4633333333333,42.4666666666667
60,10,20.79,37.7,18.89,39.8266666666667,22.0,34.6633333333333
80,0,22.1,36.1266666666667,20.0,37.23,22.0,35.4
130,10,20.8566666666667,34.46,20.2,33.5666666666667,20.29,34.3633333333333
70,0,24.8233333333333,49.73,22.89,50.59,25.89,44.73
50,0,25.2,48.4666666666667,23.39,49.79,26.6,44.5
100,0,22.2,36.8633333333333,20.39,37.6266666666667,22.066666666666695,35.53
370,40,21.2,46.0666666666667,20.79,44.8266666666667,20.73,45.36
240,0,24.6666666666667,46.9966666666667,24.29,43.6333333333333,25.79,42.0
50,20,20.5333333333333,38.29,18.0,40.79,20.9633333333333,37.0
90,0,22.2,39.09,23.79,35.1633333333333,23.1,37.7
80,0,21.2,36.5,18.1,40.4,22.2,34.9333333333333
40,0,19.5,46.23,18.7,46.1266666666667,19.8566666666667,45.2
30,0,20.2,35.5,17.7,37.8633333333333,20.89,36.09
50,0,23.2,41.7,21.0285714285714,44.3528571428571,24.39,38.5
70,30,23.0,43.0,21.2,44.7228571428571,24.4633333333333,39.4
50,0,22.89,39.29,20.89,39.1266666666667,25.0,35.79
80,0,20.7,33.73,19.0333333333333,34.0666666666667,20.1,35.178
80,0,18.5,38.7,17.39,38.4666666666667,18.76,39.0666666666667
30,0,21.39,48.3666666666667,20.5,44.06,21.79,44.00875
30,0,21.5,38.5,17.89,43.0,22.39,37.1266666666667
50,10,21.89,44.3266666666667,20.6,44.29,22.0,44.0
50,0,21.815,47.425,21.3566666666667,45.26,22.39,45.5
60,0,21.7,37.3633333333333,18.0,42.9333333333333,23.2,37.7
100,0,21.39,37.0,19.2,39.03,23.7,35.9
100,20,23.2,46.5,22.73,43.6633333333333,22.6,44.9822222222222
70,0,21.5,36.1942857142857,20.0,36.4,20.5,37.3175
440,0,22.7933333333333,37.6,21.5,34.33,22.7,34.9
50,0,21.6,40.06,21.066666666666695,39.09,21.39,41.53
30,0,21.2,43.4,20.566666666666695,42.7,20.6,44.29
50,0,20.89,35.6266666666667,17.89,39.2,21.0,35.1266666666667
150,10,22.2266666666667,44.6966666666667,22.0,41.03,23.066666666666695,38.76
80,0,23.39,39.2666666666667,24.23,35.7566666666667,24.9266666666667,38.26
320,20,21.0,44.43,20.3233333333333,41.9,21.6,44.585
60,10,20.79,44.29,20.2,42.56,22.0,45.93
70,0,25.1,39.03,24.6333333333333,37.5,25.39,37.23
50,0,22.1666666666667,41.5,19.6,44.23,24.29,39.59
300,0,23.2,48.7966666666667,22.066666666666695,46.7233333333333,24.3266666666667,44.33333333333329
80,20,21.1,44.66666666666671,19.39,42.3266666666667,20.625,41.6175
50,0,21.89,36.4,24.8233333333333,30.23,22.6,35.2
30,0,21.29,37.1266666666667,18.39,40.1266666666667,21.5,36.59
80,30,19.6,38.73,18.39,39.93,19.79,37.5
70,10,19.73,41.33333333333329,18.1333333333333,39.19333333333329,20.29,37.2
90,0,23.6,41.1333333333333,22.54,40.358,24.29,38.4666666666667
110,0,21.23,39.99,19.7,39.3175,22.2,40.0
200,0,22.39,41.1333333333333,20.2,43.79,24.5,39.0666666666667
80,0,22.5,32.1933333333333,25.5,25.3933333333333,22.5333333333333,32.3266666666667
50,0,23.6,37.7,21.5,39.2,24.7,38.29
110,0,24.2,33.56,23.7,30.566666666666695,23.6,34.3266666666667
60,0,19.0,38.7,18.2,38.29,18.7,40.0
50,0,21.6,37.5,20.0,36.9,20.7,38.5
40,0,21.23,36.59,19.89,36.76,20.7,36.9333333333333
70,0,24.79,47.1633333333333,23.854,48.22,26.0571428571429,43.4
40,0,19.79,43.79,19.15,43.345,20.0,44.7
70,0,21.89,39.9666666666667,20.39,40.23,24.066666666666695,36.8633333333333
20,0,19.7,46.2,19.1,45.4,19.9633333333333,45.0
470,0,20.1,37.5666666666667,18.3233333333333,39.5,21.9933333333333,35.1
60,0,20.1333333333333,37.1633333333333,18.1,39.59,21.9266666666667,34.1633333333333
40,0,20.5,44.26,19.79,43.7,20.0,43.3266666666667
50,0,19.79,44.1633333333333,19.1666666666667,43.9333333333333,20.1,44.2
40,0,20.29,38.49,18.2,39.83333333333329,20.7,39.6633333333333
50,0,18.89,44.2,18.29,44.0,19.89,45.09
20,0,19.79,37.2,19.0,36.73,18.6,38.23
100,0,21.9266666666667,35.93,20.025,36.4,21.625,34.7225
20,0,19.1,42.09,18.5,41.29,19.29,43.1266666666667
90,0,24.7,52.1633333333333,24.1,51.23,26.39,45.59
50,0,23.89,35.06,20.9685714285714,37.0257142857143,24.1285714285714,35.3214285714286
60,10,22.7,41.345,20.89,42.7,23.39,39.73
50,0,21.29,39.5,18.7,43.0,22.39,39.0
50,0,20.5,38.1633333333333,18.6,38.91666666666671,20.6,37.9
100,0,22.0,47.0933333333333,22.26,43.1233333333333,23.1,38.9
80,0,23.0,40.9566666666667,20.39,43.9,24.3566666666667,39.1333333333333
40,0,19.89,35.73,18.0,36.9666666666667,20.29,34.7
50,0,22.89,41.53,20.1333333333333,45.2,24.6,38.7
110,0,23.1,38.96,20.8233333333333,38.6333333333333,23.6666666666667,33.79
140,10,21.4633333333333,40.6633333333333,18.79,44.9666666666667,22.39,37.79
50,0,19.23,46.8266666666667,18.5,46.7,19.79,45.29
40,0,19.7,45.09,18.89,44.59,20.39,44.0
120,0,20.79,40.93,17.79,44.7,23.0,39.4333333333333
80,0,21.29,42.26,21.26,39.1333333333333,22.1,37.8266666666667
100,0,22.1,35.9333333333333,19.89,37.2,22.5,33.8633333333333
60,0,21.5,37.4333333333333,18.39,41.6266666666667,22.2,37.0
50,0,22.0,41.5,20.79,42.09,23.39,38.29
40,0,22.79,39.4666666666667,21.0,40.93,22.1666666666667,38.4
60,0,23.1,38.2,22.89,36.29,22.73,38.1633333333333
70,0,20.7,33.76,19.1,34.06,20.1,35.2
50,0,22.29,41.79,19.89,44.1633333333333,24.566666666666695,40.0
50,30,23.1666666666667,45.09,22.23,44.09,23.29,45.1633333333333
110,0,22.8233333333333,38.36,21.79,35.8633333333333,24.4633333333333,34.76
40,0,20.0333333333333,45.23,19.2,44.8633333333333,20.5,44.4
70,20,21.9633333333333,44.6266666666667,21.39,42.79,21.60625,45.40625
560,0,21.1666666666667,33.8333333333333,19.9266666666667,31.5333333333333,22.2933333333333,36.8
100,10,22.89,46.4,21.89,45.4666666666667,21.89,46.79
180,20,18.5333333333333,43.4,18.025,42.1175,19.29,42.4
60,0,21.0,41.0,18.2,45.1266666666667,23.1,39.9
680,0,20.29,39.33333333333329,19.6,38.36,20.5333333333333,40.3266666666667
120,0,21.6666666666667,42.59,21.15,41.1,24.3566666666667,42.4666666666667
280,10,20.6666666666667,40.2666666666667,19.6,40.0266666666667,21.26,45.3966666666667
70,10,23.8233333333333,34.59,22.5,33.9666666666667,23.6,35.29
30,0,21.0,39.09,18.5,43.1266666666667,21.8233333333333,37.4333333333333
20,0,20.1,45.1633333333333,19.29,44.59,20.5,44.23
50,0,21.0,39.3266666666667,18.6333333333333,43.0,21.79,37.4
80,0,21.79,38.53,19.79,41.36,22.79,37.2
60,0,22.1,41.5,21.2,40.59,21.5,42.59
270,0,20.9266666666667,40.3633333333333,19.5,38.6266666666667,22.26,39.4666666666667
120,10,19.0,38.9666666666667,17.6,39.7233333333333,18.73,38.7
590,20,21.1,43.8266666666667,20.6,41.7,21.8566666666667,47.73
100,20,23.2,45.1,22.6333333333333,43.1266666666667,22.5,44.6022222222222
120,0,21.6,42.6633333333333,21.066666666666695,41.29,24.5333333333333,42.7666666666667
70,30,21.73,38.29,20.1,38.9333333333333,20.9633333333333,38.4
450,10,23.3233333333333,49.7566666666667,22.29,46.2333333333333,26.6333333333333,40.73
70,0,22.2,42.53,21.6333333333333,41.5666666666667,21.1,44.4633333333333
20,0,18.89,44.79,18.2,44.7,20.0,45.0
60,10,19.5,39.59666666666671,16.7,42.83333333333329,20.0,37.09
110,10,24.6814285714286,47.06571428571431,25.1,42.7142857142857,26.3709523809524,41.8619047619048
220,10,22.0,38.6566666666667,21.1,37.6266666666667,22.5,37.4
60,0,21.3566666666667,35.9,18.39,38.8266666666667,20.0,36.23
120,0,22.8233333333333,36.53,22.6,34.56,27.4633333333333,38.19333333333329
110,30,23.0,44.2,22.39,42.59,22.39,44.3877777777778
50,0,23.0,36.09,20.7,37.9,23.89,37.2
60,0,21.29,37.2,18.3233333333333,40.7,22.2,37.4
100,0,21.1,39.29,21.26,36.7,21.8233333333333,38.59666666666671
40,0,20.1,37.2,17.0666666666667,40.5,20.1,37.9
70,30,20.8566666666667,53.66,20.2,47.05666666666671,20.2,48.4475
90,0,21.5333333333333,45.33333333333329,21.066666666666695,43.0266666666667,22.29,40.0225
140,0,26.0,39.0266666666667,25.1,37.3633333333333,27.6,33.67
160,10,19.89,37.9,19.6,37.2,19.0,39.53
40,0,21.89,44.53,20.39,46.1266666666667,23.0,41.7
70,0,21.89,39.4666666666667,21.0,38.79,21.0,41.29
30,0,19.2,40.9333333333333,18.5,40.0,19.29,42.5
50,0,21.89,39.09,20.43,40.3266666666667,22.89,37.7
50,0,21.5,44.0,20.1,44.7,22.1,44.0
40,0,23.1,38.2,20.3233333333333,40.7,23.1666666666667,38.59
30,0,22.0,45.26,21.7,43.79,22.0,44.59
30,0,23.2,46.9666666666667,23.39,44.156,24.6,41.8633333333333
40,0,19.0,41.2,18.39,40.4,19.26,42.7
40,0,20.5,35.09,18.5333333333333,35.79,20.79,36.53
50,0,21.79,35.53,18.8233333333333,37.53,22.2,35.79
50,0,22.1666666666667,39.7,21.2,39.29,21.29,43.59
180,20,22.79,37.83333333333329,21.2,37.0,22.7,36.9
50,0,18.39,43.09,17.4266666666667,43.8266666666667,19.1,42.3633333333333
50,0,22.89,46.0,21.066666666666695,48.1333333333333,25.1,42.23
50,0,22.29,39.2,19.7,41.9333333333333,22.7,38.7
100,20,20.6,36.7,19.2,36.59,20.79,36.9666666666667
360,0,24.0,38.5933333333333,28.6,28.896,25.0,36.86
110,0,22.2,38.2,20.6,38.4,21.5,38.79
70,30,20.5,37.3633333333333,20.5,35.7,20.1666666666667,37.06
130,30,22.7,36.03,20.29,36.93,23.3233333333333,35.59
70,0,22.5,41.4,22.89,38.2,23.29,39.2
60,0,22.5,41.3266666666667,22.89,38.1266666666667,23.29,39.2
40,0,21.29,43.9,20.7,42.3266666666667,21.89,45.59
40,0,18.8566666666667,39.5,16.89,41.23,19.89,37.5
40,20,21.79,34.9975,19.4266666666667,37.09,21.23,35.2
20,0,23.0,41.09,21.0125,42.13125,24.7,39.73
80,0,21.3566666666667,36.56,19.2,38.5,21.29,35.23
80,20,21.9633333333333,38.7,18.39,42.6633333333333,22.4633333333333,37.76
70,0,19.89,42.1266666666667,19.29,40.6266666666667,20.79,41.9
50,0,21.2,37.4,18.6,39.76,22.6,36.7
60,0,24.89,48.0,24.8185714285714,46.0,26.0,43.88625
310,0,26.26,41.6233333333333,25.7633333333333,37.39,28.7,36.254
100,10,22.89,49.5266666666667,22.566666666666695,44.26,22.29,46.9666666666667
80,0,20.0,34.26,18.6333333333333,34.9333333333333,19.7385714285714,36.2
30,0,22.4175,37.4,19.5,40.4666666666667,22.2,36.6633333333333
280,20,20.89,38.0666666666667,19.89,37.8,23.07,42.65
100,0,24.1,33.59,23.566666666666695,31.566666666666695,23.6,34.6266666666667
40,10,22.7,39.53,21.0,40.9333333333333,22.2,38.4
130,20,19.5,36.79,17.23,39.8633333333333,19.79,36.59
50,0,21.73,35.59,18.79,37.59,22.2,35.73
100,0,21.4633333333333,33.6633333333333,20.0,33.9333333333333,20.12,35.572
80,0,21.39,38.8,18.6333333333333,42.23,22.39,39.2
90,0,25.5,49.83333333333329,25.1,47.2,26.31,45.834
90,0,20.89,35.0,19.4633333333333,35.09,21.1,33.9333333333333
50,10,19.7,32.9,18.6333333333333,33.23,19.2,32.79
60,0,22.5,41.0,19.39,45.73,24.1,38.8633333333333
90,0,20.6,37.7,19.566666666666695,38.09,19.79,37.59
50,0,21.29,38.29,18.6,41.79,22.79,38.29
60,0,21.6333333333333,35.99,21.5,33.26,21.39,34.2
60,0,20.2,36.59,18.29,37.29,20.4633333333333,37.26
90,30,23.1,44.59,22.6666666666667,43.1266666666667,21.8233333333333,44.86
60,20,22.29,42.0,21.5,40.9333333333333,21.7,43.09
40,0,18.0,40.29,16.89,40.79,18.2,39.79
110,0,20.6,36.9475,19.7,34.1333333333333,19.89,35.9266666666667
420,10,25.5,46.99,25.414,43.036,26.89,41.29
50,0,21.6,37.26,19.4633333333333,37.8266666666667,22.5,36.06
110,10,23.5,40.0266666666667,20.76,43.3633333333333,24.0333333333333,37.6566666666667
230,10,23.5,45.6633333333333,22.89,42.29,24.9633333333333,46.1333333333333
100,10,21.5,40.7666666666667,23.26,37.4266666666667,22.39,38.4
40,0,20.29,38.5,18.2,40.2,20.7,39.59
410,20,16.79,45.29,16.1,45.3633333333333,17.2,42.59
50,0,21.39,35.7233333333333,18.3233333333333,37.7,21.39,34.8266666666667
60,0,20.566666666666695,42.26,19.79,40.09,21.0,40.3266666666667
120,30,21.73,38.8933333333333,19.7,36.8266666666667,21.0,36.7233333333333
110,0,22.2,39.03,23.79,35.09,23.0333333333333,37.6266666666667
20,0,21.5,44.0,20.0333333333333,44.6266666666667,22.1,43.9
40,20,21.5,41.2,19.1,45.2,21.0,39.09
90,0,21.3233333333333,43.5266666666667,21.066666666666695,41.03,21.6222222222222,44.4222222222222
100,10,22.0333333333333,38.6333333333333,20.23,38.29,21.39,38.7
60,0,21.2,43.79,20.6,42.29,21.79,45.59
40,0,22.23,42.1266666666667,24.3233333333333,37.26,23.1666666666667,39.1633333333333
40,0,21.0333333333333,38.3266666666667,18.5,40.66,20.29,38.0
80,0,23.4266666666667,38.1266666666667,22.2,36.58,24.39,35.7
50,0,25.2,39.7,23.1,41.03,25.8614285714286,34.5
100,20,22.8566666666667,31.8266666666667,21.0,32.0,21.6,33.6266666666667
50,0,21.29,38.3633333333333,18.7,41.1333333333333,23.29,36.1633333333333
50,10,21.5,37.6333333333333,19.6,38.53,20.6,38.59
30,0,19.6,41.09,18.1333333333333,41.7,19.79,40.59
70,0,24.2,41.76,25.7914285714286,35.34,26.5,37.53
30,0,18.26,39.1633333333333,17.2,39.59,18.39,39.5
60,0,20.79,36.9,17.4266666666667,41.0,20.7,37.53
60,0,22.29,39.1633333333333,22.9633333333333,36.5,22.29,38.0
50,0,17.89,44.5,17.1,44.8266666666667,19.0,42.26
340,0,22.2,38.4,20.0,39.9,23.0,36.7
80,10,21.76,42.1633333333333,20.29,43.53,23.9633333333333,38.43
70,0,20.8566666666667,36.29,19.29,36.53,21.29,35.43
100,0,21.79,35.2,19.2,37.5,20.7,36.4
50,0,23.6666666666667,35.0,22.0,35.03,23.6,35.5
130,0,22.5,37.1175,21.89,34.9333333333333,25.1333333333333,35.53
100,0,23.5,36.16666666666671,22.7,33.36,24.16,34.856
50,0,21.79,40.0,19.6,42.6266666666667,22.89,37.79
70,0,24.7,38.56,22.0,40.63125,24.5,32.8266666666667
90,20,21.23,39.59,19.1666666666667,41.9333333333333,22.26,37.59
50,0,22.2,39.53,20.23,41.7,22.0,38.2
30,0,21.89,44.5,20.4266666666667,46.0,23.1,41.79
60,0,19.8233333333333,46.06,19.2,44.8633333333333,19.7,44.59
50,0,20.1,42.7,19.6,40.79,21.0,41.79
140,0,23.7,39.93,22.4266666666667,38.69333333333329,23.89,39.2666666666667
90,30,22.39,47.19333333333329,22.1,44.53,22.1,46.356
130,20,21.5,41.29,20.0,43.1266666666667,24.2,39.89
40,0,18.6,43.29,17.6333333333333,44.03,19.4266666666667,42.7
110,10,25.6,42.7,25.6,38.79,26.6,38.656
390,10,22.496666666666705,43.19333333333329,21.5594444444444,38.90333333333329,21.1933333333333,43.7233333333333
50,0,20.79,42.0,19.89,41.7,20.79,44.59
50,0,22.2,35.7,19.29,38.1266666666667,23.29,37.2
50,0,22.175,37.7,23.7,33.5,22.79,36.06
70,0,23.066666666666695,47.0,22.79,45.59,24.5,41.79
80,0,21.6,35.2,18.5333333333333,38.3633333333333,22.5333333333333,34.5
50,0,21.7,41.5,20.89,40.5,21.5,42.5
310,0,22.8233333333333,41.2266666666667,22.5,38.06,23.2,38.29
30,0,19.8566666666667,37.7,16.5,42.4,20.2,37.29
470,0,21.89,45.9666666666667,21.89,44.49,24.1333333333333,42.6
50,0,20.2,36.9,17.3566666666667,40.09,20.1666666666667,37.09
260,0,20.29,38.6633333333333,18.1666666666667,40.2,20.6,39.1633333333333
50,0,22.2,39.09,19.7,41.4,22.2,38.7
30,0,21.5,45.9,20.9633333333333,43.9,22.6,45.09
50,0,20.79,43.59,19.5,44.7,21.8614285714286,42.2257142857143
80,0,21.042857142857095,39.1571428571429,20.29,37.5642857142857,20.79,38.2771428571429
50,30,20.6,36.9,17.5,40.5666666666667,21.6,34.9333333333333
70,0,23.7,37.8266666666667,24.5,34.29,25.1,38.03
80,0,22.89,45.03,20.79,47.0,24.6,40.45
60,0,23.0,39.7,20.566666666666695,41.5,25.264285714285695,37.59
90,0,19.7,36.29,17.6,38.56,20.26,35.76
100,10,20.76,40.8266666666667,19.566666666666695,41.36,21.1333333333333,39.5
70,0,21.89,40.26,20.5,40.29,24.2,37.06
40,0,23.89,40.03,25.29,34.4,24.39,37.6685714285714
90,0,21.0,39.73,18.39,43.4,22.29,39.09
80,10,22.566666666666695,45.79,22.1333333333333,43.26,23.26,47.0633333333333
50,0,21.2,37.59,18.2,39.9666666666667,21.8566666666667,36.26
40,0,19.1,38.9,17.39,40.8266666666667,20.6,38.09
50,0,23.89,35.0,21.042857142857095,36.8057142857143,24.1,35.3371428571429
60,0,21.1,39.7,20.4266666666667,39.9,21.89,37.5
70,0,21.4266666666667,45.5666666666667,21.1,42.9333333333333,22.29,40.09
50,0,22.39,35.5,19.6,37.76,23.23,37.1266666666667
70,0,23.0,40.8266666666667,20.5,43.9666666666667,24.0,38.2
50,0,19.79,36.79,16.79,40.7,20.29,37.4666666666667
40,0,20.1,45.2,19.29,44.7,20.5,44.23
80,0,22.566666666666695,41.5,21.5333333333333,41.9666666666667,23.0,39.2
20,0,19.2,36.9,16.89,39.5,19.7,38.59
120,0,22.0333333333333,36.93,20.0,38.2233333333333,22.2,35.29
40,0,22.79,38.6266666666667,20.5,40.9333333333333,22.1,37.59
100,20,21.5,46.86,20.745,44.79,21.6,43.2
40,0,22.0,36.5771428571429,20.1142857142857,37.2,20.764285714285695,37.9
240,0,21.6,39.11,20.0,37.42,20.6,37.4114285714286
70,0,21.1,50.99,20.5,45.7566666666667,21.39,44.0666666666667
80,0,22.1666666666667,41.36,21.2,40.19333333333329,22.6557142857143,40.9071428571429
110,0,21.3566666666667,42.4,20.96,41.2,20.5333333333333,41.79
60,0,21.0,41.59,20.39,40.0,22.4266666666667,43.03
90,0,23.5,39.3633333333333,24.176,37.32,25.0,37.79
130,0,24.4490909090909,53.1811818181818,23.4225225225225,52.7248048048048,27.3688181818182,46.7790909090909
60,0,22.29,43.3266666666667,21.4633333333333,42.09,22.6,44.0
50,0,19.066666666666695,34.9,18.39,34.4633333333333,19.29,35.3633333333333
80,20,21.89,42.1266666666667,19.39,46.2,23.5333333333333,38.4666666666667
80,10,20.79,37.7,19.2,39.4333333333333,22.0,34.79
100,0,22.5,45.8633333333333,21.6666666666667,43.59,25.5333333333333,40.59
50,0,22.066666666666695,40.93,18.79,46.26,24.1,39.26
60,10,24.39,44.56,23.2,43.754,26.73,39.23
40,0,19.6,41.23,18.29,41.59,19.79,40.7
690,20,21.39,39.59,20.86,39.56,23.0,37.1633333333333
120,0,21.0333333333333,34.4666666666667,20.1,32.59,21.5,34.8633333333333
70,10,22.73,27.7333333333333,21.9266666666667,25.7633333333333,22.39,34.76
30,0,21.6333333333333,39.8266666666667,20.73,39.5,20.5,41.9666666666667
50,0,22.89,33.0,22.79,30.29,22.39,35.79
40,0,21.7,38.5,19.5,40.8266666666667,22.23,37.3266666666667
70,0,24.0,45.06,21.6,47.79,25.39,41.2
50,0,24.7,47.5,23.39,48.2,26.58,41.92
70,10,21.1,45.1566666666667,20.4266666666667,43.26,22.9572222222222,45.3438888888889
50,0,22.4633333333333,39.09,20.0333333333333,41.4,22.5,38.29
40,0,19.7,46.09,19.0,45.5,19.89,45.1266666666667
60,30,22.89,45.4,22.0,44.4666666666667,23.23,45.23
70,0,25.39,48.9,24.478,47.812,26.06,45.29
50,0,20.39,35.4,17.89,37.09,20.6,38.4333333333333
90,0,20.73,45.69333333333329,19.1333333333333,42.23,20.6,41.23
260,0,23.6333333333333,40.49,22.0,39.36,23.79,39.09
50,0,21.39,35.7,18.3233333333333,38.2,22.39,35.9333333333333
80,0,17.6,36.29,16.5666666666667,36.59,18.0,37.4333333333333
20,0,20.79,39.0,18.9266666666667,39.93,21.29,38.4333333333333
50,0,24.5,38.5,23.39,37.29,26.29,38.1266666666667
40,0,21.0,43.4,19.7,44.29,21.89,42.09
30,0,19.566666666666695,37.2,17.2,39.79,20.1,38.8
60,0,25.0,47.9,23.254,49.09,26.52,45.0
50,0,17.6,43.0,16.89,42.7,18.39,43.7
100,0,22.1,42.4333333333333,20.5,44.1266666666667,23.29,39.29
90,30,19.5,35.79,17.5666666666667,36.4333333333333,19.6,36.59
70,20,21.8566666666667,38.6633333333333,18.39,42.76,22.4266666666667,37.73
40,0,20.815,37.6175,18.815,38.9,20.79,39.09
130,0,22.1666666666667,43.93,21.6,42.59,21.5,44.9
50,0,19.39,42.09,18.79,41.29,20.5,44.1633333333333
60,0,23.0,34.9666666666667,23.39,31.6666666666667,23.0333333333333,35.3266666666667
60,0,20.2,37.03,17.9633333333333,39.53,22.55,34.145
170,0,20.6,41.23,19.066666666666695,41.0266666666667,21.89,39.29
50,0,20.79,37.73,19.39,37.53,21.3566666666667,37.09
60,10,23.29,40.79,21.6,41.4,24.736,39.312
50,0,20.0,43.7,19.0,44.03,20.2,44.4
60,0,20.9633333333333,37.5666666666667,18.1,40.8266666666667,21.6,36.9333333333333
50,0,22.1,41.5,19.6,44.29,24.29,39.59
50,0,23.0,42.9633333333333,20.89,45.0,24.6,39.5
110,0,22.9633333333333,40.1633333333333,21.3566666666667,40.9333333333333,22.8233333333333,38.9633333333333
100,10,20.7675,42.7675,19.4633333333333,42.6333333333333,20.5,41.6266666666667
40,10,18.2,39.59,17.2,38.93,18.5,39.9
40,10,21.39,39.2,19.7,39.4,21.29,38.03
60,30,22.1,40.1266666666667,19.4266666666667,43.7666666666667,23.29,37.7
60,0,21.2,38.56,18.5,42.73,22.6,37.79
60,10,21.2,44.93,20.6,41.5666666666667,21.39,43.26
60,0,24.5,46.6633333333333,24.39,44.53,25.7,42.3633333333333
90,0,20.9685714285714,37.78,19.6857142857143,37.2642857142857,22.39,36.59
40,10,20.6666666666667,36.4,17.1,40.2,21.7,34.5
80,0,23.2,42.8633333333333,22.6,41.8633333333333,21.79,44.7
380,0,21.2,38.59,18.5,42.9633333333333,21.9266666666667,36.9
50,10,22.2675,38.1725,26.1333333333333,30.9666666666667,23.1,35.4
110,0,24.7,52.7,23.89,51.9333333333333,26.7,45.2
60,0,23.23,35.79,21.1,37.1633333333333,23.8233333333333,36.9333333333333
70,20,21.5,36.53,18.6333333333333,39.53,22.8233333333333,34.3266666666667
30,0,21.0,33.5225,19.6,34.0,20.2,34.4
80,10,23.3566666666667,35.0,22.0,34.0257142857143,23.9214285714286,33.0714285714286
60,0,19.89,42.79,19.2,42.3266666666667,19.79,44.26
60,0,24.5218181818182,52.0626363636364,23.6963963963964,51.0445645645646,27.2073636363636,45.8918181818182
250,0,22.5,38.3633333333333,23.0,34.86,26.3566666666667,40.26
50,0,24.2,44.7,21.79,46.73,25.89,42.29
50,0,20.1,37.2,17.29,40.5,20.76,37.7
80,0,22.6,41.1566666666667,21.2,42.3633333333333,23.0,39.23
60,0,19.79,41.06,17.9266666666667,41.9,20.29,40.7
50,0,21.29,41.23,21.5333333333333,40.1333333333333,22.29,38.4
60,0,21.075,37.245,19.952857142857095,37.2257142857143,20.21125,37.9125
70,0,20.3233333333333,40.69333333333329,19.5333333333333,39.9,20.5,39.0
100,10,23.0,49.83333333333329,22.6,44.1266666666667,22.29,46.69333333333329
60,0,22.6,44.09,20.2,47.09,24.7,40.79
50,0,23.2,41.7,20.89,44.4,24.39,38.4
60,0,20.1,39.03,18.0,40.36,20.6,38.7
70,0,20.6,36.43,19.86,37.1,21.4266666666667,34.4333333333333
60,0,25.066666666666695,39.9333333333333,28.2,31.89,26.1,38.5642857142857
40,0,20.7,43.59,19.39,44.6266666666667,21.89,42.2
60,0,22.6333333333333,37.7,21.7,37.59,22.89,38.0
60,10,20.29,38.09666666666671,18.2,39.6266666666667,20.7,39.73
60,20,21.73,47.8633333333333,20.8233333333333,46.1633333333333,22.39,45.03
80,0,19.2,41.79,18.7,41.29,18.0,43.79
40,0,23.2,45.03,21.6125,46.3175,24.79,41.9333333333333
50,0,22.1,40.9,18.89,46.26,24.1,39.2
60,0,21.39,37.2,18.8233333333333,39.0,22.6,36.4666666666667
50,0,21.2,41.4,18.39,44.7,23.1,39.59
40,0,20.066666666666695,36.1633333333333,18.2,37.4,20.2,38.2
50,0,25.2,43.2,23.89,43.4333333333333,26.79,39.9142857142857
30,0,20.89,39.4,19.0,42.4,21.79,37.4
60,30,20.2,39.29,18.39,39.9333333333333,20.7,38.59
130,0,22.3233333333333,46.09,20.2,49.26,25.2,40.53
50,0,21.29,38.95,18.89,42.4,22.1,37.29
80,0,24.5,37.69333333333329,24.26,34.56,25.2,37.714
60,0,22.0,42.4,19.79,45.59,23.7,40.2
110,0,25.6333333333333,30.79,26.5333333333333,27.8566666666667,25.2,36.0
60,0,20.89,42.09,19.1,44.7,21.6,39.09
70,0,20.26,51.1,19.6333333333333,49.09666666666671,20.4266666666667,45.6566666666667
250,30,21.0,43.5666666666667,20.5,41.56,22.26,46.0933333333333
100,0,21.7128571428571,36.9857142857143,20.3471428571429,37.3371428571429,21.0625,37.23375
70,20,22.6333333333333,41.9333333333333,20.5,43.43,25.39,40.59
40,0,20.29,42.4,19.39,42.0,20.945,44.29
70,0,23.6,44.6633333333333,23.2,42.5,24.6666666666667,40.76
40,0,21.6,45.09,20.7,44.5,22.4144444444444,44.8488888888889
70,0,24.5,36.59,22.6,37.22142857142861,24.2,32.1633333333333
50,0,20.1333333333333,37.7,18.6,38.26,20.5,36.7
70,0,20.1,36.6266666666667,18.1,37.7,22.0,37.9266666666667
120,0,22.6,32.26,21.6,30.566666666666695,24.0333333333333,36.5666666666667
40,0,21.79,34.53,20.0,35.03,21.2,35.0
50,0,22.6,45.79,21.6333333333333,45.1266666666667,23.29,45.59
40,10,17.79,37.7,16.79,37.03,18.1333333333333,38.79
350,30,20.2,38.29,18.29,39.53,20.39,38.2
110,20,22.6,41.99,20.89,41.36,22.79,39.2666666666667
110,30,21.7,44.1566666666667,20.23,44.73,21.79,42.7
40,0,19.29,41.29,18.1,41.56,19.6,40.59
230,0,22.0,36.59,20.5,37.6266666666667,22.9633333333333,36.8633333333333
30,10,19.5,39.06,16.7,42.0,19.89,37.09
40,0,20.1,44.7,19.5,44.09,19.7,43.9333333333333
80,0,21.26,35.56,20.0,35.8633333333333,20.14,36.554
60,0,22.26,41.29,21.39,40.4,21.5,42.7
40,0,22.1,44.4,21.2,43.53,21.89,44.29
50,0,20.39,36.79,18.6,37.9,21.6,36.09
50,0,22.2,35.1633333333333,19.39,37.0,22.2,35.7
50,0,20.89,39.4,18.89,42.5,21.79,37.4
50,0,19.89,36.9,16.9633333333333,40.59,20.23,37.23
50,0,20.39,40.23,18.6,41.5,21.39,40.76
50,0,21.05,39.045,19.566666666666695,40.5,21.8566666666667,37.26
40,0,20.566666666666695,37.2,17.79,40.0,21.0,37.73
60,0,21.0857142857143,37.47,19.89,37.27,20.2,38.0
60,0,23.1,41.0,20.5333333333333,43.7,24.5,39.29
90,10,22.1,40.95,21.566666666666695,39.79,21.23,42.9
60,0,22.1333333333333,39.4,19.7,42.29,23.2,39.79
90,0,23.7,30.663333333333295,23.5,27.96,23.29,34.76
100,10,22.4633333333333,47.76333333333329,21.73,39.6333333333333,22.0,42.53
70,0,23.26,41.9666666666667,21.452857142857095,44.0242857142857,24.3233333333333,38.59
30,0,21.29,36.09,19.29,37.29,20.89,38.29
50,0,20.6,38.03,19.1666666666667,37.7,21.79,36.79
60,0,22.2,35.29,18.8566666666667,38.59,23.29,34.6633333333333
170,20,22.89,43.4,21.912,43.816,24.39,39.4
430,20,23.29,45.6266666666667,22.79,42.4666666666667,24.29,45.7666666666667
90,0,22.2,39.4666666666667,21.89,36.56,22.39,36.8266666666667
30,0,22.29,39.59,20.39,41.29,23.26,37.76
330,0,21.2,40.73,19.3233333333333,43.3933333333333,22.0,38.06
50,0,20.9266666666667,43.2,19.89,43.29,20.39,44.29
40,0,22.2,37.2,22.3233333333333,35.4,22.1333333333333,36.4
290,0,26.1,41.7,26.29,38.09,29.16,37.656
50,0,22.1,41.6266666666667,21.5333333333333,41.06,23.5,38.1266666666667
40,0,22.6,36.2,20.2,38.56,21.8566666666667,35.9666666666667
40,0,21.2,39.59,18.5333333333333,43.2,22.39,39.0
50,0,23.0,40.9666666666667,22.3666666666667,42.19333333333329,24.29,38.4333333333333
60,0,21.7,38.79,18.89,42.59,22.39,38.23
100,0,21.1,35.6633333333333,19.3233333333333,36.9666666666667,20.29,35.3633333333333
50,10,21.7,39.7233333333333,18.89,43.7666666666667,22.89,39.0266666666667
30,0,20.39,40.09,18.76,41.56,20.7,38.79
50,0,20.6,43.9,19.79,43.4666666666667,20.6,44.29
80,0,19.79,34.53,17.39,35.5666666666667,20.272,36.878
60,0,19.23,46.1266666666667,19.0,45.045,19.7,44.7
60,0,21.1,39.0,18.5,42.9,21.79,37.4
70,20,20.79,37.7,18.89,39.7,22.0,34.7
100,0,24.89,50.06,23.1,50.59,25.89,44.9333333333333
50,0,24.79,47.29,23.0,49.09,26.6,43.5
100,0,21.39,36.83333333333329,19.1,38.89,22.79,34.53
430,0,19.1,34.8333333333333,18.89,33.59,19.46,35.9933333333333
70,20,24.7675,48.09,28.2633333333333,40.3933333333333,28.216,43.918
340,0,22.2,45.0,21.7,42.53,21.79,43.9661111111111
50,0,22.1333333333333,37.03,21.5,36.2,22.1,36.4
80,20,21.7,41.23,21.1,40.4,22.6,38.76
50,0,20.5,35.2,17.2,39.7,20.39,37.0
60,0,22.89,43.2,22.23,42.59,21.7,44.9
90,0,18.3233333333333,45.43,18.0,44.1333333333333,17.5666666666667,43.9666666666667
50,0,20.5,37.0,19.29,37.59,20.0,37.4333333333333
80,0,22.6,37.26,20.5,39.43,22.79,37.03
70,0,20.79,38.4,18.9266666666667,40.1633333333333,21.89,35.4
90,0,21.39,39.1633333333333,21.566666666666695,39.19333333333329,21.89,37.5
60,0,20.7,35.9333333333333,20.7,34.1266666666667,20.2,36.26
40,0,20.5,35.2,19.0,35.09,20.79,35.6333333333333
110,20,22.29,40.33333333333329,21.0,38.03,22.39,37.0
50,0,21.0,37.7,18.29,40.4666666666667,22.6,36.9
100,10,23.0,41.9333333333333,21.7,43.2,23.1,39.5
50,0,22.0,38.09,20.2,39.33333333333329,22.39,37.4333333333333
60,50,19.89,45.7666666666667,19.2,44.5,19.79,44.9
90,0,22.075,40.045,21.3,38.9233333333333,21.0333333333333,41.7233333333333
50,0,23.903896103896095,40.3712987012987,22.8356493506494,40.2948051948052,24.945974025974,38.437012987013
40,0,21.39,37.4,18.8566666666667,39.7,21.39,37.4333333333333
60,0,19.29,38.79,18.6,38.2,18.7,39.79
60,0,22.5,37.79,19.39,41.9,23.39,38.9
50,0,21.0,40.29,18.23,44.7666666666667,22.29,38.53
60,20,19.2,44.06,18.6,43.1566666666667,19.39,43.6266666666667
30,0,22.0,35.1633333333333,18.5,38.9666666666667,23.2,34.59
50,0,23.2,37.09,23.6666666666667,33.56,23.2,37.5
80,10,21.79,42.23,19.2,45.7666666666667,23.0,39.4333333333333
140,0,22.5,40.26,20.5333333333333,40.29,22.6,38.59
50,0,21.6,36.5,24.8233333333333,31.26,22.5333333333333,34.9333333333333
120,30,21.39,43.09,21.1,41.4666666666667,20.79,42.1633333333333
110,0,22.39,48.3633333333333,21.8566666666667,41.26,22.5,42.0266666666667
100,0,20.6,42.29,20.0,40.5,21.0,41.2
50,0,20.79,40.3633333333333,17.7,45.2,23.0,39.7
80,0,24.8763636363636,46.6097272727273,25.0315315315315,42.8533933933934,26.4202727272727,41.5663636363636
80,0,19.7,36.29,17.79,38.29,20.2,35.8633333333333
50,0,20.79,43.5,19.5,44.59,21.79,42.2
50,0,21.7,39.09,22.3233333333333,36.4,22.2,37.0
190,30,21.1333333333333,36.9,19.7,37.29,20.76,37.3266666666667
60,0,24.1961038961039,38.7187012987013,23.2593506493506,37.4051948051948,24.894025974026,37.462987012987
100,0,19.6966666666667,42.7233333333333,18.2925,42.27,19.53,40.1333333333333
110,0,22.1,36.03,20.1,37.2966666666667,22.7,34.5
50,10,19.79,39.1,18.89,38.36,20.2,37.1633333333333
50,0,20.1,42.7,19.6,40.8266666666667,21.0,41.7
50,0,24.0,39.9,25.14,34.518,24.452857142857095,37.6528571428571
50,0,21.7,44.59,20.0333333333333,46.73,23.1,41.79
40,10,21.1,39.09,19.2225,39.2,21.2,38.2
60,0,21.6,41.4,20.79,40.5,21.39,42.53
60,0,21.0,36.2,18.2,39.4,22.1,36.7
60,10,21.39,40.43,18.79,44.8266666666667,22.39,37.73
370,0,22.1,39.16666666666671,21.79,37.33333333333329,22.3233333333333,38.73
40,10,21.2,36.195,18.1,39.2266666666667,22.39,35.89
70,0,25.29,48.7,24.2,48.09,26.1428571428571,45.0771428571429
20,0,20.1,40.3633333333333,19.066666666666695,38.4666666666667,20.3233333333333,37.26
80,0,23.7,33.23,22.6666666666667,31.29,23.1666666666667,35.06
90,0,22.2,44.06,20.23,46.1266666666667,24.566666666666695,40.9233333333333
60,0,23.7,42.9,22.06,43.054,24.39,39.8633333333333
50,0,21.1,41.29,18.2,44.59,23.1,39.59
90,0,22.1,42.425,20.5,44.09,23.29,39.29
50,0,24.0,44.9,22.29,45.5,26.7,40.4
120,0,22.1,38.6633333333333,20.1,39.4,22.39,37.53
770,20,20.2,40.5,19.29,40.4333333333333,20.5,39.1566666666667
270,0,23.1,39.0266666666667,22.4633333333333,38.03,23.3266666666667,41.4
110,0,22.6333333333333,32.7233333333333,23.0,30.23,22.29,35.5666666666667
50,0,20.39,36.09,16.79,41.6633333333333,20.5,37.2
60,0,22.89,34.59,20.39,36.0675,23.4266666666667,36.79
60,0,22.6,39.4,19.6,44.03,23.3233333333333,39.5
60,0,20.89,36.0,18.1,39.1266666666667,21.0,35.4
100,30,22.8233333333333,31.9266666666667,20.9933333333333,32.2966666666667,21.7,33.6266666666667
60,0,20.7,39.0,18.79,40.09,21.23,38.5
60,10,22.7,36.29,20.3566666666667,38.73,22.1,35.9
50,0,21.1,38.09,18.1666666666667,42.29,21.79,36.59
60,20,20.1,38.3633333333333,17.89,39.79,20.1,38.9
40,0,20.1,43.73,19.1363636363636,42.65,19.89,44.7
60,0,21.7,48.6633333333333,21.0,46.23,22.23,46.6566666666667
540,20,19.7,35.43,18.29,36.03,19.6571428571429,36.2514285714286
50,0,21.8566666666667,38.79,22.2,36.29,22.2,36.9
50,0,19.89,36.8266666666667,16.5,41.56,20.29,37.56
260,0,22.5,38.4,22.9266666666667,35.1333333333333,26.23,40.1266666666667
40,0,21.9633333333333,42.29,21.0,41.73,21.4266666666667,43.4333333333333
120,0,23.5,39.0,21.7,39.3,23.6,38.53
60,10,21.4266666666667,38.79,21.1111111111111,38.02,20.6,40.2
50,0,23.7,34.7,22.23,34.56,23.6,35.5
80,0,20.29,43.7,19.89,43.09,19.89,44.1633333333333
70,0,23.5,44.29,22.8185714285714,42.9,24.39,40.6266666666667
40,0,21.29,45.5266666666667,20.5,43.59,21.79,44.2
60,0,24.7,48.9333333333333,22.5,50.59,26.066666666666695,45.29
90,0,22.2,44.9,21.29,44.79,22.76,42.09
100,0,22.79,45.2666666666667,20.79,45.8,24.6,40.3266666666667
60,0,21.7,35.7725,19.7,36.2333333333333,21.26,35.8333333333333
210,0,20.89,40.7,18.39,44.2233333333333,21.79,38.2
100,0,21.2,40.69333333333329,20.066666666666695,41.4333333333333,21.9633333333333,37.93
80,0,20.89,45.09,19.6333333333333,45.53,21.5,42.5
70,20,24.5,44.59,23.5,43.334,26.7,38.59
40,10,21.5,35.5,18.6,37.5,21.39,34.9
230,20,22.29,46.6333333333333,21.39,45.7233333333333,21.89,45.3633333333333
30,0,20.066666666666695,43.8633333333333,19.1333333333333,42.8633333333333,19.89,44.76
50,0,20.89,43.7225,20.3233333333333,41.2,20.8566666666667,42.2
60,0,20.8233333333333,43.09,19.79,43.2,20.39,44.4
40,0,18.0333333333333,43.4333333333333,17.1,44.2,19.1,41.9333333333333
60,0,21.1,40.4,19.73,41.7233333333333,21.79,38.0
60,0,24.29,46.9975,24.066666666666695,45.7,25.7,42.5225
70,0,20.7,33.79,19.1,34.1266666666667,20.1,35.1528571428571
300,0,22.79,41.7333333333333,22.4266666666667,40.0266666666667,25.93,40.86
50,0,23.1,45.4,21.39,46.9666666666667,24.89,42.2
110,0,19.0,35.5,17.0333333333333,37.0,19.39,35.53
90,0,22.6666666666667,35.4666666666667,20.29,36.8633333333333,23.1,35.5
40,0,21.6,38.5,18.0,43.09,22.39,37.29
60,10,22.6,43.2233333333333,21.5333333333333,43.2233333333333,25.4266666666667,37.56
130,20,23.5,34.9333333333333,22.9371428571429,32.97,24.29,34.876
50,10,20.2,41.1266666666667,18.39,41.9333333333333,20.2,41.2
50,0,20.5,34.93,18.79,35.26,19.956,36.754
80,0,24.2,35.36,23.89,30.2,23.6,34.03
80,20,22.9266666666667,42.9333333333333,21.02,45.0,24.39,39.4
120,10,16.89,44.29,16.2,44.29,17.39,42.1266666666667
40,0,19.1,37.7,17.0333333333333,40.0,20.2,37.59
90,0,22.39,42.9333333333333,22.2,41.4,22.6,40.79
80,0,22.89,43.1566666666667,21.5714285714286,44.35,24.39,39.4
60,0,24.23,47.03,24.0,45.9,25.6333333333333,42.59
60,0,20.89,39.29,18.2,43.29,22.0,36.6266666666667
40,0,24.79,47.0,22.6,49.572,26.1,43.5
420,10,16.79,45.2666666666667,16.1,45.3266666666667,17.2,42.53
70,20,21.39,43.4,19.89,43.9,21.39,42.2
60,0,22.89,37.6633333333333,24.29,32.8633333333333,23.2,37.5
50,0,19.39,37.03,17.1,39.7,19.79,39.06
250,0,21.29,36.43,19.245,38.745,21.29,35.2
60,0,24.2,41.59,25.5,36.018,26.29,37.4333333333333
30,0,18.89,37.9,16.8566666666667,40.09,20.29,37.9333333333333
60,0,22.5,39.09,23.7,35.7,23.1,37.9666666666667
60,0,21.29,39.1633333333333,18.4266666666667,43.4,22.2,37.8633333333333
80,0,22.7,39.29,21.79,38.06,24.1,36.79
50,0,22.2,35.59,19.29,38.03,23.29,37.2
50,0,20.0,35.09,18.0,36.06,20.6,36.59
30,0,19.7,37.79,17.5,40.0,20.1,37.09
40,0,22.79,39.29,20.6,40.29,24.5,37.856
50,0,19.566666666666695,46.6633333333333,19.3233333333333,45.4,19.89,44.79
20,0,18.89,44.79,18.2,44.6266666666667,20.0,45.0
270,0,19.6,37.26,18.7,36.7,21.1714285714286,37.5642857142857
60,0,20.6,42.9666666666667,18.79,44.4,21.79,42.6633333333333
90,10,22.566666666666695,40.4933333333333,19.5,42.5666666666667,23.066666666666695,34.76
90,10,22.6,39.3266666666667,20.79,40.9,22.29,38.4
50,0,20.79,35.0,18.8566666666667,35.59,20.79,36.29
30,0,20.29,35.03,16.8233333333333,39.8266666666667,20.39,37.09
60,0,23.066666666666695,45.3633333333333,21.0,47.0,24.6,40.5
70,0,22.5,42.0,20.2,43.79,25.1666666666667,40.5
130,0,23.6,40.8666666666667,21.1,42.7933333333333,24.566666666666695,38.0
60,0,20.29,40.4333333333333,18.4633333333333,41.7,21.23,40.7666666666667
50,0,21.29,35.29,19.5333333333333,34.9,20.89,35.9666666666667
60,0,24.0,45.0,22.2,45.59,26.7,40.4
70,0,20.89,44.9,20.39,43.29,21.5,44.09
120,10,24.9633333333333,50.39,23.29,51.0,25.79,45.4
30,0,19.6333333333333,38.9333333333333,18.6,39.1633333333333,19.066666666666695,38.9666666666667
100,0,21.8566666666667,36.1566666666667,19.9266666666667,36.4,21.5333333333333,34.8633333333333
40,0,21.2,41.4666666666667,18.6,45.09,23.2,39.9
80,0,21.1,45.2933333333333,20.29,43.2,23.29,43.19333333333329
50,0,19.79,37.4,17.5,39.79,20.1,39.06
60,0,20.8566666666667,33.3633333333333,19.1333333333333,33.76,20.2,34.7
50,0,20.73,41.0,20.0,40.2,20.89,41.79
30,0,23.6,39.0266666666667,20.6,42.33333333333329,24.76,36.93
70,10,21.65,38.69,20.7,38.1633333333333,20.79,41.4
90,20,20.39,38.7933333333333,18.1,40.69333333333329,20.6333333333333,36.3
50,0,22.2,40.3633333333333,21.2,40.0,22.39,40.09
50,0,22.1333333333333,43.79,19.6,47.5,24.7,41.0
720,10,22.2,37.9333333333333,21.1,37.0,23.1666666666667,36.6266666666667
50,0,18.6,42.4,17.9633333333333,41.7,19.7,43.2
80,20,20.7,43.6333333333333,20.066666666666695,42.79,20.5,44.2
50,0,22.7,38.0,19.2,42.2,23.29,37.5
50,0,20.7,37.7,18.6333333333333,39.1266666666667,20.7,39.4
80,0,22.5,39.3266666666667,23.4633333333333,35.9333333333333,23.1666666666667,38.0
60,0,22.1666666666667,42.1633333333333,24.2675,37.5675,23.1333333333333,39.0
50,0,21.175,40.1725,19.1333333333333,41.09,21.0,40.56
160,0,25.3,49.66,24.29,46.66666666666671,25.89,42.3266666666667
60,30,21.79,46.23,20.89,46.0,23.1,46.1266666666667
40,0,20.7,36.29,17.2,40.4,22.1,36.09
60,0,21.2,45.7,20.6,43.9,22.2,45.2
90,0,21.5,39.53,20.39,39.5,21.1,39.29
50,0,23.025,42.475,22.39,41.26,23.5,42.79
60,0,21.76,35.29,18.29,39.09,23.29,35.09
60,0,23.79,45.0,22.2,45.754,26.6,40.5
60,0,20.89,37.43,19.6,35.8266666666667,21.4266666666667,37.09666666666671
90,0,25.566666666666695,32.3566666666667,26.9633333333333,27.6233333333333,25.1,36.2
60,0,22.26,38.76,20.7,39.4333333333333,22.6,38.03
70,0,20.6,37.7266666666667,19.5,37.76,19.79,37.5
50,0,22.5,43.83333333333329,20.7,44.4,23.2,40.56
190,20,19.2,39.53,17.79,40.245,19.0,39.6633333333333
110,0,21.566666666666695,37.53,20.2,37.56,21.0,37.59
60,0,22.89,41.59,20.87,43.572,24.7,40.2
70,20,23.7,45.29,22.745,43.79,23.6,44.7
80,0,22.29,39.0,23.79,35.2,23.1,37.7
50,0,21.29,39.4,18.6,43.2675,22.29,38.4
70,10,20.79,42.6333333333333,20.1,40.2,21.5,40.8266666666667
440,0,22.89,36.6,22.79,33.8333333333333,26.1333333333333,35.5
100,10,22.79,41.73,21.8566666666667,41.1633333333333,21.79,42.9666666666667
50,0,23.1,41.79,25.96,35.7666666666667,24.29,38.7
50,0,23.8233333333333,40.3266666666667,21.29,42.79,25.5,39.9
110,20,22.566666666666695,33.1266666666667,21.3233333333333,32.06,23.7,35.79
80,0,23.2,41.9,23.9633333333333,38.4666666666667,24.2,39.5
110,0,19.29,40.6633333333333,18.7,39.7,19.29,42.06
50,0,21.7,38.73,18.89,42.59,22.39,38.2
60,0,21.39,39.5,18.76,42.8266666666667,22.39,39.0
50,0,21.1666666666667,36.09,18.6,37.2,20.8233333333333,35.2666666666667
50,0,21.89,42.5,19.6,45.8633333333333,23.76,40.09
70,0,21.3566666666667,41.03,21.6933333333333,40.8233333333333,22.4266666666667,38.4
40,30,22.6,37.0,20.3566666666667,39.09,21.89,36.4
60,0,21.2,40.0,20.39,40.0,21.79,37.7
80,0,22.1857142857143,37.1214285714286,20.79,37.4571428571429,21.29,37.3725
40,0,21.3566666666667,35.3633333333333,18.4633333333333,38.3633333333333,20.39,36.79
60,0,21.29,33.4666666666667,20.29,33.09,20.7,34.0
80,10,20.6,33.2666666666667,19.2,33.5,19.89,33.5
60,0,20.29,39.73,19.566666666666695,38.8633333333333,20.5,40.2
50,0,22.79,39.23,20.79,39.1266666666667,25.0,35.9
50,0,22.5,37.7,18.79,41.9,23.29,37.5
50,0,21.29,36.09,19.29,37.4,20.89,38.29
60,20,22.39,44.0,21.6,43.0,21.9877777777778,44.2
60,0,20.0,44.4333333333333,19.1,43.334,19.89,44.9
100,20,21.0,37.2,18.5,40.6566666666667,20.39,37.26
30,0,20.26,35.7,18.1,37.7,20.04,37.536
20,0,18.79,46.59,18.1,46.59,19.7,45.09
50,0,21.29,36.29,17.7,40.73,21.39,35.7
70,0,20.5,42.1633333333333,20.0,40.3633333333333,20.79,41.09
100,0,23.4266666666667,46.09666666666671,21.6333333333333,47.23,25.0,40.79
50,0,21.2,43.26,19.8233333333333,44.03,21.89,42.09
100,0,23.5,36.69333333333329,22.6571428571429,33.5542857142857,24.264285714285695,35.4142857142857
320,0,24.7,47.9666666666667,22.79,50.0128571428571,26.4371428571429,43.09
130,0,22.9633333333333,54.8233333333333,22.39,42.9333333333333,23.3566666666667,39.5633333333333
50,0,22.2,43.4666666666667,20.1,44.7,23.4266666666667,40.8266666666667
50,10,21.39,47.09,20.5,47.1633333333333,21.7,46.7
60,0,21.9633333333333,39.4333333333333,19.6,42.03,22.79,38.3633333333333
150,0,20.76,36.4966666666667,19.2,33.96,20.066666666666695,33.7666666666667
70,0,20.956,38.732,20.1,37.6083333333333,20.7,38.2
90,0,21.1,33.5,19.6666666666667,32.73,23.6666666666667,36.33333333333329
80,10,21.29,39.9333333333333,20.3666666666667,41.16666666666671,23.0333333333333,37.23
80,10,22.7,41.925,21.89,41.79,22.4938888888889,43.53
130,0,24.89,50.59,23.3566666666667,51.06,25.79,45.4666666666667
40,0,20.29,37.0,17.4633333333333,40.06,20.1333333333333,37.09
70,0,22.0875,37.02125,20.7514285714286,37.3214285714286,21.29,37.2514285714286
50,0,21.0,40.2,19.3233333333333,41.7,20.5,38.56
40,0,20.4266666666667,34.3266666666667,18.79,34.925,19.89,36.59
140,10,20.26,38.3633333333333,18.0333333333333,39.8266666666667,20.066666666666695,36.9
50,0,21.9633333333333,44.5,21.1333333333333,43.7,22.0166666666667,44.43166666666671
610,0,19.8233333333333,34.9666666666667,19.125,32.2225,20.39,34.3233333333333
50,0,21.9633333333333,39.29,19.6666666666667,41.7,22.79,38.2
50,0,18.79,44.5,18.1,43.9666666666667,19.5,43.9
50,0,20.7,39.8242857142857,19.6857142857143,38.2385714285714,20.6142857142857,38.1057142857143
100,10,23.7,43.4333333333333,22.3185714285714,42.9,24.29,39.9
100,10,21.2,47.96,19.6333333333333,40.3,21.6,36.69333333333329
60,0,21.89,40.1266666666667,23.7,35.73,22.5,38.7
50,10,21.1,41.29,18.4266666666667,45.1266666666667,23.2,39.9
230,0,20.79,36.59,18.1,39.6633333333333,21.6666666666667,35.3633333333333
50,0,21.0,45.2233333333333,20.29,43.59,21.7,43.73
90,20,22.39,38.79,21.29,39.1266666666667,22.8566666666667,37.9666666666667
50,0,20.6,34.7,17.0333333333333,39.56,21.2,34.53
70,10,19.0,39.2,17.6,39.59,19.6,40.56
40,0,21.39,40.09,18.566666666666695,44.1266666666667,22.2,38.4
50,0,21.1,41.29,18.4266666666667,45.1266666666667,23.2,39.9
50,0,21.29,39.59,18.7,43.0,22.39,39.0
130,0,22.89,39.0,21.2,38.1266666666667,23.1,35.6266666666667
140,30,21.6,44.36,20.2,44.73,21.79,42.79
50,0,17.89,44.56,17.1,44.9,19.0,42.26
20,0,22.79,40.09,22.0,39.1266666666667,21.0,41.9
140,20,23.066666666666695,41.6,22.29,40.5,21.79,43.1633333333333
50,0,21.0,44.09,20.2,43.7,21.7,44.2
130,30,23.2,42.7233333333333,22.39,41.0,21.79,44.0266666666667
60,0,22.1,39.4,19.7,42.29,23.2,39.79
40,0,21.0,35.7,17.7,39.09,20.2,36.4666666666667
50,0,21.2,39.9,18.89,42.845,22.0,37.9
190,0,21.2,43.0666666666667,21.29,41.73,22.1,38.9
40,0,20.3566666666667,36.7,18.5,37.3266666666667,20.39,37.26
40,0,19.066666666666695,39.2,17.6,39.59,19.6,40.5
70,0,22.6666666666667,37.9,21.7,37.6633333333333,22.89,38.0
50,0,20.89,39.4,18.8233333333333,42.59,21.79,37.4
60,0,19.89,42.7,19.3233333333333,40.7233333333333,20.8233333333333,41.7666666666667
50,0,22.0,41.9333333333333,21.3233333333333,40.6633333333333,20.8233333333333,44.4666666666667
80,0,21.29,35.4666666666667,20.066666666666695,35.79,20.2,36.5
50,0,25.066666666666695,43.8266666666667,23.5,44.9,26.79,40.29
50,0,18.79,46.59,18.1,46.59,19.6,45.0
50,0,21.76,34.3083333333333,19.895,34.745,21.15,34.83
50,0,22.7,42.0,20.29,44.76,23.89,39.4
130,20,23.0,41.3175,22.29,40.4333333333333,21.79,43.03
90,0,21.5,38.1266666666667,22.9266666666667,32.9666666666667,22.4266666666667,35.1266666666667
90,10,20.0,43.0,19.066666666666695,42.3633333333333,20.6,44.03
40,0,19.6,43.0,18.89,42.645,19.79,44.5
50,10,21.1,41.29,18.0,47.0,20.79,38.4
50,0,20.6666666666667,35.3633333333333,17.1,39.79,20.29,36.9
50,0,21.89,38.4,19.1333333333333,42.53,22.79,37.4
50,0,22.39,37.59,18.7,42.0,23.29,37.5
30,0,21.89,40.1566666666667,22.1,38.5,22.39,38.26
40,0,21.0,36.3214285714286,19.0,37.9,21.0,38.59
60,10,20.6,41.2,18.79,41.2,20.23,41.8266666666667
50,0,24.79,47.0,22.6,49.6214285714286,26.14,43.5
300,0,21.39,37.9,20.2,38.23,23.2266666666667,39.0266666666667
50,0,20.2,34.29,17.29,37.4666666666667,22.2,35.09
620,0,22.7,41.7233333333333,22.4266666666667,39.0,23.29,39.2
70,10,21.89,35.93,18.9266666666667,38.4,23.2,37.2
60,0,23.6,30.4,24.76,26.066666666666695,23.1,32.7
80,0,21.0,39.2266666666667,19.3233333333333,39.5,22.39,37.23
270,0,20.1666666666667,37.76,18.39,39.5,22.3266666666667,36.4933333333333
120,0,22.6,38.9666666666667,21.2,39.5,22.7,37.79
50,0,21.79,35.2,18.39,39.0,23.2,34.79
70,0,22.89,40.4,22.4,40.3666666666667,24.1,37.09
50,0,19.6,36.79,17.8233333333333,38.2,20.865,36.6725
120,0,23.5,37.5333333333333,22.7,35.51,24.39,35.9285714285714
