Date and Hour,Solar,Wind
2021-09-05 10:00:00+02:00,3269.0,92.0
2022-02-23 21:00:00+01:00,2.0,2265.0
2023-01-05 01:00:00+01:00,1.0,11490.0
2020-11-29 07:00:00+01:00,0.0,4430.0
2020-09-07 04:00:00+02:00,0.0,1606.0
2021-03-03 13:00:00+01:00,2249.0,630.0
2022-09-12 16:00:00+02:00,3835.0,1315.0
2021-06-26 04:00:00+02:00,1.0,197.0
2020-01-12 15:00:00+01:00,1108.0,5759.0
2021-09-20 10:00:00+02:00,1696.0,1272.0
2021-09-08 02:00:00+02:00,2.0,5308.0
2022-05-23 03:00:00+02:00,1.0,3668.0
2021-04-22 18:00:00+02:00,1788.0,4841.0
2020-12-12 11:00:00+01:00,1321.0,4976.0
2021-08-24 15:00:00+02:00,3591.0,8355.0
2020-12-01 09:00:00+01:00,212.0,7231.0
2021-02-13 18:00:00+01:00,13.0,6007.0
2022-10-14 00:00:00+02:00,1.0,3449.0
2022-08-30 22:00:00+02:00,5.0,3151.0
2022-06-23 02:00:00+02:00,1.0,1060.0
2022-07-06 16:00:00+02:00,5019.0,2642.0
2022-11-01 16:00:00+01:00,967.0,10436.0
2021-06-07 15:00:00+02:00,3446.0,772.0
2020-04-29 17:00:00+02:00,1559.0,8432.0
2022-12-08 02:00:00+01:00,1.0,1329.0
2022-11-23 01:00:00+01:00,1.0,8016.0
2022-03-11 22:00:00+01:00,4.0,10579.0
2022-11-16 07:00:00+01:00,9.0,9430.0
2020-12-10 13:00:00+01:00,804.0,3183.0
2020-08-15 02:00:00+02:00,0.0,457.0
2022-03-06 20:00:00+01:00,4.0,7272.0
2023-01-11 00:00:00+01:00,1.0,14468.0
2021-11-09 02:00:00+01:00,1.0,1796.0
2023-05-19 08:00:00+02:00,1794.0,2995.0
2022-03-20 12:00:00+01:00,3018.0,2446.0
2020-06-28 14:00:00+02:00,2549.0,4176.0
2022-04-29 07:00:00+02:00,247.0,2695.0
2020-07-04 10:00:00+02:00,2693.0,6889.0
2020-08-28 22:00:00+02:00,0.0,3034.0
2021-07-31 23:00:00+02:00,1.0,2333.0
2020-10-03 03:00:00+02:00,0.0,2854.0
2021-05-02 08:00:00+02:00,1120.0,961.0
2021-04-28 23:00:00+02:00,1.0,2231.0
2020-11-14 11:00:00+01:00,2300.0,6771.0
2022-02-10 09:00:00+01:00,1132.0,4665.0
2023-05-31 16:00:00+02:00,4599.0,6363.0
2022-04-24 23:00:00+02:00,1.0,3973.0
2021-02-20 11:00:00+01:00,2239.0,10922.0
2022-11-08 01:00:00+01:00,1.0,12099.0
2021-08-23 19:00:00+02:00,656.0,4846.0
2021-08-21 02:00:00+02:00,1.0,1420.0
2023-02-21 01:00:00+01:00,0.0,1842.0
2021-02-13 17:00:00+01:00,327.0,5958.0
2020-11-11 20:00:00+01:00,1.0,6596.0
2023-03-06 03:00:00+01:00,2.0,1309.0
2021-09-01 17:00:00+02:00,2331.0,6373.0
2020-10-29 18:00:00+01:00,5.0,6855.0
2020-07-13 11:00:00+02:00,3370.0,890.0
2020-01-11 10:00:00+01:00,1325.0,4027.0
2023-06-07 16:00:00+02:00,4949.0,3333.0
2022-08-27 16:00:00+02:00,4370.0,1928.0
2020-05-25 08:00:00+02:00,1243.0,1291.0
2021-03-12 13:00:00+01:00,2771.0,13472.0
2022-07-16 12:00:00+02:00,6005.0,2521.0
2023-04-25 04:00:00+02:00,0.0,3001.0
2022-08-17 17:00:00+02:00,2469.0,1535.0
2020-01-18 22:00:00+01:00,0.0,3962.0
2022-01-16 11:00:00+01:00,2470.0,2921.0
2021-09-03 22:00:00+02:00,3.0,1688.0
2023-04-10 16:00:00+02:00,2897.0,10085.0
2020-07-02 14:00:00+02:00,2138.0,4677.0
2020-08-14 08:00:00+02:00,574.0,1903.0
2021-04-29 11:00:00+02:00,1804.0,1906.0
2022-03-27 16:00:00+02:00,3790.0,1437.0
2022-12-01 18:00:00+01:00,2.0,3967.0
2021-06-19 09:00:00+02:00,1836.0,787.0
2023-06-09 08:00:00+02:00,1324.0,3020.0
2020-04-20 16:00:00+02:00,1015.0,5882.0
2021-10-29 13:00:00+02:00,1969.0,10751.0
2020-01-10 01:00:00+01:00,0.0,9096.0
2022-12-09 11:00:00+01:00,1343.0,2238.0
2023-03-04 15:00:00+01:00,3846.0,2902.0
2020-07-28 10:00:00+02:00,1495.0,3267.0
2020-02-01 03:00:00+01:00,0.0,9113.0
2020-06-27 19:00:00+02:00,887.0,6483.0
2020-06-04 06:00:00+02:00,16.0,2622.0
2021-08-27 07:00:00+02:00,103.0,2814.0
2022-09-26 05:00:00+02:00,1.0,4294.0
2021-01-11 01:00:00+01:00,0.0,1870.0
2022-09-30 22:00:00+02:00,1.0,10930.0
2020-10-13 14:00:00+02:00,1992.0,4626.0
2021-11-05 12:00:00+01:00,3031.0,1550.0
2022-08-21 01:00:00+02:00,3.0,701.0
2022-10-31 02:00:00+01:00,0.0,1712.0
2022-10-23 03:00:00+02:00,1.0,6341.0
2020-01-25 03:00:00+01:00,0.0,1067.0
2023-04-08 09:00:00+02:00,3131.0,2023.0
2021-08-01 14:00:00+02:00,3736.0,3107.0
2021-06-16 10:00:00+02:00,2835.0,450.0
2021-11-13 14:00:00+01:00,1126.0,2815.0
2020-12-18 09:00:00+01:00,231.0,6857.0
2020-07-04 15:00:00+02:00,3574.0,8247.0
2021-06-10 20:00:00+02:00,335.0,1099.0
2023-06-13 12:00:00+02:00,5297.0,2301.0
2021-12-21 01:00:00+01:00,1.0,3042.0
2023-06-19 02:00:00+02:00,0.0,2920.0
2020-05-15 12:00:00+02:00,3192.0,4801.0
2021-05-15 01:00:00+02:00,2.0,3296.0
2021-03-11 05:00:00+01:00,0.0,13920.0
2020-11-09 20:00:00+01:00,1.0,1606.0
2020-06-02 22:00:00+02:00,1.0,1654.0
2020-11-03 10:00:00+01:00,789.0,5900.0
2022-12-16 01:00:00+01:00,1.0,6315.0
2021-07-16 04:00:00+02:00,1.0,3974.0
2021-08-27 13:00:00+02:00,4408.0,2862.0
2021-02-22 03:00:00+01:00,0.0,6737.0
2021-12-02 05:00:00+01:00,1.0,6891.0
2020-09-01 23:00:00+02:00,0.0,2398.0
2022-12-13 22:00:00+01:00,1.0,3227.0
2021-08-08 03:00:00+02:00,2.0,5326.0
2021-04-18 13:00:00+02:00,3810.0,1782.0
2021-02-03 08:00:00+01:00,59.0,10232.0
2023-03-19 15:00:00+01:00,3488.0,4848.0
2022-11-03 22:00:00+01:00,1.0,11579.0
2021-09-05 07:00:00+02:00,57.0,386.0
2021-11-05 21:00:00+01:00,2.0,2311.0
2022-03-09 16:00:00+01:00,2032.0,4921.0
2023-05-09 05:00:00+02:00,1.0,2752.0
2020-08-21 03:00:00+02:00,0.0,6682.0
2021-01-12 20:00:00+01:00,0.0,5475.0
2020-02-21 03:00:00+01:00,0.0,4953.0
2022-12-14 05:00:00+01:00,1.0,1787.0
2021-10-26 14:00:00+02:00,3158.0,3003.0
2022-01-10 01:00:00+01:00,2.0,955.0
2020-04-23 13:00:00+02:00,2807.0,132.0
2020-07-10 02:00:00+02:00,0.0,3884.0
2021-09-28 05:00:00+02:00,2.0,1602.0
2020-06-29 09:00:00+02:00,1458.0,3505.0
2023-05-22 05:00:00+02:00,1.0,2454.0
2022-08-02 02:00:00+02:00,1.0,1261.0
2022-09-24 06:00:00+02:00,1.0,1100.0
2020-07-13 17:00:00+02:00,2740.0,1413.0
2023-05-07 07:00:00+02:00,273.0,953.0
2021-03-21 10:00:00+01:00,2954.0,3970.0
2020-11-08 00:00:00+01:00,0.0,4260.0
2022-08-09 06:00:00+02:00,8.0,5563.0
2023-04-14 19:00:00+02:00,386.0,7300.0
2021-12-11 10:00:00+01:00,1441.0,2748.0
2023-04-21 04:00:00+02:00,0.0,2778.0
2023-01-10 00:00:00+01:00,1.0,9435.0
2020-12-02 17:00:00+01:00,3.0,1691.0
2021-04-02 21:00:00+02:00,1.0,10885.0
2021-12-17 05:00:00+01:00,1.0,6684.0
2021-01-28 16:00:00+01:00,447.0,12116.0
2023-05-22 13:00:00+02:00,5133.0,1878.0
2021-10-06 18:00:00+02:00,693.0,5389.0
2022-06-10 20:00:00+02:00,407.0,1156.0
2020-06-07 10:00:00+02:00,2027.0,1284.0
2021-08-01 17:00:00+02:00,2763.0,3214.0
2023-04-29 08:00:00+02:00,716.0,1266.0
2021-12-25 10:00:00+01:00,803.0,914.0
2020-11-09 10:00:00+01:00,1582.0,1717.0
2020-07-22 20:00:00+02:00,244.0,1433.0
2022-07-19 20:00:00+02:00,373.0,4360.0
2021-04-22 11:00:00+02:00,4079.0,3509.0
2023-04-03 01:00:00+02:00,0.0,5759.0
2021-12-17 04:00:00+01:00,1.0,6887.0
2021-10-07 00:00:00+02:00,2.0,2125.0
2021-12-11 07:00:00+01:00,1.0,4619.0
2022-12-20 18:00:00+01:00,1.0,8478.0
2020-05-25 18:00:00+02:00,1846.0,2443.0
2020-05-07 04:00:00+02:00,0.0,2204.0
2021-08-19 15:00:00+02:00,3084.0,1828.0
2021-06-30 17:00:00+02:00,2706.0,2402.0
2023-04-14 01:00:00+02:00,1.0,4305.0
2021-02-25 13:00:00+01:00,3011.0,1503.0
2020-10-27 07:00:00+01:00,47.0,5819.0
2021-04-02 17:00:00+02:00,2436.0,10231.0
2022-06-29 21:00:00+02:00,44.0,1643.0
2021-01-08 05:00:00+01:00,0.0,1102.0
2020-10-09 05:00:00+02:00,0.0,2109.0
2021-09-06 11:00:00+02:00,4062.0,412.0
2022-10-07 12:00:00+02:00,4744.0,737.0
2020-06-03 08:00:00+02:00,1060.0,340.0
2021-03-23 15:00:00+01:00,3592.0,325.0
2021-08-18 07:00:00+02:00,92.0,1785.0
2020-08-04 17:00:00+02:00,2785.0,1722.0
2020-05-04 08:00:00+02:00,961.0,797.0
2022-08-07 13:00:00+02:00,6366.0,4521.0
2021-04-30 09:00:00+02:00,1171.0,830.0
2021-02-20 14:00:00+01:00,2408.0,11994.0
2021-04-03 14:00:00+02:00,4537.0,9717.0
2021-12-22 01:00:00+01:00,1.0,3006.0
2022-05-18 00:00:00+02:00,3.0,3667.0
2022-12-28 19:00:00+01:00,1.0,16171.0
2020-10-28 18:00:00+01:00,2.0,11627.0
2022-02-26 00:00:00+01:00,2.0,2365.0
2022-08-03 03:00:00+02:00,1.0,1007.0
2022-02-10 03:00:00+01:00,2.0,4364.0
2021-02-22 07:00:00+01:00,1.0,6128.0
2021-05-18 12:00:00+02:00,2811.0,2624.0
2023-06-18 16:00:00+02:00,4188.0,4181.0
2022-09-04 11:00:00+02:00,5092.0,1454.0
2020-11-20 17:00:00+01:00,22.0,1980.0
2020-12-12 05:00:00+01:00,0.0,4922.0
2022-03-06 11:00:00+01:00,3889.0,3983.0
2021-02-22 05:00:00+01:00,0.0,6051.0
2022-06-26 21:00:00+02:00,37.0,1316.0
2023-05-10 02:00:00+02:00,0.0,8166.0
2023-04-19 20:00:00+02:00,98.0,5776.0
2020-02-23 06:00:00+01:00,0.0,10926.0
2021-08-29 13:00:00+02:00,4288.0,2936.0
2022-01-30 00:00:00+01:00,2.0,5465.0
2021-10-29 07:00:00+02:00,2.0,12206.0
2020-11-29 10:00:00+01:00,1706.0,3043.0
2022-03-06 10:00:00+01:00,2979.0,3407.0
2021-11-22 01:00:00+01:00,2.0,6510.0
2023-02-28 22:00:00+01:00,2.0,7011.0
2022-12-07 08:00:00+01:00,112.0,2119.0
2020-06-23 23:00:00+02:00,1.0,5642.0
2022-11-02 07:00:00+01:00,58.0,5418.0
2023-02-20 00:00:00+01:00,1.0,3045.0
2023-04-15 19:00:00+02:00,766.0,9340.0
2022-12-20 17:00:00+01:00,5.0,8554.0
2022-01-27 22:00:00+01:00,2.0,3287.0
2021-07-10 21:00:00+02:00,42.0,1428.0
2020-05-14 04:00:00+02:00,0.0,6922.0
2022-09-12 04:00:00+02:00,1.0,3121.0
2020-02-29 11:00:00+01:00,863.0,12749.0
2020-06-16 22:00:00+02:00,0.0,1375.0
2023-06-11 17:00:00+02:00,3095.0,2316.0
2023-03-16 07:00:00+01:00,324.0,8289.0
2020-11-25 20:00:00+01:00,0.0,3486.0
2022-02-13 07:00:00+01:00,4.0,10110.0
2021-05-25 19:00:00+02:00,930.0,8398.0
2020-05-15 22:00:00+02:00,0.0,4491.0
2021-03-31 17:00:00+02:00,2392.0,882.0
2020-10-18 10:00:00+02:00,2004.0,654.0
2021-03-26 00:00:00+01:00,2.0,2804.0
2022-03-12 02:00:00+01:00,4.0,9470.0
2022-11-16 23:00:00+01:00,1.0,15350.0
2021-06-29 22:00:00+02:00,2.0,2089.0
2021-03-20 12:00:00+01:00,4161.0,4435.0
2021-01-15 17:00:00+01:00,46.0,3256.0
2021-07-21 13:00:00+02:00,4761.0,1328.0
2021-11-07 04:00:00+01:00,2.0,6308.0
2022-11-01 22:00:00+01:00,1.0,11744.0
2022-06-02 13:00:00+02:00,5254.0,1696.0
2020-12-08 03:00:00+01:00,0.0,3050.0
2020-08-02 16:00:00+02:00,2534.0,3175.0
2022-02-07 06:00:00+01:00,1.0,6777.0
2022-04-13 15:00:00+02:00,3121.0,517.0
2022-05-13 18:00:00+02:00,2553.0,1573.0
2021-12-20 08:00:00+01:00,49.0,3273.0
2020-06-21 02:00:00+02:00,0.0,2239.0
2021-02-25 02:00:00+01:00,0.0,5319.0
2022-08-01 13:00:00+02:00,5743.0,847.0
2021-12-31 12:00:00+01:00,3074.0,3478.0
2021-05-28 01:00:00+02:00,1.0,2721.0
2023-02-12 15:00:00+01:00,4191.0,1601.0
2023-01-29 22:00:00+01:00,1.0,4876.0
2022-11-26 20:00:00+01:00,1.0,6225.0
2023-02-01 05:00:00+01:00,0.0,7231.0
2021-12-23 22:00:00+01:00,1.0,7296.0
2020-07-18 15:00:00+02:00,3704.0,856.0
2020-08-19 19:00:00+02:00,579.0,3880.0
2022-10-10 20:00:00+02:00,3.0,2171.0
2020-08-27 14:00:00+02:00,3592.0,3242.0
2022-10-07 22:00:00+02:00,1.0,2509.0
2020-05-10 17:00:00+02:00,652.0,3370.0
2021-07-01 20:00:00+02:00,352.0,656.0
2021-04-17 11:00:00+02:00,3207.0,4658.0
2022-12-17 22:00:00+01:00,1.0,3516.0
2021-03-04 16:00:00+01:00,1274.0,1963.0
2021-08-16 17:00:00+02:00,2235.0,7291.0
2020-05-03 05:00:00+02:00,0.0,2065.0
2022-11-01 14:00:00+01:00,3313.0,12048.0
2020-06-02 04:00:00+02:00,0.0,1746.0
2020-09-19 17:00:00+02:00,903.0,2540.0
2020-11-13 16:00:00+01:00,402.0,3438.0
2022-11-20 21:00:00+01:00,1.0,9781.0
2022-02-06 02:00:00+01:00,2.0,13222.0
2023-06-03 03:00:00+02:00,0.0,6301.0
2022-05-21 08:00:00+02:00,1706.0,960.0
2020-01-18 20:00:00+01:00,0.0,3697.0
2023-03-22 18:00:00+01:00,195.0,11649.0
2021-08-28 22:00:00+02:00,4.0,4647.0
2023-03-23 13:00:00+01:00,3920.0,12611.0
2022-01-30 04:00:00+01:00,1.0,3499.0
2021-12-05 00:00:00+01:00,1.0,9598.0
2022-12-25 17:00:00+01:00,18.0,8828.0
2023-06-15 18:00:00+02:00,3239.0,2123.0
2020-10-25 11:00:00+01:00,1245.0,6971.0
2021-09-10 21:00:00+02:00,2.0,1844.0
2020-08-30 04:00:00+02:00,0.0,3249.0
2022-04-02 20:00:00+02:00,28.0,5642.0
2021-03-02 05:00:00+01:00,0.0,3744.0
2021-04-20 21:00:00+02:00,1.0,1319.0
2021-02-18 09:00:00+01:00,407.0,10852.0
2020-04-10 12:00:00+02:00,3839.0,923.0
2022-02-14 18:00:00+01:00,14.0,6552.0
2023-01-03 03:00:00+01:00,1.0,4721.0
2021-12-24 22:00:00+01:00,1.0,3073.0
2022-08-15 09:00:00+02:00,1957.0,2932.0
2022-08-27 04:00:00+02:00,1.0,2383.0
2021-09-28 23:00:00+02:00,2.0,5548.0
2020-04-17 10:00:00+02:00,1740.0,1659.0
2022-11-18 00:00:00+01:00,1.0,9243.0
2020-07-24 05:00:00+02:00,0.0,1699.0
2022-03-24 08:00:00+01:00,1860.0,1943.0
2021-01-31 08:00:00+01:00,62.0,2418.0
2022-05-16 23:00:00+02:00,1.0,844.0
2022-03-05 17:00:00+01:00,782.0,2701.0
2020-09-27 06:00:00+02:00,0.0,11633.0
2022-09-26 02:00:00+02:00,1.0,2053.0
2023-01-31 18:00:00+01:00,1.0,5544.0
2022-12-21 12:00:00+01:00,2055.0,8007.0
2023-05-13 01:00:00+02:00,1.0,4570.0
2021-02-03 14:00:00+01:00,1407.0,12379.0
2022-10-10 22:00:00+02:00,1.0,2539.0
2022-01-13 17:00:00+01:00,75.0,2262.0
2020-02-15 12:00:00+01:00,3087.0,8306.0
2020-01-27 00:00:00+01:00,0.0,8873.0
2023-04-11 13:00:00+02:00,5176.0,5610.0
2020-09-25 09:00:00+02:00,596.0,9395.0
2021-10-04 09:00:00+02:00,784.0,5068.0
2022-09-27 07:00:00+02:00,13.0,6578.0
2020-10-23 17:00:00+02:00,549.0,4394.0
2020-01-10 00:00:00+01:00,0.0,9681.0
2021-07-06 11:00:00+02:00,2122.0,9578.0
2021-01-18 18:00:00+01:00,2.0,4832.0
2022-08-24 15:00:00+02:00,5595.0,823.0
2020-06-29 16:00:00+02:00,3010.0,6999.0
2021-04-11 20:00:00+02:00,33.0,4302.0
2020-01-22 01:00:00+01:00,0.0,3111.0
2023-06-21 10:00:00+02:00,3392.0,328.0
2020-07-22 21:00:00+02:00,21.0,1955.0
2021-01-15 18:00:00+01:00,1.0,2951.0
2022-08-09 07:00:00+02:00,264.0,5279.0
2020-04-30 04:00:00+02:00,0.0,8508.0
2022-09-06 12:00:00+02:00,4888.0,2074.0
2021-09-23 12:00:00+02:00,4598.0,1032.0
2023-01-31 03:00:00+01:00,1.0,2607.0
2020-09-17 04:00:00+02:00,0.0,6044.0
2021-07-22 11:00:00+02:00,4173.0,1304.0
2020-04-12 06:00:00+02:00,0.0,927.0
2020-10-13 00:00:00+02:00,0.0,2857.0
2021-04-20 09:00:00+02:00,1787.0,263.0
2022-01-01 10:00:00+01:00,1631.0,5180.0
2022-02-11 03:00:00+01:00,2.0,4319.0
2022-03-07 08:00:00+01:00,1129.0,6132.0
2021-11-22 13:00:00+01:00,1861.0,10225.0
2022-04-11 15:00:00+02:00,4479.0,7705.0
2022-09-04 23:00:00+02:00,1.0,5594.0
2021-10-28 10:00:00+02:00,2176.0,5018.0
2022-10-25 19:00:00+02:00,2.0,5773.0
2023-01-04 07:00:00+01:00,1.0,14905.0
2022-01-05 04:00:00+01:00,1.0,7447.0
2021-11-02 04:00:00+01:00,2.0,4743.0
2023-01-26 10:00:00+01:00,1250.0,3949.0
2022-06-01 19:00:00+02:00,1281.0,1426.0
2020-04-01 17:00:00+02:00,1766.0,2116.0
2021-12-22 02:00:00+01:00,1.0,3138.0
2022-05-25 02:00:00+02:00,1.0,2313.0
2023-01-31 02:00:00+01:00,1.0,2276.0
2022-06-05 08:00:00+02:00,1069.0,1786.0
2021-10-04 21:00:00+02:00,3.0,6011.0
2023-03-08 12:00:00+01:00,2545.0,13345.0
2023-05-28 19:00:00+02:00,1259.0,7077.0
2021-06-15 12:00:00+02:00,4611.0,205.0
2023-05-04 02:00:00+02:00,1.0,9615.0
2023-02-03 14:00:00+01:00,4032.0,6596.0
2023-06-20 18:00:00+02:00,1965.0,3711.0
2022-05-30 12:00:00+02:00,5407.0,650.0
2020-12-14 19:00:00+01:00,0.0,6588.0
2022-01-11 21:00:00+01:00,2.0,2312.0
2022-10-01 04:00:00+02:00,1.0,13649.0
2020-08-31 12:00:00+02:00,3083.0,1659.0
2020-07-12 17:00:00+02:00,2491.0,2237.0
2021-10-04 19:00:00+02:00,39.0,4474.0
2022-05-23 16:00:00+02:00,3110.0,8454.0
2023-05-12 02:00:00+02:00,0.0,2763.0
2023-03-30 16:00:00+02:00,4278.0,12740.0
2020-10-25 20:00:00+01:00,0.0,5234.0
2023-06-27 06:00:00+02:00,122.0,2119.0
2021-01-09 14:00:00+01:00,1226.0,5291.0
2020-06-22 19:00:00+02:00,1045.0,975.0
2021-04-07 13:00:00+02:00,4524.0,5903.0
2020-05-29 10:00:00+02:00,2883.0,2466.0
2022-08-02 12:00:00+02:00,5917.0,716.0
2023-05-07 21:00:00+02:00,2.0,1706.0
2021-04-06 14:00:00+02:00,4087.0,6563.0
2020-09-14 01:00:00+02:00,0.0,2910.0
2022-06-17 01:00:00+02:00,3.0,2867.0
2023-04-09 16:00:00+02:00,5739.0,832.0
2022-12-23 17:00:00+01:00,6.0,14171.0
2022-02-03 01:00:00+01:00,2.0,2201.0
2020-04-21 17:00:00+02:00,735.0,4618.0
2023-03-06 14:00:00+01:00,3665.0,2748.0
2021-09-12 14:00:00+02:00,4617.0,88.0
2020-04-15 15:00:00+02:00,3351.0,3886.0
2022-03-12 11:00:00+01:00,2335.0,5392.0
2021-04-01 04:00:00+02:00,1.0,1806.0
2022-07-30 21:00:00+02:00,19.0,1883.0
2022-07-31 11:00:00+02:00,5216.0,2001.0
2023-06-09 17:00:00+02:00,2668.0,2601.0
2023-01-10 14:00:00+01:00,2404.0,13279.0
2023-02-11 12:00:00+01:00,5535.0,975.0
2020-01-27 20:00:00+01:00,0.0,11991.0
2022-08-19 15:00:00+02:00,4301.0,4323.0
2022-01-31 04:00:00+01:00,1.0,11999.0
2021-03-21 03:00:00+01:00,1.0,3120.0
2021-04-05 16:00:00+02:00,3226.0,8773.0
2020-05-24 06:00:00+02:00,33.0,2902.0
2023-04-27 01:00:00+02:00,0.0,1468.0
2020-01-23 10:00:00+01:00,412.0,4595.0
2021-10-11 09:00:00+02:00,1277.0,2231.0
2021-02-23 03:00:00+01:00,0.0,6352.0
2020-06-29 18:00:00+02:00,1869.0,7088.0
2022-04-26 08:00:00+02:00,1249.0,1778.0
2020-11-26 22:00:00+01:00,0.0,1751.0
2020-10-29 00:00:00+01:00,0.0,10635.0
2020-05-22 19:00:00+02:00,736.0,3185.0
2023-01-01 21:00:00+01:00,1.0,13273.0
2021-10-31 22:00:00+01:00,2.0,8732.0
2021-09-01 13:00:00+02:00,4521.0,5850.0
2021-08-18 14:00:00+02:00,3089.0,2215.0
2021-06-07 21:00:00+02:00,35.0,1226.0
2020-08-19 13:00:00+02:00,3465.0,4140.0
2020-09-04 15:00:00+02:00,3573.0,1353.0
2022-04-22 16:00:00+02:00,4055.0,2746.0
2022-07-13 10:00:00+02:00,4405.0,227.0
2023-04-20 02:00:00+02:00,0.0,9405.0
2022-12-17 19:00:00+01:00,2.0,3593.0
2020-01-22 12:00:00+01:00,995.0,3019.0
2021-11-26 14:00:00+01:00,1421.0,10872.0
2022-08-01 07:00:00+02:00,286.0,716.0
2020-05-30 02:00:00+02:00,0.0,4658.0
2022-05-30 05:00:00+02:00,1.0,3391.0
2021-07-01 15:00:00+02:00,3662.0,1279.0
2020-04-03 15:00:00+02:00,3383.0,1313.0
2022-01-08 09:00:00+01:00,408.0,8482.0
2023-04-17 12:00:00+02:00,5803.0,3842.0
2022-06-18 13:00:00+02:00,5913.0,1727.0
2021-11-03 19:00:00+01:00,3.0,3085.0
2023-01-11 17:00:00+01:00,50.0,12973.0
2022-10-03 20:00:00+02:00,1.0,1413.0
2022-05-04 07:00:00+02:00,299.0,1346.0
2021-06-19 22:00:00+02:00,1.0,3508.0
2023-01-02 17:00:00+01:00,15.0,4504.0
2022-02-27 08:00:00+01:00,788.0,7652.0
2023-02-02 17:00:00+01:00,340.0,6471.0
2020-06-26 21:00:00+02:00,41.0,2349.0
2021-08-16 18:00:00+02:00,1461.0,6421.0
2020-06-09 12:00:00+02:00,2554.0,2424.0
2023-06-11 04:00:00+02:00,0.0,1736.0
2022-02-09 01:00:00+01:00,2.0,2522.0
2021-10-11 01:00:00+02:00,2.0,3503.0
2023-01-13 20:00:00+01:00,1.0,10047.0
2021-06-28 21:00:00+02:00,22.0,2004.0
2021-12-06 11:00:00+01:00,1855.0,2860.0
2021-02-26 17:00:00+01:00,455.0,3468.0
2020-09-13 05:00:00+02:00,0.0,1014.0
2021-12-11 22:00:00+01:00,1.0,4937.0
2021-04-26 04:00:00+02:00,1.0,8695.0
2020-11-13 04:00:00+01:00,0.0,5344.0
2021-02-08 17:00:00+01:00,126.0,1630.0
2022-06-29 04:00:00+02:00,1.0,1082.0
2023-01-01 13:00:00+01:00,1741.0,7865.0
2022-04-23 21:00:00+02:00,1.0,5149.0
2021-10-09 19:00:00+02:00,21.0,2394.0
2023-01-03 04:00:00+01:00,1.0,4843.0
2022-12-17 20:00:00+01:00,2.0,3476.0
2022-05-18 14:00:00+02:00,5806.0,826.0
2022-12-16 06:00:00+01:00,1.0,5502.0
2021-12-23 15:00:00+01:00,843.0,5177.0
2023-01-26 22:00:00+01:00,1.0,6409.0
2020-06-25 03:00:00+02:00,0.0,3734.0
2022-08-16 03:00:00+02:00,1.0,653.0
2020-09-29 19:00:00+02:00,56.0,674.0
2020-07-07 21:00:00+02:00,41.0,1676.0
2021-08-20 07:00:00+02:00,128.0,512.0
2020-11-29 20:00:00+01:00,0.0,2726.0
2021-10-26 05:00:00+02:00,2.0,2534.0
2020-06-06 21:00:00+02:00,27.0,4446.0
2020-10-25 17:00:00+01:00,47.0,5180.0
2022-01-31 20:00:00+01:00,2.0,9811.0
2020-07-13 04:00:00+02:00,0.0,3403.0
2022-09-18 03:00:00+02:00,1.0,2604.0
2021-02-20 13:00:00+01:00,2552.0,11626.0
2020-04-01 01:00:00+02:00,0.0,6293.0
2021-01-29 23:00:00+01:00,0.0,7451.0
2021-11-02 23:00:00+01:00,2.0,2724.0
2021-11-29 03:00:00+01:00,2.0,3503.0
2022-06-08 23:00:00+02:00,1.0,6511.0
2020-08-14 05:00:00+02:00,0.0,1975.0
2022-09-10 08:00:00+02:00,692.0,4346.0
2021-03-10 21:00:00+01:00,3.0,12605.0
2022-01-26 08:00:00+01:00,93.0,637.0
2022-08-19 03:00:00+02:00,3.0,3341.0
2020-04-02 19:00:00+02:00,357.0,2795.0
2021-10-30 05:00:00+02:00,2.0,9259.0
2020-10-20 20:00:00+02:00,0.0,9175.0
2023-06-01 13:00:00+02:00,5931.0,3499.0
2023-02-14 14:00:00+01:00,5080.0,1221.0
2020-09-28 17:00:00+02:00,1464.0,4279.0
2020-12-09 17:00:00+01:00,2.0,2320.0
2022-07-24 21:00:00+02:00,23.0,1149.0
2021-04-26 15:00:00+02:00,1891.0,7159.0
2020-08-04 21:00:00+02:00,10.0,1295.0
2021-03-23 13:00:00+01:00,4369.0,395.0
2023-01-26 21:00:00+01:00,1.0,6941.0
2020-09-15 18:00:00+02:00,932.0,526.0
2021-08-21 03:00:00+02:00,1.0,1364.0
2020-11-10 11:00:00+01:00,1866.0,381.0
2020-07-08 14:00:00+02:00,3885.0,3240.0
2023-01-19 12:00:00+01:00,2068.0,2167.0
2021-11-16 17:00:00+01:00,5.0,968.0
2023-05-04 05:00:00+02:00,1.0,8890.0
2020-06-09 00:00:00+02:00,0.0,3839.0
2020-06-07 02:00:00+02:00,0.0,3235.0
2020-10-08 03:00:00+02:00,0.0,6386.0
2023-05-14 13:00:00+02:00,5595.0,1991.0
2022-09-01 15:00:00+02:00,4933.0,1139.0
2021-01-07 13:00:00+01:00,1837.0,648.0
2020-12-29 08:00:00+01:00,19.0,4269.0
2022-01-15 02:00:00+01:00,2.0,956.0
2020-04-24 20:00:00+02:00,58.0,1470.0
2022-08-30 11:00:00+02:00,4046.0,970.0
2022-06-04 08:00:00+02:00,1296.0,1843.0
2020-11-02 12:00:00+01:00,1994.0,11365.0
2021-01-13 13:00:00+01:00,1426.0,6156.0
2022-06-03 22:00:00+02:00,4.0,3310.0
2020-12-09 14:00:00+01:00,1060.0,1952.0
2020-11-30 22:00:00+01:00,0.0,6126.0
2023-06-13 08:00:00+02:00,1333.0,1834.0
2022-09-13 14:00:00+02:00,3116.0,2350.0
2020-12-26 12:00:00+01:00,2007.0,4735.0
2022-02-05 05:00:00+01:00,1.0,4025.0
2022-11-23 12:00:00+01:00,2455.0,11878.0
2022-05-15 02:00:00+02:00,1.0,4266.0
2022-02-17 23:00:00+01:00,2.0,6118.0
2021-09-10 16:00:00+02:00,2519.0,2375.0
2020-10-14 04:00:00+02:00,0.0,2078.0
2021-11-04 16:00:00+01:00,679.0,2924.0
2022-08-21 23:00:00+02:00,1.0,2085.0
2021-12-10 12:00:00+01:00,1005.0,14647.0
2021-11-03 09:00:00+01:00,825.0,3048.0
2022-11-20 05:00:00+01:00,1.0,5611.0
2022-07-24 22:00:00+02:00,3.0,1502.0
2022-05-14 10:00:00+02:00,4463.0,414.0
2020-11-07 05:00:00+01:00,0.0,6487.0
2022-12-14 15:00:00+01:00,851.0,1636.0
2022-08-03 14:00:00+02:00,5973.0,386.0
2022-11-28 10:00:00+01:00,943.0,3366.0
2022-11-13 06:00:00+01:00,1.0,2171.0
2021-12-26 20:00:00+01:00,1.0,3069.0
2023-06-01 03:00:00+02:00,0.0,6712.0
2020-04-16 15:00:00+02:00,2757.0,1730.0
2022-02-24 15:00:00+01:00,1933.0,13174.0
2023-02-24 21:00:00+01:00,2.0,4362.0
2022-04-15 09:00:00+02:00,2092.0,1032.0
2022-09-25 06:00:00+02:00,1.0,2833.0
2023-05-11 05:00:00+02:00,1.0,1876.0
2022-07-05 13:00:00+02:00,6059.0,1368.0
2022-11-18 14:00:00+01:00,2068.0,4052.0
2021-07-19 21:00:00+02:00,35.0,3378.0
2021-07-29 20:00:00+02:00,225.0,1133.0
2020-07-20 13:00:00+02:00,3857.0,2180.0
2020-05-13 09:00:00+02:00,657.0,3378.0
2020-10-19 03:00:00+02:00,0.0,1459.0
2021-05-20 03:00:00+02:00,1.0,2078.0
2022-10-08 01:00:00+02:00,1.0,2967.0
2021-06-20 00:00:00+02:00,1.0,3103.0
2020-10-30 03:00:00+01:00,0.0,7499.0
2021-07-13 13:00:00+02:00,2769.0,3630.0
2020-05-30 20:00:00+02:00,237.0,3052.0
2020-02-29 17:00:00+01:00,243.0,11816.0
2022-03-12 16:00:00+01:00,1569.0,8408.0
2022-09-11 06:00:00+02:00,1.0,445.0
2020-07-25 06:00:00+02:00,13.0,1501.0
2021-02-03 03:00:00+01:00,0.0,8770.0
2023-03-23 18:00:00+01:00,182.0,12495.0
2021-01-02 23:00:00+01:00,0.0,1486.0
2020-10-18 04:00:00+02:00,0.0,665.0
2022-11-25 21:00:00+01:00,1.0,3757.0
2022-02-19 08:00:00+01:00,353.0,7284.0
2022-07-22 03:00:00+02:00,1.0,3102.0
2023-04-01 21:00:00+02:00,3.0,8653.0
2021-01-26 11:00:00+01:00,2030.0,2945.0
2022-04-27 07:00:00+02:00,265.0,5388.0
2020-05-15 11:00:00+02:00,2951.0,4708.0
2022-02-28 23:00:00+01:00,3.0,3449.0
2023-02-10 11:00:00+01:00,4758.0,932.0
2021-02-17 01:00:00+01:00,0.0,8877.0
2023-04-23 20:00:00+02:00,100.0,10097.0
2021-12-21 05:00:00+01:00,1.0,2800.0
2020-10-24 04:00:00+02:00,0.0,6469.0
2020-06-13 01:00:00+02:00,1.0,3370.0
2022-12-18 01:00:00+01:00,1.0,4482.0
2021-11-19 21:00:00+01:00,2.0,1768.0
2021-03-28 01:00:00+01:00,1.0,3187.0
2020-09-04 02:00:00+02:00,0.0,1764.0
2021-04-29 08:00:00+02:00,375.0,2068.0
2022-12-01 16:00:00+01:00,256.0,3626.0
2021-06-14 10:00:00+02:00,3617.0,300.0
2021-01-29 17:00:00+01:00,79.0,12407.0
2020-06-12 16:00:00+02:00,2090.0,4300.0
2022-10-24 03:00:00+02:00,1.0,12580.0
2022-08-31 12:00:00+02:00,4386.0,1972.0
2022-03-26 23:00:00+01:00,4.0,8594.0
2022-05-20 02:00:00+02:00,1.0,2783.0
2023-01-04 09:00:00+01:00,589.0,14899.0
2022-01-22 03:00:00+01:00,2.0,3202.0
2021-03-14 06:00:00+01:00,1.0,9804.0
2023-01-25 01:00:00+01:00,1.0,1989.0
2023-05-13 03:00:00+02:00,0.0,5081.0
2021-08-30 04:00:00+02:00,2.0,2833.0
2020-06-04 16:00:00+02:00,1968.0,4125.0
2022-11-28 18:00:00+01:00,2.0,3267.0
2022-05-28 13:00:00+02:00,5987.0,2780.0
2022-08-16 16:00:00+02:00,3358.0,1598.0
2021-08-15 06:00:00+02:00,4.0,990.0
2022-04-02 13:00:00+02:00,3278.0,9934.0
2021-11-10 20:00:00+01:00,2.0,996.0
2022-04-08 17:00:00+02:00,1698.0,10474.0
2022-11-13 13:00:00+01:00,3384.0,742.0
2022-08-14 03:00:00+02:00,5.0,4167.0
2021-05-04 17:00:00+02:00,1987.0,10663.0
2023-04-21 01:00:00+02:00,0.0,3360.0
2020-02-28 20:00:00+01:00,0.0,11077.0
2021-01-10 22:00:00+01:00,0.0,2618.0
2021-04-10 23:00:00+02:00,1.0,3996.0
2022-02-27 09:00:00+01:00,2204.0,6373.0
2023-06-18 04:00:00+02:00,0.0,3273.0
2021-12-08 16:00:00+01:00,192.0,4143.0
2021-10-18 20:00:00+02:00,3.0,4523.0
2020-10-08 14:00:00+02:00,2610.0,9466.0
2020-11-11 08:00:00+01:00,310.0,1062.0
2021-12-11 12:00:00+01:00,2164.0,2081.0
2021-08-03 02:00:00+02:00,1.0,1109.0
2020-01-31 13:00:00+01:00,1684.0,6517.0
2021-11-26 05:00:00+01:00,2.0,2292.0
2021-04-12 07:00:00+02:00,71.0,2091.0
2022-08-31 21:00:00+02:00,1.0,3083.0
2022-04-03 19:00:00+02:00,306.0,2251.0
2021-10-23 13:00:00+02:00,4430.0,1017.0
2022-05-29 21:00:00+02:00,31.0,3740.0
2020-08-21 23:00:00+02:00,2.0,4845.0
2021-03-16 00:00:00+01:00,2.0,4254.0
2022-03-11 06:00:00+01:00,4.0,11172.0
2020-12-26 22:00:00+01:00,0.0,11604.0
2022-07-20 01:00:00+02:00,8.0,3801.0
2021-04-06 20:00:00+02:00,34.0,5759.0
2021-11-15 06:00:00+01:00,2.0,3170.0
2020-06-23 09:00:00+02:00,2159.0,619.0
2023-03-23 12:00:00+01:00,3976.0,12176.0
2020-09-15 08:00:00+02:00,359.0,2580.0
2020-02-17 10:00:00+01:00,440.0,8847.0
2021-06-17 04:00:00+02:00,1.0,5126.0
2022-06-28 06:00:00+02:00,77.0,1286.0
2021-04-25 02:00:00+02:00,1.0,8272.0
2023-03-25 04:00:00+01:00,0.0,15210.0
2021-11-12 02:00:00+01:00,2.0,976.0
2022-12-20 08:00:00+01:00,20.0,12645.0
2023-06-22 00:00:00+02:00,1.0,3287.0
2023-06-22 21:00:00+02:00,68.0,3814.0
2023-06-01 10:00:00+02:00,4900.0,2798.0
2023-02-13 14:00:00+01:00,5343.0,996.0
2022-01-01 14:00:00+01:00,2399.0,2811.0
2020-04-25 18:00:00+02:00,1298.0,1319.0
2023-02-23 09:00:00+01:00,675.0,2022.0
2021-07-27 14:00:00+02:00,2848.0,3155.0
2021-06-08 21:00:00+02:00,49.0,1474.0
2020-08-13 16:00:00+02:00,1867.0,2661.0
2020-11-01 04:00:00+01:00,0.0,6201.0
2020-08-20 08:00:00+02:00,618.0,2301.0
2020-05-31 05:00:00+02:00,0.0,4928.0
2023-04-21 08:00:00+02:00,1183.0,2434.0
2022-02-18 12:00:00+01:00,3402.0,14909.0
2022-11-24 17:00:00+01:00,5.0,9924.0
2022-04-25 01:00:00+02:00,1.0,3697.0
2023-05-15 06:00:00+02:00,46.0,2485.0
2021-04-18 05:00:00+02:00,1.0,3029.0
2020-06-03 21:00:00+02:00,25.0,4005.0
2020-02-01 18:00:00+01:00,0.0,10718.0
2021-03-14 05:00:00+01:00,1.0,9909.0
2022-11-11 05:00:00+01:00,1.0,3164.0
2022-09-26 03:00:00+02:00,1.0,2651.0
2022-09-01 20:00:00+02:00,46.0,2034.0
2022-09-13 21:00:00+02:00,2.0,2749.0
2022-04-25 08:00:00+02:00,903.0,2704.0
2022-06-11 22:00:00+02:00,3.0,2486.0
2020-06-21 10:00:00+02:00,2523.0,3184.0
2023-01-27 13:00:00+01:00,2045.0,8484.0
2021-11-07 07:00:00+01:00,16.0,5695.0
2021-07-06 21:00:00+02:00,47.0,2552.0
2022-09-22 19:00:00+02:00,182.0,260.0
2022-03-17 15:00:00+01:00,1202.0,4189.0
2020-12-25 12:00:00+01:00,1805.0,6079.0
2020-09-10 11:00:00+02:00,2310.0,723.0
2021-08-06 04:00:00+02:00,2.0,5806.0
2021-12-16 04:00:00+01:00,1.0,1953.0
2020-01-02 10:00:00+01:00,790.0,2666.0
2022-09-24 12:00:00+02:00,2699.0,1014.0
2023-04-10 06:00:00+02:00,1.0,4687.0
2021-10-25 15:00:00+02:00,2412.0,2064.0
2021-12-21 18:00:00+01:00,2.0,2235.0
2022-11-15 05:00:00+01:00,1.0,8032.0
2023-01-06 02:00:00+01:00,1.0,7331.0
2020-06-11 16:00:00+02:00,1472.0,3675.0
2021-06-26 10:00:00+02:00,3190.0,127.0
2023-06-28 05:00:00+02:00,1.0,1796.0
2022-07-24 02:00:00+02:00,1.0,673.0
2020-01-23 22:00:00+01:00,0.0,2803.0
2021-02-17 21:00:00+01:00,1.0,7526.0
2022-02-01 06:00:00+01:00,2.0,5946.0
2022-06-30 19:00:00+02:00,1010.0,2554.0
2023-04-24 04:00:00+02:00,0.0,8858.0
2021-10-12 01:00:00+02:00,1.0,3055.0
2020-08-16 16:00:00+02:00,2466.0,1683.0
2020-08-08 04:00:00+02:00,0.0,1303.0
2023-06-05 23:00:00+02:00,1.0,7308.0
2020-12-12 13:00:00+01:00,1594.0,5807.0
2022-10-26 22:00:00+02:00,1.0,4942.0
2020-01-31 18:00:00+01:00,0.0,7252.0
2021-10-04 03:00:00+02:00,2.0,4562.0
2020-12-25 16:00:00+01:00,263.0,5630.0
2022-08-27 02:00:00+02:00,1.0,2720.0
2021-12-17 06:00:00+01:00,1.0,6659.0
2020-12-02 06:00:00+01:00,0.0,3534.0
2021-07-28 13:00:00+02:00,3534.0,5600.0
2021-06-10 23:00:00+02:00,1.0,1807.0
2023-05-10 05:00:00+02:00,1.0,7217.0
2023-06-01 16:00:00+02:00,4765.0,4725.0
2022-07-30 16:00:00+02:00,4530.0,2495.0
2022-07-25 02:00:00+02:00,2.0,2077.0
2022-04-22 22:00:00+02:00,1.0,5046.0
2021-10-29 05:00:00+02:00,2.0,11530.0
2022-02-21 13:00:00+01:00,2881.0,15775.0
2020-06-06 07:00:00+02:00,278.0,4925.0
2023-02-22 03:00:00+01:00,0.0,2987.0
2021-04-04 01:00:00+02:00,2.0,7116.0
2020-01-18 15:00:00+01:00,1229.0,929.0
2020-09-11 02:00:00+02:00,0.0,1513.0
2020-07-04 07:00:00+02:00,319.0,4907.0
2020-07-21 00:00:00+02:00,0.0,4881.0
2023-05-18 09:00:00+02:00,3196.0,2148.0
2023-01-03 20:00:00+01:00,1.0,12235.0
2023-04-10 11:00:00+02:00,4523.0,5014.0
2022-04-09 22:00:00+02:00,4.0,2011.0
2021-03-15 13:00:00+01:00,1942.0,8982.0
2022-07-25 10:00:00+02:00,3182.0,5002.0
2020-06-18 06:00:00+02:00,46.0,1451.0
2022-04-20 01:00:00+02:00,1.0,4833.0
2020-08-16 11:00:00+02:00,2401.0,1313.0
2021-04-26 22:00:00+02:00,1.0,6690.0
2021-04-12 13:00:00+02:00,3680.0,2714.0
2023-01-13 04:00:00+01:00,1.0,14025.0
2021-04-22 06:00:00+02:00,2.0,5871.0
2021-07-25 17:00:00+02:00,2395.0,3897.0
2021-05-17 18:00:00+02:00,1829.0,10143.0
2020-11-02 02:00:00+01:00,0.0,9913.0
2021-07-23 09:00:00+02:00,1780.0,1545.0
2023-03-24 02:00:00+01:00,1.0,13164.0
2022-05-07 01:00:00+02:00,2.0,3702.0
2022-02-01 14:00:00+01:00,1811.0,12461.0
2020-01-15 05:00:00+01:00,0.0,12553.0
2023-03-18 23:00:00+01:00,1.0,3679.0
2022-04-13 03:00:00+02:00,1.0,1858.0
2020-05-10 12:00:00+02:00,1171.0,1469.0
2023-06-20 04:00:00+02:00,0.0,3254.0
2022-02-27 14:00:00+01:00,4091.0,4557.0
2021-09-24 19:00:00+02:00,110.0,718.0
2023-01-16 08:00:00+01:00,17.0,13679.0
2021-05-27 15:00:00+02:00,4342.0,535.0
2022-08-14 07:00:00+02:00,114.0,3456.0
2020-08-22 22:00:00+02:00,1.0,3859.0
2020-04-01 10:00:00+02:00,1931.0,1894.0
2021-08-21 11:00:00+02:00,3629.0,517.0
2022-03-16 22:00:00+01:00,5.0,4761.0
2022-10-07 01:00:00+02:00,1.0,1082.0
2021-08-21 00:00:00+02:00,2.0,1487.0
2020-12-22 22:00:00+01:00,0.0,7521.0
2020-12-01 05:00:00+01:00,0.0,7571.0
2023-06-11 01:00:00+02:00,0.0,1859.0
2023-03-21 19:00:00+01:00,5.0,4972.0
2021-09-13 04:00:00+02:00,2.0,2142.0
2020-10-15 01:00:00+02:00,0.0,5074.0
2020-08-02 01:00:00+02:00,0.0,3279.0
2021-12-17 00:00:00+01:00,1.0,6632.0
2023-04-03 19:00:00+02:00,585.0,7283.0
2021-12-02 18:00:00+01:00,2.0,5570.0
2020-10-21 13:00:00+02:00,2355.0,13402.0
2022-09-06 20:00:00+02:00,26.0,3921.0
2020-05-03 19:00:00+02:00,634.0,1002.0
2020-02-15 10:00:00+01:00,2181.0,7095.0
2021-12-15 20:00:00+01:00,1.0,1567.0
2022-05-10 14:00:00+02:00,5551.0,4038.0
2020-10-12 23:00:00+02:00,0.0,2917.0
2023-04-11 04:00:00+02:00,0.0,9117.0
2020-05-06 01:00:00+02:00,0.0,2906.0
2021-04-07 16:00:00+02:00,3895.0,6407.0
2021-06-01 16:00:00+02:00,2540.0,3051.0
2020-09-05 18:00:00+02:00,1168.0,2788.0
2020-10-16 06:00:00+02:00,0.0,3066.0
2023-06-11 05:00:00+02:00,2.0,1819.0
2021-06-07 06:00:00+02:00,54.0,1210.0
2020-05-29 16:00:00+02:00,3121.0,4505.0
2021-06-27 20:00:00+02:00,210.0,1175.0
2021-03-13 09:00:00+01:00,1661.0,13917.0
2022-05-13 01:00:00+02:00,1.0,2434.0
2021-11-11 14:00:00+01:00,2247.0,273.0
2021-10-14 02:00:00+02:00,2.0,1869.0
2023-03-28 21:00:00+02:00,4.0,5647.0
2023-02-22 09:00:00+01:00,660.0,3457.0
2022-05-01 21:00:00+02:00,4.0,2297.0
2021-03-06 09:00:00+01:00,1306.0,4538.0
2022-07-02 07:00:00+02:00,564.0,1221.0
2020-04-02 23:00:00+02:00,0.0,3045.0
2022-07-17 01:00:00+02:00,4.0,6557.0
2020-06-01 03:00:00+02:00,0.0,5201.0
2020-07-04 01:00:00+02:00,2.0,3446.0
2022-01-21 02:00:00+01:00,2.0,5228.0
2023-06-12 18:00:00+02:00,2027.0,2039.0
2022-07-14 06:00:00+02:00,49.0,1038.0
2020-12-13 18:00:00+01:00,0.0,9276.0
2022-01-25 02:00:00+01:00,2.0,523.0
2020-09-12 12:00:00+02:00,3552.0,752.0
2022-02-02 07:00:00+01:00,2.0,7250.0
2021-10-27 22:00:00+02:00,2.0,4013.0
2022-04-18 16:00:00+02:00,4455.0,638.0
2020-09-10 15:00:00+02:00,2269.0,696.0
2022-11-20 00:00:00+01:00,1.0,4192.0
2023-01-02 16:00:00+01:00,287.0,5006.0
2022-01-25 19:00:00+01:00,3.0,185.0
2022-10-05 02:00:00+02:00,1.0,3848.0
2020-11-27 12:00:00+01:00,1764.0,1117.0
2021-07-14 20:00:00+02:00,270.0,6346.0
2021-03-31 00:00:00+02:00,3.0,1862.0
2020-11-07 06:00:00+01:00,0.0,6539.0
2021-07-24 08:00:00+02:00,760.0,3193.0
2021-04-20 01:00:00+02:00,2.0,841.0
2022-12-29 18:00:00+01:00,2.0,7957.0
2020-04-30 21:00:00+02:00,0.0,9516.0
2020-09-24 07:00:00+02:00,6.0,5608.0
2023-01-19 16:00:00+01:00,346.0,1890.0
2022-04-06 03:00:00+02:00,1.0,5432.0
2020-09-17 15:00:00+02:00,3212.0,5086.0
2022-04-08 11:00:00+02:00,2455.0,6516.0
2020-08-10 00:00:00+02:00,0.0,3735.0
2020-09-05 07:00:00+02:00,35.0,2379.0
2022-09-06 06:00:00+02:00,1.0,2969.0
2022-07-02 12:00:00+02:00,6121.0,1000.0
2020-06-21 14:00:00+02:00,3339.0,4528.0
2020-06-17 10:00:00+02:00,2139.0,792.0
2023-06-04 08:00:00+02:00,2060.0,2648.0
2021-04-27 06:00:00+02:00,4.0,3683.0
2020-07-23 04:00:00+02:00,0.0,1520.0
2023-01-17 12:00:00+01:00,1648.0,3401.0
2022-10-31 15:00:00+01:00,1014.0,6969.0
2020-01-21 19:00:00+01:00,0.0,3788.0
2022-03-20 01:00:00+01:00,4.0,6639.0
2020-08-03 03:00:00+02:00,0.0,2091.0
2022-12-12 18:00:00+01:00,2.0,5553.0
2021-06-28 10:00:00+02:00,2225.0,777.0
2021-12-03 04:00:00+01:00,1.0,3513.0
2020-01-01 06:00:00+01:00,0.0,2320.0
2021-03-28 00:00:00+01:00,1.0,2793.0
2020-01-05 00:00:00+01:00,0.0,1741.0
2021-10-03 19:00:00+02:00,42.0,4866.0
2021-09-22 18:00:00+02:00,1063.0,1069.0
2023-06-25 14:00:00+02:00,4595.0,1520.0
2021-08-17 09:00:00+02:00,1822.0,1344.0
2023-02-10 02:00:00+01:00,0.0,544.0
2021-11-24 17:00:00+01:00,10.0,1566.0
2021-08-10 23:00:00+02:00,3.0,650.0
2020-07-01 19:00:00+02:00,583.0,4647.0
2023-06-04 11:00:00+02:00,5461.0,2653.0
2022-05-18 13:00:00+02:00,5936.0,722.0
2023-05-25 15:00:00+02:00,5625.0,9055.0
2022-09-29 12:00:00+02:00,3225.0,856.0
2023-03-01 19:00:00+01:00,3.0,7704.0
2020-02-25 10:00:00+01:00,988.0,7573.0
2022-05-19 03:00:00+02:00,1.0,4310.0
2021-12-29 20:00:00+01:00,1.0,12679.0
2021-03-13 06:00:00+01:00,1.0,14051.0
2021-06-21 19:00:00+02:00,796.0,2828.0
2022-09-08 00:00:00+02:00,1.0,4421.0
2022-11-26 15:00:00+01:00,1284.0,3391.0
2022-01-20 14:00:00+01:00,1954.0,4511.0
2022-06-23 17:00:00+02:00,2981.0,1512.0
2022-12-04 00:00:00+01:00,1.0,3488.0
2022-12-29 10:00:00+01:00,790.0,13093.0
2023-06-13 21:00:00+02:00,60.0,4379.0
2022-08-19 02:00:00+02:00,3.0,3515.0
2020-04-30 05:00:00+02:00,0.0,8674.0
2022-10-06 20:00:00+02:00,1.0,582.0
2023-01-14 11:00:00+01:00,1910.0,16492.0
2023-03-14 03:00:00+01:00,1.0,15768.0
2022-03-26 13:00:00+01:00,5619.0,7536.0
2022-12-04 20:00:00+01:00,1.0,1126.0
2020-05-30 12:00:00+02:00,3702.0,3638.0
2022-02-03 14:00:00+01:00,1619.0,1998.0
2022-09-20 12:00:00+02:00,5643.0,1503.0
2022-11-04 22:00:00+01:00,1.0,5006.0
2021-12-14 16:00:00+01:00,398.0,662.0
2020-10-13 18:00:00+02:00,183.0,3275.0
2023-06-04 21:00:00+02:00,51.0,5839.0
2021-01-05 21:00:00+01:00,0.0,1568.0
2023-04-30 06:00:00+02:00,11.0,3975.0
2020-01-20 06:00:00+01:00,0.0,5973.0
2021-11-29 19:00:00+01:00,2.0,3482.0
2022-12-03 09:00:00+01:00,302.0,6304.0
2020-06-26 14:00:00+02:00,3055.0,2248.0
2021-11-17 18:00:00+01:00,4.0,1852.0
2022-04-23 04:00:00+02:00,1.0,5945.0
2022-01-12 03:00:00+01:00,1.0,2277.0
2022-10-23 07:00:00+02:00,1.0,8676.0
2021-01-19 08:00:00+01:00,58.0,10801.0
2021-08-15 23:00:00+02:00,2.0,5567.0
2022-09-21 04:00:00+02:00,1.0,2912.0
2020-07-24 02:00:00+02:00,0.0,1760.0
2021-03-15 09:00:00+01:00,1114.0,8704.0
2020-05-08 14:00:00+02:00,3122.0,1435.0
2022-04-24 07:00:00+02:00,92.0,2755.0
2022-01-29 15:00:00+01:00,1490.0,9656.0
2020-02-16 18:00:00+01:00,10.0,12005.0
2020-10-21 20:00:00+02:00,0.0,8508.0
2020-06-25 02:00:00+02:00,0.0,3870.0
2022-03-02 11:00:00+01:00,1919.0,1138.0
2020-08-07 13:00:00+02:00,3820.0,855.0
2021-03-31 07:00:00+02:00,28.0,2368.0
2022-07-29 11:00:00+02:00,3051.0,623.0
2021-09-21 00:00:00+02:00,2.0,3363.0
2022-08-26 20:00:00+02:00,80.0,2409.0
2020-07-01 15:00:00+02:00,2221.0,4164.0
2023-03-27 23:00:00+02:00,1.0,2087.0
2020-04-05 19:00:00+02:00,379.0,5112.0
2023-02-16 07:00:00+01:00,10.0,4373.0
2022-08-17 21:00:00+02:00,2.0,1286.0
2022-01-26 12:00:00+01:00,3110.0,526.0
2022-11-02 11:00:00+01:00,4266.0,3249.0
2022-03-05 16:00:00+01:00,1778.0,2483.0
2021-08-02 02:00:00+02:00,1.0,1202.0
2021-12-21 21:00:00+01:00,1.0,3055.0
2021-06-27 00:00:00+02:00,1.0,3791.0
2022-02-05 18:00:00+01:00,6.0,8164.0
2021-12-12 19:00:00+01:00,1.0,2197.0
2022-05-13 10:00:00+02:00,3637.0,1058.0
2022-03-06 22:00:00+01:00,4.0,7783.0
2023-05-21 15:00:00+02:00,2172.0,2120.0
2020-09-19 20:00:00+02:00,1.0,2624.0
2021-05-30 20:00:00+02:00,290.0,3295.0
2023-02-01 12:00:00+01:00,3119.0,7929.0
2021-07-21 05:00:00+02:00,1.0,1884.0
2022-08-04 08:00:00+02:00,1065.0,1210.0
2023-04-14 07:00:00+02:00,132.0,4888.0
2020-09-15 01:00:00+02:00,1.0,3038.0
2021-12-28 09:00:00+01:00,216.0,14486.0
2023-05-08 04:00:00+02:00,0.0,1378.0
2020-08-29 05:00:00+02:00,0.0,2760.0
2020-09-23 00:00:00+02:00,0.0,2458.0
2021-02-08 00:00:00+01:00,0.0,1387.0
2020-12-19 01:00:00+01:00,0.0,10526.0
2023-06-12 04:00:00+02:00,0.0,1522.0
2023-03-31 10:00:00+02:00,1045.0,9026.0
2021-04-29 13:00:00+02:00,2280.0,2012.0
2022-08-16 10:00:00+02:00,3119.0,882.0
2021-10-01 21:00:00+02:00,2.0,4734.0
2021-03-20 22:00:00+01:00,4.0,4206.0
2021-11-27 21:00:00+01:00,2.0,6471.0
2021-04-22 23:00:00+02:00,1.0,7211.0
2020-12-07 16:00:00+01:00,89.0,2116.0
2020-05-08 18:00:00+02:00,1408.0,1358.0
2021-01-12 14:00:00+01:00,948.0,9292.0
2020-08-30 17:00:00+02:00,1916.0,4773.0
2023-02-16 13:00:00+01:00,4910.0,4927.0
2023-01-28 10:00:00+01:00,929.0,5214.0
2020-10-16 10:00:00+02:00,1281.0,2390.0
2020-07-29 07:00:00+02:00,187.0,1045.0
2020-09-09 08:00:00+02:00,333.0,702.0
2020-06-05 23:00:00+02:00,0.0,5351.0
2020-08-09 19:00:00+02:00,578.0,2519.0
2020-02-04 05:00:00+01:00,0.0,10522.0
2021-10-12 23:00:00+02:00,2.0,3534.0
2022-11-16 08:00:00+01:00,304.0,9444.0
2023-03-25 02:00:00+01:00,1.0,15406.0
2020-02-06 14:00:00+01:00,2479.0,2334.0
2021-05-18 15:00:00+02:00,2409.0,3181.0
2022-07-29 07:00:00+02:00,223.0,722.0
2023-03-23 11:00:00+01:00,3523.0,11645.0
2020-02-21 22:00:00+01:00,1.0,7128.0
2023-03-21 12:00:00+01:00,4034.0,3856.0
2021-04-15 22:00:00+02:00,1.0,5524.0
2021-05-19 14:00:00+02:00,3857.0,6466.0
2020-09-17 09:00:00+02:00,1336.0,5336.0
2023-04-27 21:00:00+02:00,0.0,2126.0
2022-04-11 23:00:00+02:00,2.0,9298.0
2021-08-28 12:00:00+02:00,4518.0,3418.0
2021-08-20 11:00:00+02:00,4031.0,354.0
2023-05-04 06:00:00+02:00,29.0,8424.0
2021-05-14 06:00:00+02:00,22.0,3054.0
2020-10-19 16:00:00+02:00,1675.0,5408.0
2021-06-09 14:00:00+02:00,4171.0,669.0
2021-04-29 16:00:00+02:00,1802.0,1569.0
2022-11-23 16:00:00+01:00,402.0,11603.0
2021-07-12 12:00:00+02:00,2208.0,1819.0
2020-05-19 10:00:00+02:00,2995.0,1356.0
2022-09-17 08:00:00+02:00,736.0,4544.0
2023-06-12 15:00:00+02:00,4487.0,766.0
2021-02-24 19:00:00+01:00,3.0,5251.0
2023-03-01 04:00:00+01:00,2.0,8005.0
2021-01-05 17:00:00+01:00,5.0,1954.0
2020-09-18 03:00:00+02:00,0.0,6395.0
2022-07-10 01:00:00+02:00,4.0,5625.0
2020-01-15 09:00:00+01:00,245.0,12401.0
2021-01-14 18:00:00+01:00,1.0,10173.0
2021-12-31 21:00:00+01:00,1.0,3693.0
2020-05-01 08:00:00+02:00,298.0,6558.0
2022-03-30 14:00:00+02:00,1785.0,1273.0
2021-07-20 01:00:00+02:00,2.0,4011.0
2021-05-21 19:00:00+02:00,549.0,11155.0
2021-07-06 15:00:00+02:00,2749.0,8093.0
2020-05-07 16:00:00+02:00,2912.0,593.0
2022-01-26 11:00:00+01:00,2720.0,536.0
2022-07-12 07:00:00+02:00,472.0,2158.0
2023-02-21 11:00:00+01:00,3436.0,645.0
2021-05-04 23:00:00+02:00,1.0,7065.0
2020-05-02 17:00:00+02:00,1482.0,3286.0
2021-02-04 18:00:00+01:00,1.0,3050.0
2022-06-26 03:00:00+02:00,0.0,2035.0
2021-10-31 09:00:00+01:00,1114.0,11059.0
2022-03-30 20:00:00+02:00,9.0,2214.0
2020-11-06 07:00:00+01:00,17.0,6540.0
2022-10-29 02:00:00+02:00,1.0,4710.0
2021-10-17 08:00:00+02:00,169.0,1878.0
2021-03-23 02:00:00+01:00,1.0,2186.0
2023-05-18 21:00:00+02:00,15.0,5347.0
2020-02-14 22:00:00+01:00,0.0,5141.0
2021-01-09 10:00:00+01:00,597.0,3598.0
2023-05-25 13:00:00+02:00,5296.0,9652.0
2022-02-18 18:00:00+01:00,12.0,13305.0
2021-04-26 21:00:00+02:00,1.0,6477.0
2020-01-24 21:00:00+01:00,0.0,566.0
2022-06-13 20:00:00+02:00,438.0,1738.0
2022-03-22 13:00:00+01:00,5201.0,3718.0
2022-12-06 23:00:00+01:00,1.0,2363.0
2022-01-26 03:00:00+01:00,2.0,358.0
2020-06-01 00:00:00+02:00,0.0,5912.0
2022-07-14 00:00:00+02:00,2.0,1065.0
2021-09-15 16:00:00+02:00,2050.0,1448.0
2022-07-05 02:00:00+02:00,3.0,3649.0
2021-10-03 14:00:00+02:00,1480.0,8090.0
2021-05-24 07:00:00+02:00,185.0,7227.0
2020-09-23 17:00:00+02:00,1236.0,5512.0
2022-06-27 03:00:00+02:00,0.0,1121.0
2022-06-06 04:00:00+02:00,1.0,1879.0
2022-08-25 10:00:00+02:00,3349.0,1436.0
2022-10-07 21:00:00+02:00,1.0,2175.0
2021-05-25 12:00:00+02:00,3703.0,9831.0
2021-08-15 05:00:00+02:00,2.0,909.0
2022-03-09 00:00:00+01:00,5.0,4832.0
2021-08-06 03:00:00+02:00,2.0,6002.0
2021-10-20 02:00:00+02:00,2.0,11215.0
2020-10-24 16:00:00+02:00,1400.0,10474.0
2020-12-19 20:00:00+01:00,0.0,6754.0
2022-04-14 07:00:00+02:00,134.0,1275.0
2022-09-02 16:00:00+02:00,3104.0,1119.0
2021-01-30 07:00:00+01:00,0.0,5952.0
2022-08-26 01:00:00+02:00,13.0,4224.0
2020-09-15 13:00:00+02:00,2964.0,447.0
2020-01-17 13:00:00+01:00,820.0,8909.0
2021-11-28 08:00:00+01:00,110.0,8928.0
2021-09-14 07:00:00+02:00,17.0,2997.0
2021-01-17 15:00:00+01:00,1398.0,4381.0
2021-07-30 19:00:00+02:00,853.0,9347.0
2021-09-09 05:00:00+02:00,2.0,1672.0
2021-06-14 08:00:00+02:00,1473.0,630.0
2020-06-07 05:00:00+02:00,0.0,2381.0
2023-03-09 00:00:00+01:00,2.0,15139.0
2020-09-03 00:00:00+02:00,0.0,934.0
2022-10-08 00:00:00+02:00,1.0,3083.0
2021-02-05 00:00:00+01:00,0.0,3140.0
2021-05-01 11:00:00+02:00,1915.0,1322.0
2021-06-16 01:00:00+02:00,1.0,1576.0
2021-07-13 09:00:00+02:00,1308.0,2953.0
2023-06-15 02:00:00+02:00,0.0,2853.0
2022-10-22 07:00:00+02:00,1.0,4400.0
2021-07-22 13:00:00+02:00,4897.0,1608.0
2021-01-22 13:00:00+01:00,1064.0,2815.0
2020-01-04 20:00:00+01:00,1.0,2816.0
2020-02-28 14:00:00+01:00,1858.0,9171.0
2020-12-16 09:00:00+01:00,395.0,7018.0
2021-05-20 23:00:00+02:00,1.0,9359.0
2022-01-09 04:00:00+01:00,1.0,12631.0
2021-09-05 20:00:00+02:00,24.0,737.0
2022-10-26 19:00:00+02:00,1.0,2373.0
2023-01-26 11:00:00+01:00,1747.0,4095.0
2021-11-08 05:00:00+01:00,1.0,1941.0
2022-11-04 14:00:00+01:00,2369.0,7565.0
2020-05-30 11:00:00+02:00,3422.0,2732.0
2022-09-01 03:00:00+02:00,1.0,3468.0
2021-01-14 12:00:00+01:00,1477.0,8432.0
2020-12-18 04:00:00+01:00,0.0,5854.0
2022-09-21 08:00:00+02:00,681.0,2758.0
2020-09-09 21:00:00+02:00,0.0,1643.0
2020-10-19 07:00:00+02:00,0.0,2703.0
2023-06-26 23:00:00+02:00,1.0,4037.0
2022-02-04 06:00:00+01:00,1.0,6506.0
2020-05-18 17:00:00+02:00,2506.0,2193.0
2020-09-08 06:00:00+02:00,0.0,1332.0
2021-06-08 07:00:00+02:00,465.0,856.0
2023-03-11 18:00:00+01:00,89.0,3822.0
2023-03-11 05:00:00+01:00,2.0,3953.0
2022-04-05 20:00:00+02:00,20.0,6835.0
2021-01-07 04:00:00+01:00,0.0,488.0
2021-09-11 04:00:00+02:00,1.0,1577.0
2020-04-23 04:00:00+02:00,0.0,2493.0
2021-04-14 04:00:00+02:00,1.0,3423.0
2021-11-17 23:00:00+01:00,2.0,1637.0
2021-05-03 14:00:00+02:00,4665.0,4555.0
2020-10-24 08:00:00+02:00,59.0,8482.0
2020-01-15 15:00:00+01:00,572.0,9044.0
2021-08-23 23:00:00+02:00,2.0,5078.0
2021-06-09 03:00:00+02:00,1.0,1234.0
2021-11-05 05:00:00+01:00,2.0,2908.0
2020-12-26 16:00:00+01:00,270.0,7627.0
2020-12-11 03:00:00+01:00,0.0,7098.0
2020-09-28 10:00:00+02:00,1352.0,3228.0
2020-11-19 04:00:00+01:00,0.0,7979.0
2022-10-27 03:00:00+02:00,1.0,7497.0
2020-01-31 22:00:00+01:00,0.0,8280.0
2020-10-02 04:00:00+02:00,0.0,10170.0
2021-03-05 16:00:00+01:00,1402.0,6781.0
2023-01-22 15:00:00+01:00,1363.0,4325.0
2022-05-31 08:00:00+02:00,1264.0,432.0
2023-06-11 12:00:00+02:00,5709.0,601.0
2021-01-05 09:00:00+01:00,141.0,1996.0
2022-12-02 16:00:00+01:00,211.0,3508.0
2022-02-24 20:00:00+01:00,1.0,8883.0
2021-06-28 13:00:00+02:00,2853.0,1006.0
2022-12-04 22:00:00+01:00,1.0,820.0
2023-04-17 19:00:00+02:00,772.0,5985.0
2020-02-23 16:00:00+01:00,1655.0,11509.0
2021-08-07 00:00:00+02:00,3.0,2723.0
2022-03-06 04:00:00+01:00,4.0,3662.0
2020-02-19 14:00:00+01:00,2022.0,6162.0
2020-02-15 07:00:00+01:00,3.0,6332.0
2023-02-26 00:00:00+01:00,0.0,10967.0
2023-04-24 07:00:00+02:00,241.0,7011.0
2020-11-05 00:00:00+01:00,0.0,4723.0
2021-05-02 20:00:00+02:00,138.0,905.0
2023-01-16 10:00:00+01:00,698.0,12287.0
2021-05-11 04:00:00+02:00,1.0,1634.0
2021-02-12 08:00:00+01:00,67.0,8437.0
2023-03-05 11:00:00+01:00,5230.0,965.0
2022-08-01 12:00:00+02:00,5548.0,695.0
2020-02-13 21:00:00+01:00,0.0,12536.0
2020-02-25 19:00:00+01:00,0.0,11280.0
2022-06-17 19:00:00+02:00,1441.0,677.0
2020-12-28 20:00:00+01:00,0.0,8558.0
2022-03-13 20:00:00+01:00,4.0,5951.0
2021-01-29 01:00:00+01:00,0.0,11926.0
2020-08-08 20:00:00+02:00,142.0,974.0
2022-07-25 00:00:00+02:00,3.0,1943.0
2021-10-06 07:00:00+02:00,4.0,8482.0
2022-05-03 07:00:00+02:00,293.0,3092.0
2022-12-16 05:00:00+01:00,1.0,5428.0
2022-12-19 15:00:00+01:00,676.0,13164.0
2021-12-21 08:00:00+01:00,44.0,2697.0
2021-07-22 21:00:00+02:00,27.0,2677.0
2023-02-08 23:00:00+01:00,0.0,2579.0
2023-04-22 04:00:00+02:00,0.0,4501.0
2021-09-20 04:00:00+02:00,2.0,1528.0
2022-02-25 23:00:00+01:00,2.0,2408.0
2020-11-01 18:00:00+01:00,3.0,11484.0
2022-05-15 17:00:00+02:00,3265.0,4455.0
2021-12-12 15:00:00+01:00,863.0,2578.0
2020-05-24 03:00:00+02:00,0.0,3508.0
2020-06-25 18:00:00+02:00,1640.0,1019.0
2020-09-05 14:00:00+02:00,3459.0,1756.0
2020-02-16 14:00:00+01:00,1662.0,12490.0
2020-09-04 17:00:00+02:00,2394.0,1325.0
2021-09-24 20:00:00+02:00,2.0,776.0
2022-03-28 12:00:00+02:00,4543.0,1162.0
2020-01-27 02:00:00+01:00,0.0,8491.0
2021-02-16 21:00:00+01:00,0.0,9816.0
2020-05-31 20:00:00+02:00,228.0,4201.0
2020-10-25 14:00:00+01:00,801.0,6469.0
2023-04-04 12:00:00+02:00,6667.0,4972.0
2021-06-29 19:00:00+02:00,1028.0,2315.0
2021-10-27 03:00:00+02:00,2.0,2392.0
2022-10-02 05:00:00+02:00,1.0,4742.0
2021-02-16 03:00:00+01:00,0.0,9053.0
2021-02-01 13:00:00+01:00,1098.0,6339.0
2020-05-31 21:00:00+02:00,26.0,4512.0
2023-04-29 22:00:00+02:00,1.0,2737.0
2022-02-10 07:00:00+01:00,3.0,5500.0
2022-01-03 09:00:00+01:00,426.0,9231.0
2021-08-24 00:00:00+02:00,2.0,5061.0
2020-01-19 15:00:00+01:00,1548.0,6268.0
2021-06-13 23:00:00+02:00,2.0,3196.0
2020-06-10 02:00:00+02:00,0.0,1900.0
2022-01-01 12:00:00+01:00,2888.0,3968.0
2021-05-17 12:00:00+02:00,3517.0,11337.0
2020-05-16 12:00:00+02:00,3235.0,834.0
2021-01-07 12:00:00+01:00,1937.0,508.0
2020-06-07 16:00:00+02:00,2459.0,1536.0
2022-02-22 21:00:00+01:00,2.0,8956.0
2022-08-14 00:00:00+02:00,11.0,4631.0
2020-07-02 10:00:00+02:00,1620.0,3042.0
2020-09-02 21:00:00+02:00,0.0,1174.0
2023-05-02 01:00:00+02:00,1.0,3817.0
2021-11-18 15:00:00+01:00,1488.0,1228.0
2021-06-25 05:00:00+02:00,1.0,1280.0
2023-01-02 20:00:00+01:00,1.0,4671.0
2022-07-26 08:00:00+02:00,1207.0,1166.0
2023-06-05 20:00:00+02:00,413.0,5295.0
2022-06-06 09:00:00+02:00,2967.0,2505.0
2020-06-03 22:00:00+02:00,0.0,3778.0
2021-12-01 05:00:00+01:00,1.0,13796.0
2021-06-08 01:00:00+02:00,1.0,1179.0
2020-06-09 19:00:00+02:00,738.0,2389.0
2020-01-12 09:00:00+01:00,518.0,7662.0
2021-07-08 13:00:00+02:00,3207.0,1602.0
2023-03-27 20:00:00+02:00,13.0,2396.0
2022-12-03 12:00:00+01:00,1153.0,5146.0
2020-07-02 12:00:00+02:00,2100.0,3996.0
2021-06-18 11:00:00+02:00,3245.0,3466.0
2022-04-15 03:00:00+02:00,1.0,1429.0
2023-03-28 04:00:00+02:00,0.0,3743.0
2021-06-11 10:00:00+02:00,3375.0,471.0
2021-11-11 03:00:00+01:00,1.0,1039.0
2022-11-10 14:00:00+01:00,3089.0,2504.0
2021-08-06 20:00:00+02:00,177.0,3330.0
2020-12-30 13:00:00+01:00,1507.0,2673.0
2021-08-19 02:00:00+02:00,3.0,1843.0
2022-12-27 00:00:00+01:00,1.0,5036.0
2021-12-25 04:00:00+01:00,1.0,2481.0
2020-08-22 18:00:00+02:00,1389.0,7850.0
2020-11-03 07:00:00+01:00,6.0,4843.0
2023-02-19 09:00:00+01:00,1555.0,3952.0
2020-05-11 06:00:00+02:00,6.0,11523.0
2021-02-26 08:00:00+01:00,352.0,2436.0
2022-12-16 19:00:00+01:00,1.0,3146.0
2022-02-05 22:00:00+01:00,2.0,12266.0
2020-05-15 01:00:00+02:00,0.0,7937.0
2022-01-19 19:00:00+01:00,3.0,4171.0
2022-10-18 03:00:00+02:00,1.0,1414.0
2023-02-02 01:00:00+01:00,0.0,7341.0
2021-07-28 06:00:00+02:00,8.0,3051.0
2020-05-03 00:00:00+02:00,1.0,1882.0
2021-11-01 00:00:00+01:00,2.0,8888.0
2021-10-09 20:00:00+02:00,4.0,3126.0
2022-04-12 06:00:00+02:00,1.0,7962.0
2021-04-24 04:00:00+02:00,1.0,7089.0
2022-02-08 03:00:00+01:00,2.0,5244.0
2022-07-24 17:00:00+02:00,4237.0,1444.0
2020-06-14 14:00:00+02:00,3266.0,2424.0
2020-02-05 03:00:00+01:00,0.0,3356.0
2020-12-02 10:00:00+01:00,978.0,1894.0
2022-12-19 08:00:00+01:00,36.0,13334.0
2020-12-03 19:00:00+01:00,0.0,12401.0
2023-01-06 08:00:00+01:00,35.0,7227.0
2023-05-28 07:00:00+02:00,742.0,3568.0
2022-12-02 06:00:00+01:00,1.0,1978.0
2020-04-11 04:00:00+02:00,0.0,2733.0
2021-01-28 00:00:00+01:00,0.0,5469.0
2023-02-26 13:00:00+01:00,5341.0,16884.0
2022-01-12 20:00:00+01:00,2.0,3189.0
2021-01-05 11:00:00+01:00,683.0,1490.0
2022-09-28 15:00:00+02:00,2785.0,3254.0
2021-04-12 17:00:00+02:00,2654.0,2474.0
2021-07-18 15:00:00+02:00,3695.0,4616.0
2022-09-12 22:00:00+02:00,2.0,2654.0
2022-11-14 02:00:00+01:00,1.0,3641.0
2022-09-02 05:00:00+02:00,1.0,1917.0
2020-05-31 18:00:00+02:00,1730.0,4224.0
2023-04-05 07:00:00+02:00,77.0,1238.0
2023-05-14 01:00:00+02:00,1.0,4825.0
2023-02-23 22:00:00+01:00,0.0,6539.0
2022-05-24 12:00:00+02:00,3818.0,4982.0
2022-08-04 20:00:00+02:00,249.0,4634.0
2020-01-15 08:00:00+01:00,17.0,12795.0
2023-02-23 07:00:00+01:00,12.0,1633.0
2021-09-13 11:00:00+02:00,3631.0,599.0
2020-02-10 03:00:00+01:00,0.0,10104.0
2020-05-24 02:00:00+02:00,0.0,3784.0
2022-02-07 21:00:00+01:00,2.0,4650.0
2022-06-22 20:00:00+02:00,379.0,1476.0
2022-01-03 04:00:00+01:00,1.0,9818.0
2022-08-29 00:00:00+02:00,4.0,6281.0
2022-10-12 21:00:00+02:00,3.0,780.0
2022-12-27 20:00:00+01:00,1.0,9740.0
2021-05-05 14:00:00+02:00,3707.0,8106.0
2022-11-17 08:00:00+01:00,255.0,14079.0
2021-04-02 06:00:00+02:00,1.0,6419.0
2020-04-05 00:00:00+02:00,1.0,7316.0
2021-02-08 06:00:00+01:00,0.0,991.0
2021-08-13 22:00:00+02:00,2.0,1180.0
2023-03-15 14:00:00+01:00,5082.0,2035.0
2021-05-13 15:00:00+02:00,2978.0,2372.0
2021-06-11 14:00:00+02:00,4353.0,901.0
2022-07-26 17:00:00+02:00,3813.0,2536.0
2021-11-25 04:00:00+01:00,2.0,2099.0
2022-08-29 19:00:00+02:00,431.0,3159.0
2020-10-24 11:00:00+02:00,2065.0,9601.0
2021-06-08 23:00:00+02:00,3.0,1875.0
2021-07-07 09:00:00+02:00,1862.0,1412.0
2020-09-30 07:00:00+02:00,3.0,1209.0
2021-12-01 19:00:00+01:00,1.0,7027.0
2021-10-21 20:00:00+02:00,2.0,3805.0
2022-02-13 04:00:00+01:00,2.0,8165.0
2020-10-21 07:00:00+02:00,0.0,11910.0
2022-06-12 00:00:00+02:00,3.0,3395.0
2020-06-22 17:00:00+02:00,2817.0,966.0
2022-05-22 19:00:00+02:00,813.0,1510.0
2021-07-20 21:00:00+02:00,28.0,2365.0
2020-06-24 13:00:00+02:00,3936.0,3016.0
2021-08-17 23:00:00+02:00,4.0,3001.0
2022-07-24 08:00:00+02:00,1535.0,834.0
2021-10-17 05:00:00+02:00,2.0,1819.0
2021-12-09 14:00:00+01:00,1333.0,4705.0
2020-07-25 20:00:00+02:00,205.0,4512.0
2021-06-16 09:00:00+02:00,2100.0,493.0
2021-01-12 06:00:00+01:00,0.0,12110.0
2022-06-11 14:00:00+02:00,6030.0,430.0
2020-01-28 16:00:00+01:00,568.0,11399.0
2022-05-13 00:00:00+02:00,2.0,2471.0
2021-11-22 00:00:00+01:00,2.0,6279.0
2023-05-03 09:00:00+02:00,4118.0,3468.0
2020-11-19 16:00:00+01:00,378.0,7033.0
2020-09-18 13:00:00+02:00,2402.0,3925.0
2022-11-21 11:00:00+01:00,926.0,8924.0
2022-06-12 15:00:00+02:00,5000.0,1717.0
2020-07-05 15:00:00+02:00,3216.0,7403.0
2023-01-24 08:00:00+01:00,59.0,6746.0
2022-11-06 11:00:00+01:00,3120.0,8132.0
2021-02-05 10:00:00+01:00,555.0,1578.0
2021-08-08 22:00:00+02:00,2.0,3169.0
2020-09-12 18:00:00+02:00,1089.0,718.0
2023-01-17 00:00:00+01:00,1.0,3200.0
2023-04-18 07:00:00+02:00,191.0,6386.0
2022-04-10 06:00:00+02:00,1.0,1313.0
2022-08-18 10:00:00+02:00,2576.0,1068.0
2023-02-27 23:00:00+01:00,0.0,9882.0
2023-05-27 16:00:00+02:00,5202.0,1741.0
2020-11-29 19:00:00+01:00,1.0,2886.0
2020-05-28 11:00:00+02:00,3551.0,2699.0
2022-12-14 07:00:00+01:00,1.0,1506.0
2023-01-20 12:00:00+01:00,3049.0,3215.0
2021-09-14 19:00:00+02:00,143.0,1836.0
2022-11-06 01:00:00+01:00,1.0,7608.0
2021-05-12 20:00:00+02:00,162.0,3337.0
2021-07-10 22:00:00+02:00,4.0,1310.0
2020-05-16 13:00:00+02:00,3146.0,858.0
2022-06-06 14:00:00+02:00,4852.0,3965.0
2020-07-08 00:00:00+02:00,1.0,1991.0
2020-11-22 05:00:00+01:00,0.0,1652.0
2021-06-09 07:00:00+02:00,471.0,636.0
2022-11-15 21:00:00+01:00,1.0,8114.0
2020-08-04 08:00:00+02:00,854.0,1291.0
2020-07-21 11:00:00+02:00,3088.0,2071.0
2022-07-12 00:00:00+02:00,4.0,4320.0
2022-08-06 20:00:00+02:00,249.0,5938.0
2020-09-23 22:00:00+02:00,1.0,7283.0
2021-04-30 16:00:00+02:00,1754.0,586.0
2021-07-31 21:00:00+02:00,11.0,2287.0
2023-03-14 11:00:00+01:00,3481.0,16359.0
2022-01-04 05:00:00+01:00,1.0,7326.0
2020-01-12 14:00:00+01:00,1703.0,6328.0
2020-12-06 04:00:00+01:00,0.0,3268.0
2021-01-07 16:00:00+01:00,369.0,837.0
2021-04-17 03:00:00+02:00,1.0,4591.0
2022-05-14 02:00:00+02:00,1.0,2007.0
2020-11-28 07:00:00+01:00,0.0,3660.0
2020-05-06 00:00:00+02:00,0.0,2942.0
2022-05-29 03:00:00+02:00,1.0,5628.0
2021-10-09 14:00:00+02:00,3745.0,1735.0
2021-06-18 01:00:00+02:00,1.0,3521.0
2021-07-05 20:00:00+02:00,342.0,3922.0
2022-03-03 10:00:00+01:00,2541.0,592.0
2021-05-23 06:00:00+02:00,42.0,4816.0
2022-03-28 06:00:00+02:00,4.0,1600.0
2022-03-22 07:00:00+01:00,369.0,5328.0
2023-06-16 21:00:00+02:00,58.0,922.0
2022-10-11 05:00:00+02:00,1.0,2691.0
2020-02-05 12:00:00+01:00,2820.0,1160.0
2022-10-17 21:00:00+02:00,1.0,1625.0
2022-11-22 19:00:00+01:00,1.0,10738.0
2022-01-27 03:00:00+01:00,2.0,2385.0
2020-07-30 23:00:00+02:00,1.0,4438.0
2022-09-06 03:00:00+02:00,1.0,3361.0
2022-09-10 01:00:00+02:00,1.0,5547.0
2021-10-09 08:00:00+02:00,215.0,2566.0
2021-11-20 07:00:00+01:00,4.0,1081.0
2022-06-05 22:00:00+02:00,3.0,3338.0
2022-07-31 03:00:00+02:00,1.0,1716.0
2022-12-30 02:00:00+01:00,1.0,7718.0
2022-01-09 10:00:00+01:00,744.0,6994.0
2020-12-26 21:00:00+01:00,0.0,11441.0
2022-01-12 05:00:00+01:00,1.0,2231.0
2021-11-14 00:00:00+01:00,2.0,2234.0
2022-09-16 01:00:00+02:00,1.0,1759.0
2020-06-05 00:00:00+02:00,0.0,3014.0
2022-07-01 01:00:00+02:00,4.0,2776.0
2020-08-03 05:00:00+02:00,0.0,1685.0
2020-07-06 01:00:00+02:00,1.0,6854.0
2022-04-26 20:00:00+02:00,127.0,3835.0
2021-03-27 07:00:00+01:00,336.0,7900.0
2022-02-26 16:00:00+01:00,3011.0,6810.0
2020-01-09 04:00:00+01:00,0.0,8778.0
2022-03-19 08:00:00+01:00,909.0,9514.0
2020-08-12 07:00:00+02:00,108.0,1982.0
2022-11-21 15:00:00+01:00,336.0,11832.0
2020-07-27 06:00:00+02:00,8.0,2684.0
2020-12-08 23:00:00+01:00,0.0,2455.0
2020-01-14 11:00:00+01:00,1402.0,12536.0
2020-08-10 05:00:00+02:00,0.0,1633.0
2020-01-14 00:00:00+01:00,0.0,12196.0
2021-03-20 10:00:00+01:00,3616.0,3460.0
2021-07-30 17:00:00+02:00,2150.0,10419.0
2020-06-26 06:00:00+02:00,39.0,3133.0
2020-10-18 01:00:00+02:00,0.0,442.0
2020-10-15 19:00:00+02:00,5.0,4287.0
2020-09-17 00:00:00+02:00,0.0,4771.0
2022-09-20 22:00:00+02:00,3.0,2915.0
2021-12-30 18:00:00+01:00,2.0,5224.0
2022-03-20 11:00:00+01:00,2720.0,2404.0
2021-11-25 14:00:00+01:00,770.0,2671.0
2022-10-16 10:00:00+02:00,2248.0,1842.0
2020-01-20 18:00:00+01:00,2.0,5486.0
2023-01-09 17:00:00+01:00,48.0,13309.0
2023-04-01 23:00:00+02:00,1.0,8340.0
2021-12-18 22:00:00+01:00,1.0,5019.0
2023-01-12 10:00:00+01:00,1549.0,15777.0
2022-10-18 05:00:00+02:00,1.0,1573.0
2022-04-17 11:00:00+02:00,5287.0,2667.0
2022-04-04 16:00:00+02:00,4441.0,10254.0
2021-04-03 02:00:00+02:00,1.0,9132.0
2020-02-02 07:00:00+01:00,0.0,11343.0
2023-04-14 22:00:00+02:00,1.0,6303.0
2021-05-04 20:00:00+02:00,92.0,9101.0
2022-06-12 11:00:00+02:00,4564.0,797.0
2022-02-20 04:00:00+01:00,1.0,11306.0
2020-10-09 11:00:00+02:00,1857.0,2315.0
2021-10-25 07:00:00+02:00,1.0,2539.0
2021-05-14 22:00:00+02:00,3.0,3255.0
2021-07-17 14:00:00+02:00,4616.0,3119.0
2020-08-01 23:00:00+02:00,0.0,3571.0
2023-03-03 23:00:00+01:00,3.0,5290.0
2021-03-27 04:00:00+01:00,1.0,9334.0
2022-05-08 23:00:00+02:00,2.0,4920.0
2022-04-02 23:00:00+02:00,3.0,4485.0
2021-03-02 22:00:00+01:00,0.0,2575.0
2023-05-07 18:00:00+02:00,2269.0,2020.0
2020-04-21 03:00:00+02:00,0.0,5964.0
2020-10-05 09:00:00+02:00,832.0,9121.0
2022-04-30 05:00:00+02:00,1.0,4618.0
2022-03-03 19:00:00+01:00,7.0,682.0
2021-04-30 19:00:00+02:00,379.0,798.0
2022-07-14 03:00:00+02:00,1.0,1133.0
2020-02-10 19:00:00+01:00,0.0,13366.0
2022-02-12 22:00:00+01:00,2.0,7003.0
2022-10-07 17:00:00+02:00,1718.0,1251.0
2021-03-25 10:00:00+01:00,2504.0,1225.0
2021-07-02 07:00:00+02:00,433.0,318.0
2022-01-04 12:00:00+01:00,1113.0,4730.0
2021-07-06 02:00:00+02:00,2.0,8705.0
2020-10-08 00:00:00+02:00,0.0,4464.0
2020-06-05 14:00:00+02:00,2406.0,11856.0
2022-12-22 12:00:00+01:00,1690.0,12317.0
2022-07-28 22:00:00+02:00,5.0,1887.0
2023-06-19 22:00:00+02:00,0.0,2470.0
2021-07-08 20:00:00+02:00,359.0,1896.0
2021-04-25 09:00:00+02:00,1705.0,7575.0
2022-11-27 08:00:00+01:00,225.0,6905.0
2023-06-25 18:00:00+02:00,3173.0,3583.0
2021-04-19 19:00:00+02:00,546.0,512.0
2022-08-05 12:00:00+02:00,5061.0,3078.0
2023-03-20 03:00:00+01:00,1.0,1735.0
2021-04-19 15:00:00+02:00,3882.0,540.0
2021-03-22 00:00:00+01:00,3.0,5585.0
2021-01-17 18:00:00+01:00,0.0,3104.0
2022-11-22 00:00:00+01:00,1.0,11766.0
2020-02-27 09:00:00+01:00,243.0,11682.0
2022-06-30 06:00:00+02:00,60.0,894.0
2022-06-29 13:00:00+02:00,5524.0,1330.0
2021-04-02 04:00:00+02:00,1.0,6498.0
2023-01-14 12:00:00+01:00,2295.0,16572.0
2021-07-19 06:00:00+02:00,25.0,4195.0
2021-12-07 20:00:00+01:00,1.0,13304.0
2021-08-21 09:00:00+02:00,1881.0,837.0
2020-04-10 20:00:00+02:00,35.0,2287.0
2022-04-28 10:00:00+02:00,3177.0,2490.0
2023-02-12 14:00:00+01:00,5123.0,1617.0
2021-07-30 03:00:00+02:00,1.0,2266.0
2021-08-25 09:00:00+02:00,2163.0,2599.0
2020-01-05 03:00:00+01:00,0.0,1654.0
2021-07-01 04:00:00+02:00,1.0,660.0
2021-04-06 22:00:00+02:00,4.0,4162.0
2022-01-15 14:00:00+01:00,3159.0,231.0
2021-10-11 14:00:00+02:00,4296.0,2415.0
2020-07-25 03:00:00+02:00,0.0,1489.0
2023-05-08 23:00:00+02:00,2.0,1977.0
2020-11-13 21:00:00+01:00,0.0,4459.0
2020-02-29 10:00:00+01:00,715.0,12812.0
2022-03-21 01:00:00+01:00,4.0,3883.0
2021-05-01 22:00:00+02:00,1.0,3590.0
2020-06-06 23:00:00+02:00,0.0,4380.0
2021-08-26 14:00:00+02:00,4651.0,3743.0
2022-08-19 12:00:00+02:00,4101.0,3021.0
2020-04-17 13:00:00+02:00,2929.0,1609.0
2021-10-26 13:00:00+02:00,3058.0,3010.0
2020-06-09 04:00:00+02:00,0.0,3498.0
2021-08-28 01:00:00+02:00,2.0,4458.0
2021-08-21 20:00:00+02:00,87.0,1925.0
2020-02-22 07:00:00+01:00,11.0,8589.0
2021-09-29 21:00:00+02:00,3.0,3580.0
2023-03-28 15:00:00+02:00,5647.0,4946.0
2021-03-19 01:00:00+01:00,1.0,3521.0
2022-05-08 17:00:00+02:00,2984.0,2869.0
2021-06-20 12:00:00+02:00,2117.0,1293.0
2021-09-19 01:00:00+02:00,2.0,3548.0
2021-01-05 05:00:00+01:00,0.0,1960.0
2023-06-01 23:00:00+02:00,1.0,8101.0
2023-02-03 00:00:00+01:00,1.0,6285.0
2021-06-21 03:00:00+02:00,1.0,3244.0
2021-02-16 00:00:00+01:00,0.0,8107.0
2021-10-28 21:00:00+02:00,2.0,10747.0
2021-06-26 01:00:00+02:00,1.0,393.0
2020-10-15 20:00:00+02:00,0.0,4440.0
2021-01-01 00:00:00+01:00,0.0,884.0
2020-08-06 13:00:00+02:00,3959.0,361.0
2022-06-28 14:00:00+02:00,5358.0,1940.0
2020-04-16 04:00:00+02:00,0.0,4424.0
2021-12-09 23:00:00+01:00,1.0,11725.0
2022-04-13 02:00:00+02:00,1.0,2159.0
2020-12-21 09:00:00+01:00,255.0,10875.0
2020-10-28 02:00:00+01:00,0.0,7520.0
2021-01-01 11:00:00+01:00,1058.0,816.0
2022-06-07 09:00:00+02:00,2471.0,3250.0
2023-05-22 17:00:00+02:00,3397.0,3445.0
2022-02-04 05:00:00+01:00,1.0,6026.0
2020-02-06 08:00:00+01:00,124.0,3504.0
2021-05-17 13:00:00+02:00,3744.0,11345.0
2020-04-08 08:00:00+02:00,434.0,1831.0
2021-01-28 04:00:00+01:00,0.0,9254.0
2021-10-17 02:00:00+02:00,2.0,1766.0
2021-07-28 07:00:00+02:00,158.0,3137.0
2020-02-12 15:00:00+01:00,1770.0,6744.0
2021-01-25 13:00:00+01:00,1943.0,3049.0
2020-07-31 03:00:00+02:00,0.0,3956.0
2020-01-30 09:00:00+01:00,331.0,8062.0
2023-04-15 22:00:00+02:00,2.0,8219.0
2021-01-19 20:00:00+01:00,0.0,11018.0
2022-03-31 23:00:00+02:00,4.0,10021.0
2020-12-22 09:00:00+01:00,336.0,9159.0
2022-03-13 07:00:00+01:00,54.0,9401.0
2022-12-17 03:00:00+01:00,1.0,2328.0
2022-01-05 00:00:00+01:00,2.0,9267.0
2022-06-16 00:00:00+02:00,1.0,3127.0
2021-11-26 04:00:00+01:00,2.0,2183.0
2023-03-06 22:00:00+01:00,2.0,5955.0
2021-06-11 12:00:00+02:00,4421.0,705.0
2020-08-31 06:00:00+02:00,0.0,2406.0
2022-08-27 05:00:00+02:00,1.0,2192.0
2020-12-27 16:00:00+01:00,62.0,9550.0
2022-05-14 20:00:00+02:00,212.0,1210.0
2022-01-28 23:00:00+01:00,2.0,3703.0
2021-05-10 10:00:00+02:00,1796.0,7450.0
2022-01-26 07:00:00+01:00,2.0,580.0
2021-07-28 16:00:00+02:00,3183.0,6837.0
2023-01-04 23:00:00+01:00,1.0,12586.0
2022-01-21 03:00:00+01:00,1.0,5087.0
2021-06-06 08:00:00+02:00,1310.0,1110.0
2021-05-12 05:00:00+02:00,1.0,2554.0
2022-11-21 03:00:00+01:00,1.0,5830.0
2021-02-12 20:00:00+01:00,0.0,8545.0
2023-01-12 22:00:00+01:00,1.0,14701.0
2023-06-09 09:00:00+02:00,2118.0,2488.0
2022-09-27 08:00:00+02:00,379.0,6681.0
2021-12-22 13:00:00+01:00,2374.0,2143.0
2022-06-07 12:00:00+02:00,4377.0,5371.0
2022-08-02 03:00:00+02:00,1.0,1264.0
2022-08-12 20:00:00+02:00,192.0,2777.0
2023-02-23 00:00:00+01:00,0.0,1326.0
2022-10-17 20:00:00+02:00,2.0,1687.0
2022-09-03 19:00:00+02:00,497.0,1579.0
2020-02-06 02:00:00+01:00,0.0,2981.0
2021-09-30 09:00:00+02:00,1625.0,1861.0
2023-02-12 12:00:00+01:00,5301.0,1903.0
2020-11-30 21:00:00+01:00,0.0,6073.0
2022-03-15 22:00:00+01:00,5.0,3935.0
2023-01-22 18:00:00+01:00,1.0,3824.0
2020-04-21 01:00:00+02:00,0.0,6485.0
2022-07-01 19:00:00+02:00,1631.0,1175.0
2020-08-14 19:00:00+02:00,686.0,1309.0
2020-12-31 18:00:00+01:00,0.0,1821.0
2022-08-22 19:00:00+02:00,672.0,1902.0
2020-11-23 09:00:00+01:00,976.0,293.0
2020-10-12 12:00:00+02:00,2651.0,1615.0
2020-05-03 14:00:00+02:00,3381.0,1706.0
2021-03-11 02:00:00+01:00,1.0,13601.0
2020-06-25 14:00:00+02:00,3691.0,979.0
2021-03-20 17:00:00+01:00,1407.0,4847.0
2020-08-02 12:00:00+02:00,2823.0,2343.0
2023-05-16 23:00:00+02:00,1.0,7731.0
2023-06-20 12:00:00+02:00,4230.0,3200.0
2022-08-06 01:00:00+02:00,6.0,5713.0
2020-09-05 10:00:00+02:00,2329.0,1162.0
2022-04-29 21:00:00+02:00,5.0,4698.0
2020-09-06 04:00:00+02:00,0.0,1650.0
2020-08-10 18:00:00+02:00,1205.0,712.0
2020-05-17 20:00:00+02:00,179.0,1973.0
2022-07-23 06:00:00+02:00,23.0,1082.0
2021-11-19 16:00:00+01:00,592.0,560.0
2021-10-14 06:00:00+02:00,2.0,1810.0
2021-09-11 10:00:00+02:00,2859.0,902.0
2021-01-01 17:00:00+01:00,8.0,1109.0
2022-01-06 00:00:00+01:00,2.0,3927.0
2020-09-03 12:00:00+02:00,3665.0,2741.0
2021-04-11 06:00:00+02:00,1.0,5155.0
2023-01-19 07:00:00+01:00,1.0,2529.0
2020-11-13 15:00:00+01:00,1041.0,3589.0
2023-01-20 13:00:00+01:00,3267.0,3566.0
2022-11-09 17:00:00+01:00,49.0,4366.0
2020-11-11 19:00:00+01:00,3.0,5735.0
2020-10-14 01:00:00+02:00,0.0,1902.0
2021-01-10 18:00:00+01:00,0.0,3994.0
2020-02-08 16:00:00+01:00,569.0,2319.0
2022-07-02 05:00:00+02:00,2.0,925.0
2022-10-03 16:00:00+02:00,3677.0,854.0
2023-04-03 14:00:00+02:00,4968.0,6577.0
2023-01-10 20:00:00+01:00,1.0,15150.0
2023-01-01 02:00:00+01:00,1.0,10850.0
2022-11-13 07:00:00+01:00,4.0,2232.0
2022-07-16 05:00:00+02:00,1.0,2965.0
2020-10-11 00:00:00+02:00,0.0,4009.0
2021-09-16 17:00:00+02:00,1716.0,624.0
2022-11-17 03:00:00+01:00,1.0,15160.0
2021-04-14 16:00:00+02:00,3574.0,5451.0
2021-12-20 09:00:00+01:00,528.0,3237.0
2020-11-15 09:00:00+01:00,712.0,13268.0
2022-05-27 13:00:00+02:00,4809.0,2358.0
2022-06-03 16:00:00+02:00,4245.0,1073.0
2021-08-31 20:00:00+02:00,43.0,4690.0
2022-01-10 20:00:00+01:00,2.0,2464.0
2022-11-08 08:00:00+01:00,424.0,13333.0
2021-09-23 04:00:00+02:00,2.0,940.0
2023-06-27 04:00:00+02:00,1.0,2561.0
2021-02-18 06:00:00+01:00,0.0,10861.0
2023-04-23 13:00:00+02:00,4098.0,10963.0
2021-11-25 01:00:00+01:00,2.0,1469.0
2023-01-29 01:00:00+01:00,1.0,1656.0
2020-02-28 19:00:00+01:00,0.0,10841.0
2023-04-12 06:00:00+02:00,1.0,9530.0
2023-05-27 18:00:00+02:00,2903.0,2235.0
2021-05-22 00:00:00+02:00,1.0,11306.0
2021-03-04 19:00:00+01:00,1.0,2507.0
2021-06-13 17:00:00+02:00,3315.0,1493.0
2023-06-14 23:00:00+02:00,0.0,4442.0
2021-10-15 17:00:00+02:00,1496.0,874.0
2021-01-14 02:00:00+01:00,0.0,7513.0
2021-07-12 02:00:00+02:00,1.0,2715.0
2022-01-04 18:00:00+01:00,2.0,7642.0
2020-06-15 06:00:00+02:00,44.0,2030.0
2021-10-08 00:00:00+02:00,2.0,3563.0
2020-08-08 10:00:00+02:00,2479.0,410.0
2023-06-30 10:00:00+02:00,3147.0,2188.0
2021-08-11 04:00:00+02:00,2.0,626.0
2020-05-10 07:00:00+02:00,146.0,1822.0
2022-11-17 10:00:00+01:00,2216.0,13282.0
2020-08-04 10:00:00+02:00,2781.0,1231.0
2021-04-22 05:00:00+02:00,1.0,5757.0
2020-10-11 19:00:00+02:00,6.0,4102.0
2021-10-30 14:00:00+02:00,1311.0,7291.0
2023-02-21 16:00:00+01:00,1529.0,217.0
2023-06-25 00:00:00+02:00,1.0,2920.0
2020-07-08 21:00:00+02:00,37.0,1731.0
2023-06-01 01:00:00+02:00,1.0,7480.0
2023-06-03 19:00:00+02:00,1271.0,5649.0
2022-11-09 07:00:00+01:00,6.0,8370.0
2022-04-27 20:00:00+02:00,85.0,6162.0
2020-10-26 08:00:00+01:00,192.0,7352.0
2022-05-25 11:00:00+02:00,3667.0,4167.0
2020-08-21 19:00:00+02:00,401.0,6771.0
2021-11-23 21:00:00+01:00,2.0,7627.0
2022-09-13 05:00:00+02:00,1.0,1640.0
2022-06-27 19:00:00+02:00,1250.0,2639.0
2020-09-12 15:00:00+02:00,3440.0,602.0
2021-04-10 13:00:00+02:00,1746.0,5025.0
2022-10-01 09:00:00+02:00,750.0,10314.0
2023-05-03 03:00:00+02:00,1.0,7098.0
2021-01-14 06:00:00+01:00,0.0,6733.0
2023-05-26 01:00:00+02:00,1.0,7675.0
2020-12-25 10:00:00+01:00,1085.0,5669.0
2022-08-28 21:00:00+02:00,5.0,5327.0
2020-06-11 18:00:00+02:00,659.0,3819.0
2020-06-07 20:00:00+02:00,267.0,1514.0
2022-11-27 02:00:00+01:00,1.0,7660.0
2023-03-29 23:00:00+02:00,2.0,12067.0
2020-02-07 23:00:00+01:00,0.0,5460.0
2023-01-20 14:00:00+01:00,3211.0,4025.0
2020-01-21 11:00:00+01:00,1091.0,1867.0
2022-12-25 15:00:00+01:00,1232.0,7795.0
2021-07-07 13:00:00+02:00,3539.0,1675.0
2023-03-29 12:00:00+02:00,5033.0,4864.0
2020-02-27 20:00:00+01:00,0.0,8254.0
2022-01-25 23:00:00+01:00,2.0,279.0
2022-06-05 00:00:00+02:00,1.0,2827.0
2020-06-12 04:00:00+02:00,0.0,4289.0
2023-04-07 20:00:00+02:00,43.0,2703.0
2020-04-11 18:00:00+02:00,1352.0,544.0
2022-04-18 10:00:00+02:00,3075.0,908.0
2023-01-29 10:00:00+01:00,2073.0,754.0
2023-02-02 20:00:00+01:00,2.0,6697.0
2021-11-03 17:00:00+01:00,77.0,2801.0
2022-07-09 04:00:00+02:00,2.0,2954.0
2020-11-23 03:00:00+01:00,0.0,243.0
2022-02-05 20:00:00+01:00,2.0,11285.0
2021-11-26 12:00:00+01:00,1635.0,8922.0
2022-01-18 20:00:00+01:00,2.0,2402.0
2023-06-09 03:00:00+02:00,0.0,5174.0
2021-10-30 09:00:00+02:00,129.0,9268.0
2021-05-10 12:00:00+02:00,2325.0,7025.0
2020-10-10 21:00:00+02:00,0.0,4296.0
2021-08-15 14:00:00+02:00,3596.0,2429.0
2021-05-31 19:00:00+02:00,1075.0,2498.0
2023-06-07 15:00:00+02:00,5727.0,3377.0
2020-07-23 16:00:00+02:00,2517.0,563.0
2020-09-25 18:00:00+02:00,488.0,11801.0
2021-01-25 23:00:00+01:00,0.0,4153.0
2022-08-29 02:00:00+02:00,1.0,5133.0
2023-06-15 16:00:00+02:00,5770.0,1754.0
2020-06-24 17:00:00+02:00,2675.0,2681.0
2020-02-15 23:00:00+01:00,0.0,12412.0
2021-07-30 04:00:00+02:00,1.0,2854.0
2020-10-15 06:00:00+02:00,0.0,3874.0
2021-03-10 09:00:00+01:00,2025.0,4904.0
2020-12-20 15:00:00+01:00,745.0,3735.0
2022-02-04 20:00:00+01:00,2.0,6159.0
2021-04-25 08:00:00+02:00,850.0,7995.0
2020-10-29 23:00:00+01:00,0.0,7914.0
2020-08-27 13:00:00+02:00,3696.0,2512.0
2023-04-17 11:00:00+02:00,5294.0,3311.0
2023-05-20 18:00:00+02:00,1377.0,6860.0
2022-11-29 16:00:00+01:00,295.0,1143.0
2021-11-08 00:00:00+01:00,2.0,2805.0
2023-06-28 21:00:00+02:00,60.0,1402.0
2020-04-02 11:00:00+02:00,2685.0,637.0
2020-04-13 03:00:00+02:00,0.0,3456.0
2022-12-08 17:00:00+01:00,3.0,2066.0
2020-09-26 15:00:00+02:00,1742.0,9986.0
2022-02-16 22:00:00+01:00,2.0,15941.0
2021-12-21 04:00:00+01:00,1.0,2807.0
2021-12-06 21:00:00+01:00,1.0,10657.0
2023-04-25 09:00:00+02:00,1859.0,1961.0
2020-05-26 07:00:00+02:00,355.0,2855.0
2022-11-03 04:00:00+01:00,1.0,8991.0
2021-12-11 18:00:00+01:00,1.0,3704.0
2021-03-08 18:00:00+01:00,111.0,1769.0
2020-02-16 05:00:00+01:00,0.0,11918.0
2022-03-15 09:00:00+01:00,866.0,3757.0
2021-06-18 07:00:00+02:00,390.0,3080.0
2022-12-15 12:00:00+01:00,1053.0,4809.0
2021-11-22 12:00:00+01:00,1917.0,10151.0
2020-12-19 19:00:00+01:00,0.0,6830.0
2021-09-01 03:00:00+02:00,1.0,5339.0
2021-01-01 18:00:00+01:00,0.0,1343.0
2022-02-17 13:00:00+01:00,2750.0,13677.0
2022-10-05 08:00:00+02:00,295.0,7362.0
2021-07-31 15:00:00+02:00,2404.0,3069.0
2020-02-02 22:00:00+01:00,0.0,7792.0
2021-08-09 07:00:00+02:00,179.0,2968.0
2022-06-04 04:00:00+02:00,1.0,3040.0
2020-12-22 11:00:00+01:00,1421.0,8049.0
2022-10-19 19:00:00+02:00,2.0,7919.0
2020-09-05 13:00:00+02:00,3519.0,1490.0
2020-07-07 10:00:00+02:00,2970.0,1028.0
2020-10-22 19:00:00+02:00,2.0,3145.0
2022-07-29 02:00:00+02:00,1.0,1411.0
2020-04-07 04:00:00+02:00,0.0,1720.0
2021-03-05 21:00:00+01:00,0.0,6256.0
2022-06-26 22:00:00+02:00,3.0,1245.0
2020-07-26 17:00:00+02:00,2546.0,3984.0
2020-04-26 01:00:00+02:00,0.0,1922.0
2022-06-14 13:00:00+02:00,5979.0,939.0
2022-07-16 19:00:00+02:00,1525.0,3049.0
2020-08-07 07:00:00+02:00,153.0,2060.0
2020-09-26 08:00:00+02:00,220.0,10435.0
2020-05-17 17:00:00+02:00,2477.0,1805.0
2022-09-24 04:00:00+02:00,1.0,1016.0
2021-10-12 05:00:00+02:00,1.0,2474.0
2023-01-05 09:00:00+01:00,502.0,5266.0
2023-06-08 16:00:00+02:00,4712.0,2606.0
2022-02-15 01:00:00+01:00,2.0,6629.0
2021-06-17 21:00:00+02:00,11.0,2102.0
2021-06-19 04:00:00+02:00,1.0,1364.0
2022-04-19 08:00:00+02:00,933.0,1486.0
2021-09-10 04:00:00+02:00,2.0,1870.0
2023-01-24 16:00:00+01:00,578.0,3219.0
2023-05-28 17:00:00+02:00,2333.0,4119.0
2023-02-07 20:00:00+01:00,0.0,6202.0
2020-10-04 21:00:00+02:00,0.0,10263.0
2021-05-13 17:00:00+02:00,1902.0,2198.0
2020-11-22 14:00:00+01:00,2267.0,637.0
2022-03-24 09:00:00+01:00,3420.0,1368.0
2021-08-25 10:00:00+02:00,3375.0,2532.0
2021-07-15 22:00:00+02:00,3.0,5051.0
2020-11-14 21:00:00+01:00,0.0,11426.0
2021-02-26 21:00:00+01:00,1.0,5449.0
2021-03-02 02:00:00+01:00,0.0,4119.0
2020-12-07 05:00:00+01:00,0.0,928.0
2022-06-28 07:00:00+02:00,529.0,1360.0
2021-08-07 19:00:00+02:00,747.0,10251.0
2022-03-05 15:00:00+01:00,2672.0,2281.0
2020-11-13 08:00:00+01:00,229.0,6952.0
2022-09-11 18:00:00+02:00,1867.0,794.0
2021-10-12 17:00:00+02:00,1688.0,3549.0
2021-07-19 11:00:00+02:00,4308.0,2189.0
2021-02-04 23:00:00+01:00,0.0,3419.0
2020-09-24 15:00:00+02:00,1816.0,7355.0
2022-06-06 15:00:00+02:00,3984.0,3861.0
2023-06-24 01:00:00+02:00,0.0,2449.0
2022-06-06 23:00:00+02:00,2.0,1764.0
2021-06-02 23:00:00+02:00,1.0,1994.0
2021-01-09 09:00:00+01:00,206.0,3684.0
2020-07-19 02:00:00+02:00,1.0,1081.0
2023-04-26 12:00:00+02:00,4626.0,564.0
2020-08-05 11:00:00+02:00,3499.0,1880.0
2020-01-02 22:00:00+01:00,0.0,6783.0
2021-09-04 09:00:00+02:00,1459.0,350.0
2022-05-17 01:00:00+02:00,1.0,1800.0
2021-05-05 06:00:00+02:00,9.0,7032.0
2023-03-10 19:00:00+01:00,0.0,6214.0
2021-10-10 08:00:00+02:00,173.0,1376.0
2023-06-15 15:00:00+02:00,6216.0,1519.0
2020-07-08 07:00:00+02:00,297.0,1825.0
2021-06-28 04:00:00+02:00,1.0,1186.0
2020-12-08 11:00:00+01:00,1040.0,1573.0
2022-09-27 10:00:00+02:00,2345.0,7064.0
2020-07-19 14:00:00+02:00,3891.0,377.0
2021-06-15 11:00:00+02:00,4241.0,217.0
2022-01-01 23:00:00+01:00,2.0,5384.0
2023-06-23 10:00:00+02:00,5102.0,737.0
2021-06-29 15:00:00+02:00,3251.0,1889.0
2022-12-28 11:00:00+01:00,2521.0,13094.0
2020-11-15 00:00:00+01:00,0.0,10811.0
2022-08-10 23:00:00+02:00,4.0,6881.0
2020-01-11 03:00:00+01:00,0.0,2169.0
2022-11-01 12:00:00+01:00,4042.0,11663.0
2022-06-24 23:00:00+02:00,1.0,4908.0
2022-09-15 13:00:00+02:00,4604.0,1074.0
2022-11-26 13:00:00+01:00,2749.0,2950.0
2021-03-11 08:00:00+01:00,371.0,13978.0
2021-02-25 03:00:00+01:00,0.0,4748.0
2021-10-30 12:00:00+02:00,1250.0,8042.0
2021-04-02 05:00:00+02:00,1.0,6590.0
2020-07-13 10:00:00+02:00,2761.0,649.0
2020-04-10 05:00:00+02:00,0.0,3289.0
2020-11-03 09:00:00+01:00,458.0,5680.0
2021-04-11 16:00:00+02:00,1479.0,6432.0
2020-11-18 10:00:00+01:00,2194.0,5518.0
2021-10-02 19:00:00+02:00,16.0,14048.0
2021-10-19 16:00:00+02:00,2467.0,5770.0
2022-03-03 04:00:00+01:00,4.0,1521.0
2023-06-14 11:00:00+02:00,5499.0,1153.0
2022-01-31 14:00:00+01:00,1940.0,14274.0
2022-09-13 23:00:00+02:00,2.0,3032.0
2021-08-11 18:00:00+02:00,2109.0,150.0
2021-05-10 00:00:00+02:00,1.0,7517.0
2022-12-19 00:00:00+01:00,1.0,12155.0
2021-08-10 18:00:00+02:00,1971.0,801.0
2021-07-22 03:00:00+02:00,1.0,2437.0
2020-07-30 19:00:00+02:00,826.0,1017.0
2022-08-13 23:00:00+02:00,10.0,3867.0
2021-08-03 23:00:00+02:00,3.0,637.0
2020-08-28 19:00:00+02:00,270.0,5252.0
2020-08-16 14:00:00+02:00,2823.0,1635.0
2020-07-04 02:00:00+02:00,1.0,3942.0
2020-07-08 06:00:00+02:00,27.0,1795.0
2022-05-25 16:00:00+02:00,3697.0,7427.0
2021-10-20 20:00:00+02:00,3.0,12885.0
2020-02-23 10:00:00+01:00,1726.0,11721.0
2022-08-27 09:00:00+02:00,2390.0,1098.0
2023-03-09 19:00:00+01:00,1.0,14709.0
2023-04-13 23:00:00+02:00,0.0,3962.0
2021-06-30 16:00:00+02:00,3212.0,2371.0
2021-12-13 02:00:00+01:00,1.0,1574.0
2023-06-20 20:00:00+02:00,366.0,1601.0
2022-01-11 02:00:00+01:00,2.0,2616.0
2020-12-11 22:00:00+01:00,0.0,6010.0
2022-11-03 10:00:00+01:00,834.0,9779.0
2020-11-01 20:00:00+01:00,1.0,11886.0
2022-07-17 09:00:00+02:00,3099.0,1684.0
2022-06-15 20:00:00+02:00,441.0,1606.0
2020-06-16 01:00:00+02:00,0.0,1986.0
2021-07-13 07:00:00+02:00,255.0,2787.0
2020-05-21 07:00:00+02:00,334.0,1322.0
2023-02-22 13:00:00+01:00,1782.0,2551.0
2021-08-30 13:00:00+02:00,4212.0,3644.0
2022-08-15 00:00:00+02:00,5.0,2185.0
2020-05-07 21:00:00+02:00,4.0,1407.0
2022-11-27 00:00:00+01:00,1.0,7262.0
2023-03-08 18:00:00+01:00,63.0,11688.0
2021-03-12 16:00:00+01:00,1812.0,13939.0
2021-01-01 09:00:00+01:00,219.0,1050.0
2021-10-14 03:00:00+02:00,2.0,1742.0
2023-02-01 15:00:00+01:00,2238.0,9047.0
2020-06-02 15:00:00+02:00,3319.0,270.0
2021-05-09 07:00:00+02:00,311.0,8542.0
2021-02-09 23:00:00+01:00,0.0,8143.0
2021-07-13 23:00:00+02:00,1.0,4888.0
2021-10-06 15:00:00+02:00,3550.0,8737.0
2020-01-03 04:00:00+01:00,0.0,8289.0
2021-07-25 05:00:00+02:00,1.0,2896.0
2021-03-03 03:00:00+01:00,0.0,2024.0
2020-08-07 22:00:00+02:00,1.0,1647.0
2020-06-06 03:00:00+02:00,0.0,5764.0
2021-06-21 20:00:00+02:00,268.0,3194.0
2021-07-08 23:00:00+02:00,3.0,1284.0
2021-01-24 12:00:00+01:00,1974.0,5813.0
2021-11-24 08:00:00+01:00,87.0,4052.0
2020-10-15 18:00:00+02:00,222.0,4326.0
2023-03-08 17:00:00+01:00,531.0,11474.0
2021-01-19 15:00:00+01:00,1807.0,7985.0
2021-11-28 00:00:00+01:00,2.0,8385.0
2021-08-20 12:00:00+02:00,4495.0,384.0
2020-04-07 14:00:00+02:00,3354.0,1945.0
2020-06-30 01:00:00+02:00,0.0,3773.0
2020-08-19 17:00:00+02:00,2302.0,4521.0
2020-01-09 18:00:00+01:00,4.0,10757.0
2020-12-15 20:00:00+01:00,0.0,4259.0
2021-06-30 18:00:00+02:00,1917.0,2122.0
2021-07-11 05:00:00+02:00,1.0,533.0
2021-08-18 17:00:00+02:00,1929.0,2705.0
2022-05-21 05:00:00+02:00,1.0,1643.0
2021-08-26 13:00:00+02:00,4678.0,3607.0
2021-11-04 22:00:00+01:00,2.0,4434.0
2023-01-28 04:00:00+01:00,1.0,5800.0
2020-05-05 20:00:00+02:00,140.0,1764.0
2020-12-27 12:00:00+01:00,653.0,12461.0
2022-10-28 04:00:00+02:00,1.0,8649.0
2023-06-04 16:00:00+02:00,3801.0,3583.0
2020-09-20 04:00:00+02:00,0.0,1519.0
2020-01-21 21:00:00+01:00,0.0,3903.0
2021-01-05 15:00:00+01:00,427.0,1962.0
2020-11-21 14:00:00+01:00,2261.0,2338.0
2022-08-14 14:00:00+02:00,3650.0,3349.0
2023-05-16 04:00:00+02:00,1.0,7469.0
2020-10-06 19:00:00+02:00,3.0,11442.0
2022-08-30 08:00:00+02:00,692.0,2202.0
2021-12-13 16:00:00+01:00,407.0,695.0
2023-02-09 22:00:00+01:00,1.0,625.0
2021-06-08 16:00:00+02:00,3645.0,689.0
2021-02-09 02:00:00+01:00,0.0,1930.0
2023-04-29 03:00:00+02:00,0.0,1395.0
2021-04-26 10:00:00+02:00,1528.0,6227.0
2020-11-27 23:00:00+01:00,0.0,3850.0
2021-10-22 18:00:00+02:00,187.0,2826.0
2022-03-22 23:00:00+01:00,5.0,4223.0
2021-09-15 15:00:00+02:00,2349.0,1400.0
2021-10-22 15:00:00+02:00,2906.0,4615.0
2022-06-01 11:00:00+02:00,4922.0,567.0
2022-10-12 00:00:00+02:00,1.0,1393.0
2023-02-28 19:00:00+01:00,3.0,5858.0
2020-04-10 04:00:00+02:00,0.0,3529.0
2020-10-06 01:00:00+02:00,0.0,10780.0
2021-08-04 18:00:00+02:00,1393.0,1477.0
2023-05-07 19:00:00+02:00,1095.0,2079.0
2022-10-13 05:00:00+02:00,1.0,1916.0
2020-05-26 12:00:00+02:00,3957.0,3682.0
2020-10-22 05:00:00+02:00,0.0,5073.0
2020-07-18 02:00:00+02:00,1.0,1333.0
2021-12-31 22:00:00+01:00,1.0,3468.0
2023-05-01 17:00:00+02:00,3818.0,5449.0
2022-06-18 20:00:00+02:00,405.0,4862.0
2021-12-23 05:00:00+01:00,1.0,6513.0
2021-03-01 13:00:00+01:00,3657.0,1984.0
2022-05-23 15:00:00+02:00,3408.0,7893.0
2021-03-16 10:00:00+01:00,2484.0,2061.0
2020-12-01 21:00:00+01:00,0.0,6860.0
2020-10-16 22:00:00+02:00,0.0,1298.0
2023-05-21 09:00:00+02:00,1912.0,3375.0
2021-02-21 02:00:00+01:00,0.0,9507.0
2022-03-12 14:00:00+01:00,2431.0,6803.0
2022-02-25 08:00:00+01:00,656.0,5913.0
2022-07-29 14:00:00+02:00,4349.0,1120.0
2023-06-26 00:00:00+02:00,1.0,5461.0
2020-04-30 17:00:00+02:00,1705.0,12179.0
2021-09-20 11:00:00+02:00,2454.0,1419.0
2020-07-15 11:00:00+02:00,2025.0,1225.0
2022-06-02 21:00:00+02:00,45.0,2396.0
2020-06-21 12:00:00+02:00,3295.0,4476.0
2022-08-24 04:00:00+02:00,1.0,986.0
2021-11-21 02:00:00+01:00,2.0,453.0
2020-10-28 12:00:00+01:00,1929.0,10570.0
2021-08-17 11:00:00+02:00,3236.0,2436.0
2021-05-31 22:00:00+02:00,1.0,4249.0
2023-03-02 20:00:00+01:00,0.0,4788.0
2020-04-08 02:00:00+02:00,0.0,2775.0
2022-10-03 02:00:00+02:00,1.0,1166.0
2022-03-25 14:00:00+01:00,4813.0,4134.0
2020-11-10 10:00:00+01:00,1457.0,389.0
2021-05-03 17:00:00+02:00,3201.0,7633.0
2020-09-01 02:00:00+02:00,1.0,1498.0
2022-06-30 20:00:00+02:00,373.0,2157.0
2023-05-06 13:00:00+02:00,6336.0,801.0
2023-06-01 18:00:00+02:00,2758.0,6350.0
2021-09-25 18:00:00+02:00,486.0,1181.0
2023-02-08 05:00:00+01:00,0.0,3681.0
2021-10-16 06:00:00+02:00,1.0,1526.0
2023-01-30 17:00:00+01:00,239.0,3935.0
2020-12-14 05:00:00+01:00,0.0,8802.0
2021-07-19 18:00:00+02:00,2291.0,4159.0
2023-01-18 23:00:00+01:00,1.0,4402.0
2020-11-16 15:00:00+01:00,968.0,5206.0
2020-12-09 15:00:00+01:00,592.0,1988.0
2022-03-04 16:00:00+01:00,1557.0,3002.0
2021-09-21 04:00:00+02:00,2.0,3254.0
2021-05-25 10:00:00+02:00,3047.0,8799.0
2021-08-14 10:00:00+02:00,3253.0,369.0
2020-11-04 08:00:00+01:00,322.0,1067.0
2021-01-24 23:00:00+01:00,0.0,5772.0
2021-04-09 01:00:00+02:00,2.0,2676.0
2020-12-30 05:00:00+01:00,0.0,2706.0
2020-11-09 01:00:00+01:00,0.0,3019.0
2022-05-24 03:00:00+02:00,1.0,5578.0
2020-04-13 10:00:00+02:00,1563.0,5707.0
2021-08-12 05:00:00+02:00,2.0,455.0
2021-09-03 08:00:00+02:00,382.0,1811.0
2022-05-04 03:00:00+02:00,1.0,2130.0
2021-09-12 10:00:00+02:00,3232.0,172.0
2023-01-14 19:00:00+01:00,1.0,14514.0
2023-01-30 19:00:00+01:00,1.0,3180.0
2021-02-28 01:00:00+01:00,0.0,7877.0
2022-06-13 18:00:00+02:00,2911.0,1320.0
2020-01-29 02:00:00+01:00,0.0,8931.0
2021-08-07 11:00:00+02:00,2139.0,6421.0
2021-01-26 09:00:00+01:00,682.0,3959.0
2022-10-11 17:00:00+02:00,1169.0,709.0
2020-10-15 05:00:00+02:00,0.0,4033.0
2022-11-03 21:00:00+01:00,1.0,12335.0
2023-06-13 15:00:00+02:00,4890.0,2678.0
2022-06-15 11:00:00+02:00,4744.0,575.0
2020-09-19 12:00:00+02:00,2309.0,2020.0
2022-04-29 22:00:00+02:00,4.0,4931.0
2021-05-30 12:00:00+02:00,4389.0,3096.0
2021-06-08 15:00:00+02:00,4072.0,649.0
2021-01-10 14:00:00+01:00,1644.0,3233.0
2021-07-17 17:00:00+02:00,3415.0,3820.0
2020-07-03 18:00:00+02:00,1646.0,4525.0
2021-10-10 02:00:00+02:00,2.0,1876.0
2023-02-05 18:00:00+01:00,7.0,9099.0
2021-02-08 19:00:00+01:00,0.0,1993.0
2022-08-12 10:00:00+02:00,4079.0,1189.0
2022-02-21 23:00:00+01:00,3.0,9380.0
2020-07-03 22:00:00+02:00,0.0,2551.0
2022-07-04 12:00:00+02:00,4720.0,634.0
2022-05-22 09:00:00+02:00,2313.0,1255.0
2021-08-29 16:00:00+02:00,3504.0,3888.0
2021-02-21 12:00:00+01:00,2205.0,6647.0
2022-08-26 12:00:00+02:00,4536.0,1940.0
2022-10-06 17:00:00+02:00,1822.0,605.0
2020-08-20 20:00:00+02:00,55.0,2267.0
2020-07-11 12:00:00+02:00,3690.0,1636.0
2021-02-27 11:00:00+01:00,3040.0,6146.0
2021-06-25 18:00:00+02:00,2186.0,1157.0
2022-11-28 17:00:00+01:00,12.0,3019.0
2022-01-20 16:00:00+01:00,607.0,4552.0
2020-08-22 12:00:00+02:00,3146.0,7877.0
2021-05-09 13:00:00+02:00,2272.0,8497.0
2020-04-28 23:00:00+02:00,1.0,4925.0
2021-09-30 06:00:00+02:00,2.0,1617.0
2020-08-05 20:00:00+02:00,168.0,731.0
2023-04-13 18:00:00+02:00,1962.0,5159.0
2020-10-09 00:00:00+02:00,0.0,3250.0
2022-06-25 20:00:00+02:00,299.0,2482.0
2020-06-25 12:00:00+02:00,3622.0,1410.0
2022-06-04 13:00:00+02:00,4497.0,1183.0
2021-10-16 14:00:00+02:00,4220.0,263.0
2022-01-05 08:00:00+01:00,34.0,6468.0
2023-04-19 15:00:00+02:00,5985.0,4567.0
2022-09-25 09:00:00+02:00,1429.0,2148.0
2022-09-20 01:00:00+02:00,2.0,2453.0
2022-04-19 12:00:00+02:00,4014.0,929.0
2022-08-10 12:00:00+02:00,5895.0,4075.0
2020-06-20 18:00:00+02:00,1842.0,1233.0
2022-03-19 19:00:00+01:00,5.0,8919.0
2022-09-21 13:00:00+02:00,5864.0,2009.0
2021-01-11 08:00:00+01:00,35.0,2482.0
2021-07-22 22:00:00+02:00,2.0,3475.0
2020-06-13 16:00:00+02:00,2149.0,3681.0
2022-03-10 08:00:00+01:00,797.0,4768.0
2020-12-25 13:00:00+01:00,1685.0,6296.0
2022-11-08 03:00:00+01:00,1.0,12492.0
2023-05-06 04:00:00+02:00,0.0,1750.0
2023-05-02 20:00:00+02:00,194.0,4781.0
2020-07-11 10:00:00+02:00,2723.0,1406.0
2022-01-27 10:00:00+01:00,1684.0,4374.0
2021-04-27 07:00:00+02:00,130.0,3153.0
2022-09-15 04:00:00+02:00,1.0,1530.0
2020-04-26 21:00:00+02:00,0.0,507.0
2023-06-06 09:00:00+02:00,3403.0,2434.0
2023-04-16 17:00:00+02:00,4054.0,4265.0
2022-11-28 19:00:00+01:00,1.0,3325.0
2021-01-30 03:00:00+01:00,0.0,5669.0
2020-12-06 12:00:00+01:00,1632.0,1935.0
2020-12-17 10:00:00+01:00,487.0,4400.0
2020-04-22 22:00:00+02:00,0.0,3520.0
2021-04-07 09:00:00+02:00,1907.0,3290.0
2022-07-05 10:00:00+02:00,4550.0,691.0
2022-07-07 15:00:00+02:00,5115.0,5378.0
2022-07-25 13:00:00+02:00,4619.0,7864.0
2020-04-11 10:00:00+02:00,2634.0,384.0
2020-09-06 20:00:00+02:00,8.0,1693.0
2020-08-26 21:00:00+02:00,3.0,2335.0
2020-01-22 02:00:00+01:00,0.0,3145.0
2020-04-26 03:00:00+02:00,0.0,1547.0
2021-12-16 15:00:00+01:00,1371.0,3442.0
2022-10-03 23:00:00+02:00,1.0,1643.0
2022-04-12 14:00:00+02:00,3749.0,4668.0
2020-09-12 01:00:00+02:00,1.0,1163.0
2023-03-13 00:00:00+01:00,4.0,13821.0
2022-06-20 20:00:00+02:00,368.0,4348.0
2022-03-28 04:00:00+02:00,4.0,1610.0
2020-09-15 12:00:00+02:00,2736.0,536.0
2022-05-02 01:00:00+02:00,1.0,3022.0
2022-07-12 10:00:00+02:00,4560.0,459.0
2022-06-06 08:00:00+02:00,1668.0,1827.0
2022-08-05 18:00:00+02:00,2343.0,6226.0
2021-04-22 07:00:00+02:00,166.0,5724.0
2020-06-20 22:00:00+02:00,0.0,1133.0
2021-07-15 14:00:00+02:00,3285.0,5931.0
2020-11-06 16:00:00+01:00,383.0,4482.0
2022-01-31 09:00:00+01:00,680.0,12944.0
2021-05-12 06:00:00+02:00,24.0,2110.0
2020-10-22 10:00:00+02:00,582.0,4124.0
2020-04-06 09:00:00+02:00,1114.0,5042.0
2022-09-27 06:00:00+02:00,1.0,6427.0
2023-05-05 21:00:00+02:00,4.0,1123.0
2023-02-06 20:00:00+01:00,0.0,7807.0
2022-08-26 19:00:00+02:00,749.0,2586.0
2020-10-30 00:00:00+01:00,0.0,8075.0
2022-11-24 20:00:00+01:00,1.0,10346.0
2021-06-02 15:00:00+02:00,2890.0,2593.0
2020-05-22 14:00:00+02:00,3611.0,3910.0
2021-03-09 05:00:00+01:00,0.0,1848.0
2021-05-08 18:00:00+02:00,1832.0,7095.0
2021-08-02 16:00:00+02:00,3550.0,1509.0
2021-10-08 05:00:00+02:00,2.0,3330.0
2020-02-22 18:00:00+01:00,48.0,8625.0
2022-08-07 10:00:00+02:00,4542.0,3262.0
2020-02-24 06:00:00+01:00,0.0,5446.0
2023-05-13 10:00:00+02:00,3863.0,3223.0
2022-04-19 05:00:00+02:00,1.0,2312.0
2020-10-28 01:00:00+01:00,0.0,7855.0
2020-04-23 00:00:00+02:00,0.0,2773.0
2023-01-26 09:00:00+01:00,579.0,3572.0
2022-05-02 12:00:00+02:00,5137.0,1470.0
2020-05-16 21:00:00+02:00,7.0,3471.0
2023-02-10 07:00:00+01:00,4.0,816.0
2020-04-22 18:00:00+02:00,726.0,2169.0
2023-01-06 03:00:00+01:00,1.0,7477.0
2020-09-05 12:00:00+02:00,3355.0,1340.0
2021-12-07 14:00:00+01:00,483.0,11574.0
2022-06-28 10:00:00+02:00,4282.0,1330.0
2020-02-13 15:00:00+01:00,821.0,12280.0
2021-08-04 16:00:00+02:00,2151.0,1247.0
2023-04-17 03:00:00+02:00,0.0,3410.0
2021-07-11 03:00:00+02:00,1.0,992.0
2022-07-27 00:00:00+02:00,2.0,2995.0
2023-06-04 01:00:00+02:00,0.0,7843.0
2023-01-12 03:00:00+01:00,1.0,15586.0
2022-02-06 15:00:00+01:00,1089.0,16137.0
2020-04-14 06:00:00+02:00,0.0,6537.0
2021-08-07 16:00:00+02:00,2537.0,9080.0
2020-05-24 18:00:00+02:00,1889.0,2118.0
2020-09-08 02:00:00+02:00,1.0,1626.0
2022-08-02 04:00:00+02:00,1.0,1267.0
2021-04-21 18:00:00+02:00,1457.0,4275.0
2021-05-16 07:00:00+02:00,149.0,3717.0
2021-02-05 15:00:00+01:00,1159.0,1345.0
2020-07-26 22:00:00+02:00,3.0,702.0
2023-02-13 17:00:00+01:00,793.0,1268.0
2020-07-06 08:00:00+02:00,894.0,4320.0
2020-10-25 16:00:00+01:00,251.0,6132.0
2023-01-04 21:00:00+01:00,1.0,13431.0
2022-04-28 00:00:00+02:00,1.0,7410.0
2020-08-16 10:00:00+02:00,1957.0,894.0
2020-05-22 00:00:00+02:00,1.0,2008.0
2020-05-03 21:00:00+02:00,4.0,722.0
2022-04-12 15:00:00+02:00,3336.0,5079.0
2022-05-11 06:00:00+02:00,29.0,3518.0
2020-12-10 22:00:00+01:00,0.0,6676.0
2021-12-30 01:00:00+01:00,1.0,9766.0
2022-10-30 15:00:00+01:00,1874.0,2425.0
2022-03-04 17:00:00+01:00,666.0,3005.0
2022-11-13 11:00:00+01:00,3135.0,1028.0
2021-04-27 00:00:00+02:00,1.0,6291.0
2023-05-31 19:00:00+02:00,1282.0,7945.0
2020-02-10 20:00:00+01:00,0.0,13234.0
2022-09-11 17:00:00+02:00,3548.0,591.0
2022-09-17 04:00:00+02:00,1.0,5045.0
2022-10-09 07:00:00+02:00,2.0,4922.0
2020-01-14 22:00:00+01:00,0.0,12359.0
2021-07-14 10:00:00+02:00,1720.0,5491.0
2020-12-13 10:00:00+01:00,1075.0,4350.0
2023-05-31 18:00:00+02:00,2481.0,7790.0
2022-06-09 10:00:00+02:00,3697.0,3499.0
2022-07-05 06:00:00+02:00,66.0,1980.0
2022-10-03 11:00:00+02:00,3333.0,750.0
2020-06-19 17:00:00+02:00,2297.0,1923.0
2022-08-29 22:00:00+02:00,2.0,5500.0
2023-06-02 03:00:00+02:00,1.0,7011.0
2021-02-03 13:00:00+01:00,1470.0,12656.0
2023-05-21 19:00:00+02:00,875.0,4477.0
2021-01-19 17:00:00+01:00,107.0,8320.0
2023-01-05 12:00:00+01:00,2293.0,4896.0
2023-03-23 06:00:00+01:00,3.0,11353.0
2020-01-12 10:00:00+01:00,1301.0,7502.0
2022-03-20 00:00:00+01:00,4.0,7451.0
2022-12-16 23:00:00+01:00,1.0,2918.0
2023-01-30 05:00:00+01:00,1.0,6783.0
2021-10-26 00:00:00+02:00,2.0,3012.0
2021-09-15 11:00:00+02:00,1917.0,1629.0
2022-10-21 06:00:00+02:00,1.0,8289.0
2023-02-24 04:00:00+01:00,0.0,5631.0
2021-11-27 19:00:00+01:00,2.0,6140.0
2022-05-31 05:00:00+02:00,1.0,851.0
2022-10-17 05:00:00+02:00,1.0,7867.0
2021-12-20 23:00:00+01:00,1.0,3344.0
2021-02-12 23:00:00+01:00,0.0,8176.0
2023-03-07 05:00:00+01:00,2.0,5875.0
2023-01-25 03:00:00+01:00,1.0,1758.0
2021-08-25 14:00:00+02:00,4797.0,4454.0
2020-08-25 05:00:00+02:00,0.0,3153.0
2020-02-28 04:00:00+01:00,0.0,2578.0
2021-06-30 03:00:00+02:00,0.0,2171.0
2021-01-16 03:00:00+01:00,0.0,1864.0
2022-07-12 20:00:00+02:00,438.0,866.0
2021-03-03 23:00:00+01:00,0.0,1662.0
2022-10-08 13:00:00+02:00,3398.0,1320.0
2021-04-15 13:00:00+02:00,4344.0,4376.0
2023-01-08 09:00:00+01:00,261.0,11412.0
2023-04-23 09:00:00+02:00,1964.0,7304.0
2020-01-28 09:00:00+01:00,289.0,12353.0
2021-01-18 12:00:00+01:00,2621.0,2889.0
2021-09-25 05:00:00+02:00,2.0,1426.0
2020-07-13 19:00:00+02:00,1006.0,1906.0
2020-08-26 01:00:00+02:00,0.0,10110.0
2020-02-29 18:00:00+01:00,30.0,11249.0
2022-11-29 17:00:00+01:00,7.0,1230.0
2020-07-04 11:00:00+02:00,3164.0,7477.0
2020-05-05 10:00:00+02:00,2087.0,4519.0
2023-05-25 08:00:00+02:00,1718.0,5917.0
2020-02-09 07:00:00+01:00,1.0,12237.0
2020-10-13 06:00:00+02:00,0.0,2901.0
2021-03-10 00:00:00+01:00,2.0,2137.0
2020-12-21 04:00:00+01:00,0.0,6928.0
2022-11-08 15:00:00+01:00,791.0,11931.0
2021-11-30 10:00:00+01:00,1780.0,10850.0
2021-06-30 02:00:00+02:00,1.0,2224.0
2020-06-26 04:00:00+02:00,0.0,2911.0
2020-12-08 05:00:00+01:00,0.0,2821.0
2022-10-29 07:00:00+02:00,1.0,6897.0
2020-10-05 01:00:00+02:00,0.0,11416.0
2022-04-29 03:00:00+02:00,1.0,3338.0
2022-10-28 19:00:00+02:00,2.0,2413.0
2022-08-26 07:00:00+02:00,113.0,3105.0
2021-01-19 11:00:00+01:00,2299.0,9869.0
2020-11-23 13:00:00+01:00,2511.0,276.0
2022-01-07 17:00:00+01:00,32.0,10040.0
2020-02-07 17:00:00+01:00,276.0,3924.0
2021-10-16 13:00:00+02:00,4252.0,268.0
2021-10-20 16:00:00+02:00,1123.0,12358.0
2023-06-08 20:00:00+02:00,428.0,3302.0
2022-09-11 12:00:00+02:00,5660.0,519.0
2021-11-17 12:00:00+01:00,1370.0,1419.0
2021-06-01 07:00:00+02:00,416.0,4765.0
2022-07-12 12:00:00+02:00,6054.0,816.0
2022-05-07 05:00:00+02:00,1.0,2747.0
2023-04-30 05:00:00+02:00,0.0,3877.0
2021-08-17 01:00:00+02:00,3.0,2364.0
2021-09-03 16:00:00+02:00,2228.0,560.0
2022-01-14 05:00:00+01:00,2.0,1133.0
2021-05-27 14:00:00+02:00,4521.0,439.0
2022-12-01 20:00:00+01:00,1.0,3534.0
2022-06-14 17:00:00+02:00,3637.0,957.0
2022-02-08 18:00:00+01:00,12.0,2257.0
2021-10-31 07:00:00+01:00,16.0,9966.0
2023-06-23 05:00:00+02:00,3.0,1617.0
2020-12-27 17:00:00+01:00,1.0,9208.0
2020-07-23 18:00:00+02:00,1258.0,736.0
2023-04-27 03:00:00+02:00,0.0,1301.0
2020-10-27 22:00:00+01:00,0.0,8818.0
2020-08-15 16:00:00+02:00,3086.0,472.0
2021-07-26 19:00:00+02:00,1058.0,2708.0
2020-08-12 13:00:00+02:00,2969.0,1835.0
2021-10-12 20:00:00+02:00,5.0,3590.0
2020-01-14 18:00:00+01:00,2.0,12714.0
2021-04-02 18:00:00+02:00,1303.0,10878.0
2022-02-13 05:00:00+01:00,2.0,8687.0
2020-06-14 06:00:00+02:00,38.0,2942.0
2022-09-26 15:00:00+02:00,3294.0,11822.0
2021-01-14 20:00:00+01:00,0.0,9560.0
2022-07-10 17:00:00+02:00,4474.0,4010.0
2022-03-10 10:00:00+01:00,2494.0,2477.0
2021-10-17 16:00:00+02:00,2687.0,952.0
2020-05-06 06:00:00+02:00,9.0,2912.0
2022-10-15 13:00:00+02:00,3986.0,8887.0
2020-05-31 04:00:00+02:00,0.0,5049.0
2022-08-03 23:00:00+02:00,1.0,1585.0
2022-07-26 02:00:00+02:00,2.0,3400.0
2020-05-20 01:00:00+02:00,1.0,3886.0
2020-07-14 10:00:00+02:00,2385.0,737.0
2021-07-11 16:00:00+02:00,4057.0,303.0
2023-02-15 05:00:00+01:00,0.0,4414.0
2020-11-03 11:00:00+01:00,1047.0,6711.0
2020-02-19 06:00:00+01:00,0.0,8086.0
2022-11-13 21:00:00+01:00,1.0,2251.0
2022-09-24 05:00:00+02:00,1.0,1075.0
2022-09-21 17:00:00+02:00,3071.0,2009.0
2022-02-02 14:00:00+01:00,2039.0,4412.0
2023-05-30 09:00:00+02:00,3793.0,6951.0
2021-09-28 16:00:00+02:00,1910.0,2193.0
2022-09-27 09:00:00+02:00,1338.0,6471.0
2021-05-20 14:00:00+02:00,4583.0,6670.0
2022-05-08 05:00:00+02:00,1.0,3789.0
2022-12-04 18:00:00+01:00,3.0,1275.0
2023-03-22 20:00:00+01:00,3.0,13289.0
2021-03-20 16:00:00+01:00,2653.0,4869.0
2020-07-26 11:00:00+02:00,2472.0,3485.0
2021-03-10 04:00:00+01:00,1.0,2378.0
2020-11-08 15:00:00+01:00,1213.0,1524.0
2022-06-10 09:00:00+02:00,3407.0,1343.0
2023-03-31 04:00:00+02:00,0.0,7540.0
2021-07-12 07:00:00+02:00,208.0,2014.0
2022-09-12 09:00:00+02:00,2358.0,1821.0
2022-06-22 12:00:00+02:00,3727.0,2044.0
2020-08-26 06:00:00+02:00,0.0,8676.0
2021-09-04 07:00:00+02:00,50.0,679.0
2020-07-20 00:00:00+02:00,0.0,2968.0
2021-10-14 10:00:00+02:00,2932.0,1341.0
2021-09-02 19:00:00+02:00,365.0,3926.0
2020-09-21 18:00:00+02:00,419.0,507.0
2023-03-25 15:00:00+01:00,2754.0,9012.0
2020-11-13 23:00:00+01:00,0.0,4452.0
2022-12-02 15:00:00+01:00,673.0,3240.0
2020-07-23 08:00:00+02:00,814.0,431.0
2020-09-19 09:00:00+02:00,722.0,2903.0
2021-09-09 03:00:00+02:00,2.0,2473.0
2021-01-13 16:00:00+01:00,343.0,8491.0
2023-04-24 06:00:00+02:00,5.0,7671.0
2023-06-10 04:00:00+02:00,1.0,2737.0
2020-08-26 23:00:00+02:00,2.0,1945.0
2022-06-02 22:00:00+02:00,2.0,3457.0
2022-08-30 03:00:00+02:00,1.0,3818.0
2023-03-05 22:00:00+01:00,3.0,1063.0
2023-04-05 20:00:00+02:00,32.0,1126.0
2023-05-31 03:00:00+02:00,0.0,7077.0
2022-08-19 21:00:00+02:00,5.0,2830.0
2020-08-04 09:00:00+02:00,1887.0,1142.0
2021-03-18 23:00:00+01:00,1.0,3065.0
2022-10-11 21:00:00+02:00,1.0,2102.0
2020-08-05 15:00:00+02:00,3850.0,1552.0
2020-04-10 08:00:00+02:00,600.0,2557.0
2021-10-15 15:00:00+02:00,3470.0,527.0
2023-06-12 09:00:00+02:00,3059.0,425.0
2022-05-15 09:00:00+02:00,2929.0,2499.0
2022-11-01 23:00:00+01:00,1.0,11383.0
2022-10-17 16:00:00+02:00,1854.0,1946.0
2022-07-24 00:00:00+02:00,3.0,921.0
2021-10-20 18:00:00+02:00,119.0,12584.0
2022-03-29 08:00:00+02:00,336.0,2646.0
2021-07-12 23:00:00+02:00,1.0,3022.0
2022-04-26 19:00:00+02:00,901.0,3590.0
2022-02-06 05:00:00+01:00,1.0,13831.0
2023-04-07 08:00:00+02:00,835.0,1575.0
2021-04-16 22:00:00+02:00,1.0,4138.0
2022-09-14 22:00:00+02:00,1.0,1831.0
2022-01-05 07:00:00+01:00,4.0,6880.0
2022-02-15 14:00:00+01:00,2519.0,11154.0
2021-11-30 16:00:00+01:00,361.0,10818.0
2023-03-09 23:00:00+01:00,2.0,15661.0
2021-12-16 20:00:00+01:00,1.0,5242.0
2021-09-09 07:00:00+02:00,27.0,1792.0
2020-01-13 00:00:00+01:00,0.0,3145.0
2021-07-02 01:00:00+02:00,1.0,444.0
2023-03-25 18:00:00+01:00,293.0,9580.0
2021-05-29 12:00:00+02:00,3763.0,2214.0
2021-10-29 00:00:00+02:00,2.0,10642.0
2022-07-21 00:00:00+02:00,1.0,1812.0
2023-03-04 09:00:00+01:00,2513.0,3328.0
2020-01-06 01:00:00+01:00,0.0,2383.0
2021-09-16 20:00:00+02:00,3.0,846.0
2020-05-22 12:00:00+02:00,3521.0,2614.0
2020-02-07 02:00:00+01:00,0.0,5351.0
2020-02-21 19:00:00+01:00,3.0,5349.0
2022-11-22 16:00:00+01:00,269.0,11762.0
2021-11-14 07:00:00+01:00,6.0,2521.0
2020-07-31 00:00:00+02:00,1.0,5131.0
2021-05-01 01:00:00+02:00,1.0,1572.0
2023-02-18 00:00:00+01:00,0.0,5442.0
2022-05-10 09:00:00+02:00,3057.0,1434.0
2021-07-07 03:00:00+02:00,1.0,3866.0
2020-06-16 04:00:00+02:00,0.0,1469.0
2021-11-17 05:00:00+01:00,2.0,1886.0
2021-12-12 05:00:00+01:00,1.0,5368.0
2023-06-17 08:00:00+02:00,2095.0,863.0
2020-06-20 23:00:00+02:00,0.0,1403.0
2022-08-01 00:00:00+02:00,2.0,2702.0
2023-01-31 15:00:00+01:00,1993.0,6249.0
2021-05-26 05:00:00+02:00,1.0,6576.0
2020-01-30 06:00:00+01:00,0.0,6672.0
2022-07-10 07:00:00+02:00,494.0,3381.0
2021-10-08 07:00:00+02:00,3.0,3677.0
2021-01-20 14:00:00+01:00,831.0,12751.0
2021-08-31 00:00:00+02:00,2.0,4452.0
2021-09-26 09:00:00+02:00,833.0,2791.0
2020-07-22 15:00:00+02:00,3165.0,932.0
2022-11-12 15:00:00+01:00,2121.0,1293.0
2023-04-23 21:00:00+02:00,1.0,9585.0
2022-03-08 22:00:00+01:00,5.0,5544.0
2021-05-17 04:00:00+02:00,1.0,10422.0
2021-01-01 08:00:00+01:00,12.0,1094.0
2021-04-01 07:00:00+02:00,28.0,1509.0
2021-06-27 08:00:00+02:00,713.0,1548.0
2021-01-06 18:00:00+01:00,1.0,547.0
2020-02-13 03:00:00+01:00,0.0,9582.0
2021-03-10 11:00:00+01:00,3458.0,6793.0
2021-10-23 20:00:00+02:00,4.0,2947.0
2021-03-11 11:00:00+01:00,2036.0,13310.0
2022-02-09 21:00:00+01:00,2.0,3020.0
2021-03-27 03:00:00+01:00,1.0,9440.0
2020-06-29 04:00:00+02:00,0.0,2776.0
2023-06-04 09:00:00+02:00,3676.0,1847.0
2023-06-02 04:00:00+02:00,1.0,7422.0
2022-08-12 21:00:00+02:00,9.0,3891.0
2023-01-07 11:00:00+01:00,1864.0,13642.0
2023-04-06 15:00:00+02:00,5302.0,6405.0
2022-09-12 10:00:00+02:00,3769.0,1126.0
2020-11-22 12:00:00+01:00,2772.0,713.0
2022-04-29 16:00:00+02:00,3906.0,2140.0
2022-07-31 09:00:00+02:00,2828.0,1458.0
2022-06-21 08:00:00+02:00,1138.0,2069.0
2021-01-31 03:00:00+01:00,0.0,4375.0
2023-04-23 07:00:00+02:00,227.0,6990.0
2023-05-21 08:00:00+02:00,1032.0,3664.0
2021-08-13 00:00:00+02:00,2.0,1510.0
2021-10-21 00:00:00+02:00,2.0,13775.0
2023-02-26 20:00:00+01:00,2.0,14267.0
2022-06-27 12:00:00+02:00,3974.0,2407.0
2021-07-05 01:00:00+02:00,2.0,2665.0
2021-09-15 23:00:00+02:00,2.0,1034.0
2022-01-04 15:00:00+01:00,578.0,5458.0
2021-03-01 07:00:00+01:00,39.0,4406.0
2022-08-12 01:00:00+02:00,4.0,4828.0
2023-06-19 09:00:00+02:00,2451.0,798.0
2023-06-25 09:00:00+02:00,4009.0,594.0
2021-10-01 09:00:00+02:00,1495.0,6011.0
2022-09-05 15:00:00+02:00,4958.0,2565.0
2020-09-25 17:00:00+02:00,1157.0,12290.0
2021-10-24 00:00:00+02:00,2.0,3859.0
2022-03-06 06:00:00+01:00,4.0,4051.0
2021-04-04 18:00:00+02:00,1626.0,1554.0
2020-01-30 19:00:00+01:00,0.0,10515.0
2021-07-08 16:00:00+02:00,3360.0,2227.0
2022-10-15 15:00:00+02:00,3059.0,7142.0
2023-01-12 14:00:00+01:00,1802.0,15584.0
2021-03-17 09:00:00+01:00,1803.0,7338.0
2022-03-11 18:00:00+01:00,139.0,10376.0
2021-06-22 02:00:00+02:00,1.0,3565.0
2023-06-25 11:00:00+02:00,6295.0,922.0
2022-08-15 08:00:00+02:00,848.0,2556.0
2020-04-01 08:00:00+02:00,306.0,3884.0
2021-02-13 21:00:00+01:00,0.0,7777.0
2020-01-17 17:00:00+01:00,50.0,7497.0
2020-11-15 07:00:00+01:00,4.0,12846.0
2022-05-20 03:00:00+02:00,1.0,2932.0
2021-05-18 06:00:00+02:00,31.0,3391.0
2020-10-29 04:00:00+01:00,0.0,7920.0
2023-06-09 05:00:00+02:00,2.0,4686.0
2022-07-31 23:00:00+02:00,3.0,3013.0
2022-11-23 22:00:00+01:00,1.0,12474.0
2022-02-17 00:00:00+01:00,2.0,15755.0
2021-02-10 00:00:00+01:00,0.0,7919.0
2020-05-20 06:00:00+02:00,26.0,2823.0
2020-08-28 10:00:00+02:00,1393.0,4984.0
2023-01-09 07:00:00+01:00,1.0,14768.0
2021-07-11 22:00:00+02:00,1.0,1351.0
2022-10-28 11:00:00+02:00,2669.0,5662.0
2021-02-22 21:00:00+01:00,0.0,5149.0
2022-02-05 07:00:00+01:00,2.0,3595.0
2020-10-06 23:00:00+02:00,0.0,10365.0
2023-06-12 08:00:00+02:00,1844.0,768.0
2020-09-22 11:00:00+02:00,1272.0,274.0
2020-11-03 22:00:00+01:00,0.0,3588.0
2020-11-27 17:00:00+01:00,8.0,2079.0
2023-01-11 12:00:00+01:00,1854.0,10707.0
2021-09-18 23:00:00+02:00,2.0,3320.0
2022-01-21 07:00:00+01:00,3.0,4870.0
2021-11-23 22:00:00+01:00,2.0,7079.0
2023-04-12 08:00:00+02:00,601.0,8882.0
2020-08-26 13:00:00+02:00,3309.0,7887.0
2023-01-04 12:00:00+01:00,2424.0,14759.0
2021-05-13 07:00:00+02:00,328.0,4632.0
2022-02-07 16:00:00+01:00,1477.0,3603.0
2021-07-01 06:00:00+02:00,47.0,534.0
2021-11-18 16:00:00+01:00,532.0,1385.0
2020-05-16 20:00:00+02:00,155.0,3065.0
2020-07-29 00:00:00+02:00,1.0,2943.0
2021-12-06 12:00:00+01:00,1953.0,3705.0
2020-06-09 09:00:00+02:00,1501.0,2358.0
2023-02-16 06:00:00+01:00,0.0,4216.0
2022-06-11 21:00:00+02:00,55.0,1808.0
2023-01-05 02:00:00+01:00,1.0,10863.0
2022-03-14 08:00:00+01:00,879.0,3405.0
2022-05-24 20:00:00+02:00,294.0,1983.0
2022-07-10 12:00:00+02:00,6175.0,2973.0
2022-04-16 17:00:00+02:00,3894.0,5740.0
2021-10-29 17:00:00+02:00,355.0,7528.0
2020-10-25 19:00:00+01:00,0.0,4796.0
2022-07-10 08:00:00+02:00,1767.0,2640.0
2023-05-14 15:00:00+02:00,5337.0,2892.0
2021-12-30 00:00:00+01:00,1.0,9730.0
2023-03-13 19:00:00+01:00,2.0,15061.0
2020-04-03 22:00:00+02:00,3.0,844.0
2022-09-06 11:00:00+02:00,4346.0,1880.0
2022-06-18 11:00:00+02:00,5168.0,1041.0
2020-04-29 07:00:00+02:00,150.0,4472.0
2023-01-07 12:00:00+01:00,2005.0,14185.0
2021-02-08 08:00:00+01:00,111.0,1081.0
2023-05-11 07:00:00+02:00,468.0,1573.0
2023-04-01 01:00:00+02:00,0.0,16914.0
2022-05-30 04:00:00+02:00,1.0,3635.0
2022-07-06 18:00:00+02:00,3059.0,3156.0
2020-08-02 13:00:00+02:00,3027.0,2607.0
2022-09-16 16:00:00+02:00,3718.0,6009.0
2020-10-08 11:00:00+02:00,2212.0,8379.0
2020-05-26 04:00:00+02:00,0.0,3480.0
2023-02-16 02:00:00+01:00,0.0,4060.0
2020-01-09 07:00:00+01:00,0.0,9902.0
2020-08-02 21:00:00+02:00,8.0,3164.0
2022-10-02 11:00:00+02:00,3133.0,6606.0
2023-06-14 06:00:00+02:00,106.0,2812.0
2022-02-18 13:00:00+01:00,3110.0,14887.0
2023-03-30 04:00:00+02:00,0.0,11677.0
2022-03-18 09:00:00+01:00,1218.0,8385.0
2021-08-03 15:00:00+02:00,2415.0,1845.0
2020-02-25 17:00:00+01:00,469.0,11609.0
2022-06-29 01:00:00+02:00,2.0,1429.0
2022-10-10 23:00:00+02:00,1.0,2884.0
2020-10-28 22:00:00+01:00,0.0,11423.0
2023-01-31 23:00:00+01:00,1.0,6422.0
2021-02-28 02:00:00+01:00,0.0,7630.0
2023-02-14 08:00:00+01:00,472.0,2464.0
2021-03-30 06:00:00+02:00,1.0,2955.0
2021-04-22 15:00:00+02:00,4187.0,4229.0
2023-04-29 01:00:00+02:00,0.0,2097.0
2021-05-14 07:00:00+02:00,297.0,2892.0
2022-04-21 11:00:00+02:00,2922.0,1963.0
2020-04-22 01:00:00+02:00,0.0,5055.0
2021-09-21 09:00:00+02:00,1109.0,2314.0
2023-04-02 21:00:00+02:00,1.0,7141.0
2021-08-10 14:00:00+02:00,4630.0,1040.0
2020-06-02 01:00:00+02:00,0.0,2541.0
2021-01-06 04:00:00+01:00,0.0,1244.0
2022-08-27 20:00:00+02:00,84.0,2692.0
2020-09-19 04:00:00+02:00,0.0,4698.0
2021-08-14 08:00:00+02:00,925.0,870.0
2020-06-24 18:00:00+02:00,1837.0,2486.0
2021-09-02 08:00:00+02:00,637.0,5310.0
2021-12-30 07:00:00+01:00,2.0,7891.0
2023-05-16 01:00:00+02:00,1.0,7607.0
2020-02-28 22:00:00+01:00,0.0,11245.0
2022-12-22 21:00:00+01:00,1.0,11324.0
2022-10-12 07:00:00+02:00,1.0,398.0
2021-01-29 19:00:00+01:00,1.0,10756.0
2021-08-15 17:00:00+02:00,2107.0,6175.0
2021-08-26 09:00:00+02:00,2037.0,2218.0
2021-04-07 22:00:00+02:00,4.0,1301.0
2020-01-07 00:00:00+01:00,0.0,5544.0
2020-07-01 14:00:00+02:00,2418.0,3654.0
2021-05-25 13:00:00+02:00,3744.0,10266.0
2020-02-13 18:00:00+01:00,10.0,13474.0
2020-09-30 06:00:00+02:00,0.0,939.0
2023-05-06 03:00:00+02:00,0.0,1733.0
2020-09-14 03:00:00+02:00,0.0,2627.0
2020-08-03 22:00:00+02:00,2.0,3571.0
2020-04-04 00:00:00+02:00,1.0,1012.0
2021-06-12 04:00:00+02:00,1.0,1584.0
2023-01-09 10:00:00+01:00,1445.0,14230.0
2021-03-05 13:00:00+01:00,2797.0,5722.0
2021-09-14 21:00:00+02:00,1.0,2226.0
2021-04-01 03:00:00+02:00,1.0,1877.0
2022-08-17 06:00:00+02:00,2.0,1257.0
2021-07-14 11:00:00+02:00,2132.0,5605.0
2020-08-01 16:00:00+02:00,2464.0,2608.0
2020-07-26 05:00:00+02:00,0.0,3903.0
2020-12-03 02:00:00+01:00,0.0,3480.0
2021-03-31 16:00:00+02:00,3299.0,962.0
2023-06-23 06:00:00+02:00,125.0,1327.0
2020-12-18 20:00:00+01:00,0.0,9700.0
2022-08-09 18:00:00+02:00,2687.0,5506.0
2022-02-02 21:00:00+01:00,2.0,2802.0
2022-02-27 20:00:00+01:00,3.0,6043.0
2022-05-25 13:00:00+02:00,4229.0,5692.0
2021-04-13 14:00:00+02:00,4249.0,2178.0
2021-09-14 00:00:00+02:00,2.0,3636.0
2021-05-21 00:00:00+02:00,1.0,9449.0
2020-08-29 00:00:00+02:00,0.0,3146.0
2020-06-03 06:00:00+02:00,44.0,587.0
2022-01-19 05:00:00+01:00,1.0,1493.0
2020-11-02 20:00:00+01:00,0.0,5838.0
2023-04-13 06:00:00+02:00,1.0,12181.0
2022-04-24 11:00:00+02:00,2104.0,2769.0
2023-05-22 01:00:00+02:00,1.0,3552.0
2022-03-04 08:00:00+01:00,570.0,3021.0
2021-02-25 06:00:00+01:00,0.0,4120.0
2021-07-27 04:00:00+02:00,1.0,1780.0
2022-05-27 16:00:00+02:00,4698.0,3204.0
2020-10-04 11:00:00+02:00,1367.0,10351.0
2022-06-15 08:00:00+02:00,1575.0,912.0
2020-05-05 19:00:00+02:00,623.0,2039.0
2020-12-19 05:00:00+01:00,0.0,11419.0
2023-01-09 23:00:00+01:00,1.0,10250.0
2022-06-21 02:00:00+02:00,1.0,5213.0
2022-05-24 00:00:00+02:00,1.0,4330.0
2020-12-09 07:00:00+01:00,0.0,2729.0
2021-04-30 06:00:00+02:00,3.0,1361.0
2022-08-16 20:00:00+02:00,133.0,1288.0
2022-08-09 17:00:00+02:00,4065.0,4900.0
2021-12-05 13:00:00+01:00,1758.0,6943.0
2022-03-24 17:00:00+01:00,1641.0,1931.0
2020-08-23 17:00:00+02:00,2253.0,4940.0
2022-08-31 10:00:00+02:00,2875.0,1206.0
2023-05-07 12:00:00+02:00,4147.0,1060.0
2020-08-28 18:00:00+02:00,663.0,6443.0
2023-06-03 11:00:00+02:00,5972.0,3186.0
2023-04-23 17:00:00+02:00,2217.0,13932.0
2022-02-10 16:00:00+01:00,1401.0,2419.0
2023-06-05 11:00:00+02:00,6196.0,1907.0
2021-06-24 18:00:00+02:00,1835.0,1790.0
2020-07-28 13:00:00+02:00,2447.0,4028.0
2020-05-20 19:00:00+02:00,849.0,1368.0
2022-10-14 19:00:00+02:00,5.0,6272.0
2022-01-19 06:00:00+01:00,2.0,1693.0
2021-06-23 23:00:00+02:00,1.0,2487.0
2023-06-05 02:00:00+02:00,1.0,6748.0
2020-11-03 01:00:00+01:00,0.0,3278.0
2023-03-13 20:00:00+01:00,1.0,15724.0
2022-12-08 05:00:00+01:00,1.0,1152.0
2022-12-04 08:00:00+01:00,48.0,3100.0
2021-06-08 05:00:00+02:00,1.0,946.0
2022-04-16 01:00:00+02:00,1.0,5452.0
2021-10-31 00:00:00+02:00,2.0,4501.0
2023-03-12 07:00:00+01:00,147.0,8511.0
2022-12-22 16:00:00+01:00,98.0,12752.0
2021-07-06 23:00:00+02:00,1.0,3279.0
2020-07-13 16:00:00+02:00,3361.0,1229.0
2023-01-27 00:00:00+01:00,1.0,6566.0
2020-07-30 21:00:00+02:00,11.0,2133.0
2021-12-20 22:00:00+01:00,1.0,3326.0
2021-06-11 20:00:00+02:00,345.0,1823.0
2020-12-09 12:00:00+01:00,1593.0,2058.0
2022-11-10 11:00:00+01:00,3188.0,2330.0
2021-02-01 23:00:00+01:00,0.0,3759.0
2022-04-19 19:00:00+02:00,397.0,3195.0
2023-05-30 00:00:00+02:00,1.0,9780.0
2022-04-26 04:00:00+02:00,1.0,2143.0
2020-12-23 15:00:00+01:00,231.0,11346.0
2022-03-06 00:00:00+01:00,5.0,4077.0
2020-09-17 05:00:00+02:00,0.0,6149.0
2020-06-21 18:00:00+02:00,1565.0,4587.0
2022-02-19 18:00:00+01:00,40.0,13652.0
2023-05-27 21:00:00+02:00,32.0,4331.0
2021-12-21 12:00:00+01:00,2712.0,896.0
2020-04-30 00:00:00+02:00,1.0,6296.0
2022-05-28 00:00:00+02:00,3.0,3605.0
2020-08-22 05:00:00+02:00,0.0,4608.0
2020-11-25 23:00:00+01:00,0.0,3219.0
2021-02-21 20:00:00+01:00,1.0,7369.0
2022-03-09 04:00:00+01:00,4.0,3600.0
2020-12-22 21:00:00+01:00,0.0,7496.0
2022-10-30 04:00:00+01:00,1.0,3170.0
2021-02-06 04:00:00+01:00,0.0,2241.0
2022-02-07 00:00:00+01:00,1.0,14895.0
2022-02-20 13:00:00+01:00,2845.0,14817.0
2021-01-09 16:00:00+01:00,260.0,5396.0
2020-06-22 02:00:00+02:00,1.0,2570.0
2022-03-28 20:00:00+02:00,10.0,1882.0
2020-09-28 02:00:00+02:00,0.0,4630.0
2021-03-03 16:00:00+01:00,1105.0,517.0
2021-07-02 09:00:00+02:00,2298.0,126.0
2023-04-16 21:00:00+02:00,4.0,3466.0
2022-03-28 11:00:00+02:00,3962.0,1027.0
2020-07-15 04:00:00+02:00,0.0,1373.0
2022-08-25 03:00:00+02:00,1.0,2091.0
2022-10-19 07:00:00+02:00,1.0,6149.0
2020-01-11 21:00:00+01:00,1.0,4499.0
2020-09-20 02:00:00+02:00,0.0,1676.0
2022-03-31 14:00:00+02:00,3602.0,9182.0
2021-06-26 09:00:00+02:00,2325.0,74.0
2022-11-13 23:00:00+01:00,1.0,3185.0
2022-04-28 12:00:00+02:00,4485.0,3301.0
2020-11-06 03:00:00+01:00,0.0,6989.0
2021-10-03 01:00:00+02:00,2.0,11387.0
2021-11-04 18:00:00+01:00,4.0,3507.0
2020-10-26 10:00:00+01:00,1351.0,7291.0
2022-11-25 00:00:00+01:00,1.0,8037.0
2021-09-20 05:00:00+02:00,2.0,1464.0
2023-04-03 06:00:00+02:00,1.0,5706.0
2021-04-13 22:00:00+02:00,3.0,4179.0
2023-04-01 06:00:00+02:00,1.0,15064.0
2021-02-01 12:00:00+01:00,1008.0,5929.0
2020-08-15 03:00:00+02:00,0.0,394.0
2021-08-26 08:00:00+02:00,794.0,2393.0
2021-10-06 16:00:00+02:00,2956.0,7898.0
2021-11-03 11:00:00+01:00,1869.0,2584.0
2021-03-24 13:00:00+01:00,4365.0,1193.0
2020-01-28 08:00:00+01:00,26.0,12794.0
2022-07-12 17:00:00+02:00,4396.0,801.0
2023-06-21 20:00:00+02:00,361.0,1724.0
2023-02-06 23:00:00+01:00,0.0,7150.0
2023-05-11 13:00:00+02:00,5221.0,1664.0
2020-10-30 01:00:00+01:00,0.0,7655.0
2020-06-15 02:00:00+02:00,0.0,2400.0
2021-09-25 00:00:00+02:00,2.0,1008.0
2021-01-18 11:00:00+01:00,2293.0,2861.0
2023-04-08 07:00:00+02:00,93.0,3874.0
2022-01-07 11:00:00+01:00,1987.0,9091.0
2021-06-03 22:00:00+02:00,1.0,1252.0
2023-03-07 19:00:00+01:00,0.0,7105.0
2021-01-25 02:00:00+01:00,0.0,5862.0
2023-04-12 09:00:00+02:00,1410.0,7960.0
2020-10-29 22:00:00+01:00,1.0,7594.0
2021-08-22 01:00:00+02:00,1.0,2374.0
2020-04-01 04:00:00+02:00,0.0,5508.0
2020-12-06 22:00:00+01:00,0.0,1403.0
2021-05-15 11:00:00+02:00,1471.0,6848.0
2021-03-24 04:00:00+01:00,0.0,1491.0
2021-05-24 16:00:00+02:00,2432.0,10159.0
2022-09-22 03:00:00+02:00,1.0,2233.0
2022-11-19 23:00:00+01:00,1.0,3737.0
2022-11-11 21:00:00+01:00,1.0,4865.0
2021-06-09 05:00:00+02:00,1.0,855.0
2020-05-30 00:00:00+02:00,1.0,5262.0
2022-05-22 14:00:00+02:00,4869.0,844.0
2021-10-05 17:00:00+02:00,1059.0,10540.0
2022-11-20 19:00:00+01:00,1.0,9576.0
2021-01-27 09:00:00+01:00,380.0,4717.0
2021-08-17 22:00:00+02:00,4.0,3205.0
2021-01-14 10:00:00+01:00,948.0,7169.0
2020-10-17 19:00:00+02:00,3.0,547.0
2022-10-25 17:00:00+02:00,798.0,3339.0
2022-02-11 12:00:00+01:00,3575.0,1141.0
2022-03-11 01:00:00+01:00,4.0,8824.0
2021-12-10 22:00:00+01:00,1.0,11287.0
2020-04-03 01:00:00+02:00,0.0,2594.0
2021-11-13 21:00:00+01:00,2.0,2388.0
2021-03-01 17:00:00+01:00,668.0,2513.0
2020-08-16 23:00:00+02:00,1.0,1780.0
2023-06-05 08:00:00+02:00,1963.0,2694.0
2021-10-16 07:00:00+02:00,2.0,1525.0
2021-10-18 00:00:00+02:00,2.0,2798.0
2020-02-26 22:00:00+01:00,0.0,5739.0
2023-03-24 21:00:00+01:00,1.0,14925.0
2021-01-20 08:00:00+01:00,22.0,12384.0
2023-06-24 13:00:00+02:00,7396.0,1364.0
2021-04-29 19:00:00+02:00,372.0,1252.0
2021-01-05 04:00:00+01:00,0.0,2055.0
2021-03-21 06:00:00+01:00,3.0,3021.0
2021-02-02 19:00:00+01:00,0.0,9532.0
2022-10-27 09:00:00+02:00,645.0,7883.0
2020-08-28 02:00:00+02:00,0.0,5945.0
2022-10-30 14:00:00+01:00,2834.0,2923.0
2020-05-13 16:00:00+02:00,1414.0,7385.0
2021-07-18 01:00:00+02:00,3.0,5147.0
2022-04-07 09:00:00+02:00,1177.0,15627.0
2022-03-22 10:00:00+01:00,4257.0,3583.0
2021-04-04 19:00:00+02:00,472.0,1554.0
2022-05-02 04:00:00+02:00,1.0,2279.0
2022-04-19 21:00:00+02:00,1.0,4162.0
2020-09-01 09:00:00+02:00,1417.0,613.0
2020-02-03 19:00:00+01:00,0.0,8355.0
2022-05-02 10:00:00+02:00,3605.0,962.0
2020-07-30 02:00:00+02:00,0.0,2248.0
2022-08-17 08:00:00+02:00,716.0,1277.0
2020-09-23 18:00:00+02:00,524.0,5383.0
2021-09-22 00:00:00+02:00,2.0,2888.0
2020-01-16 07:00:00+01:00,0.0,5423.0
2021-01-31 17:00:00+01:00,78.0,5260.0
2023-02-16 12:00:00+01:00,4788.0,4157.0
2021-08-14 19:00:00+02:00,845.0,349.0
2022-04-22 08:00:00+02:00,810.0,3750.0
2023-03-30 01:00:00+02:00,1.0,10600.0
2021-02-27 06:00:00+01:00,0.0,5799.0
2020-01-06 07:00:00+01:00,0.0,3619.0
2020-10-14 20:00:00+02:00,0.0,5857.0
2020-02-06 09:00:00+01:00,865.0,3322.0
2023-04-28 22:00:00+02:00,2.0,3113.0
2020-08-13 11:00:00+02:00,1913.0,1463.0
2020-11-15 22:00:00+01:00,0.0,11795.0
2021-07-29 09:00:00+02:00,2024.0,2638.0
2022-02-12 20:00:00+01:00,2.0,6375.0
2020-01-20 00:00:00+01:00,0.0,6766.0
2023-02-21 07:00:00+01:00,14.0,1564.0
2020-06-08 05:00:00+02:00,0.0,1404.0
2021-01-18 04:00:00+01:00,0.0,2306.0
2022-05-25 21:00:00+02:00,20.0,6212.0
2022-02-25 10:00:00+01:00,3391.0,4506.0
2023-05-02 05:00:00+02:00,1.0,2583.0
2021-09-28 10:00:00+02:00,2159.0,1100.0
2020-05-11 05:00:00+02:00,0.0,10113.0
2021-07-18 07:00:00+02:00,339.0,4104.0
2023-02-26 16:00:00+01:00,2642.0,17168.0
2021-04-12 02:00:00+02:00,1.0,2908.0
2020-08-17 19:00:00+02:00,380.0,2009.0
2021-12-08 08:00:00+01:00,23.0,7414.0
2020-08-19 14:00:00+02:00,3410.0,4346.0
2020-07-09 18:00:00+02:00,1854.0,3880.0
2021-02-28 21:00:00+01:00,0.0,6758.0
2022-04-15 00:00:00+02:00,1.0,2013.0
2021-10-17 06:00:00+02:00,2.0,1776.0
2020-09-16 00:00:00+02:00,0.0,792.0
2022-05-11 10:00:00+02:00,4347.0,3427.0
2022-04-17 23:00:00+02:00,3.0,6091.0
2022-03-28 05:00:00+02:00,4.0,1590.0
2022-05-21 21:00:00+02:00,14.0,1612.0
2021-12-28 08:00:00+01:00,24.0,13896.0
2023-03-09 11:00:00+01:00,3450.0,13403.0
2022-01-02 18:00:00+01:00,1.0,13544.0
2021-07-25 00:00:00+02:00,1.0,2427.0
2020-11-21 07:00:00+01:00,2.0,3674.0
2023-05-05 01:00:00+02:00,1.0,3090.0
2023-01-01 03:00:00+01:00,1.0,10528.0
2021-08-08 07:00:00+02:00,167.0,4418.0
2022-02-14 04:00:00+01:00,2.0,12615.0
2021-08-08 02:00:00+02:00,2.0,6929.0
2021-02-25 15:00:00+01:00,2246.0,1268.0
2020-09-14 13:00:00+02:00,3687.0,1366.0
2020-08-05 05:00:00+02:00,0.0,1210.0
2023-03-19 05:00:00+01:00,1.0,2488.0
2023-03-19 21:00:00+01:00,2.0,2513.0
2022-04-05 04:00:00+02:00,1.0,6592.0
2020-01-23 08:00:00+01:00,24.0,5314.0
2021-09-13 18:00:00+02:00,840.0,1269.0
2021-06-19 18:00:00+02:00,1462.0,2816.0
2022-07-05 18:00:00+02:00,3030.0,2525.0
2021-04-04 04:00:00+02:00,1.0,5626.0
2023-04-23 12:00:00+02:00,3794.0,9035.0
2021-10-27 00:00:00+02:00,2.0,3162.0
2023-03-17 16:00:00+01:00,2408.0,7721.0
2022-04-02 17:00:00+02:00,2175.0,8914.0
2022-06-03 03:00:00+02:00,1.0,3195.0
2021-12-08 12:00:00+01:00,1336.0,5715.0
2020-10-11 15:00:00+02:00,2183.0,4856.0
2020-06-15 16:00:00+02:00,2690.0,2680.0
2023-01-18 07:00:00+01:00,1.0,3259.0
2021-12-26 13:00:00+01:00,1706.0,2883.0
2021-04-14 14:00:00+02:00,4266.0,4818.0
2020-12-27 03:00:00+01:00,0.0,11817.0
2022-05-07 19:00:00+02:00,974.0,4023.0
2022-07-22 02:00:00+02:00,1.0,3049.0
2022-03-31 21:00:00+02:00,4.0,9721.0
2020-12-11 19:00:00+01:00,0.0,6213.0
2021-11-25 06:00:00+01:00,2.0,2825.0
2021-05-30 10:00:00+02:00,3390.0,1736.0
2022-11-23 06:00:00+01:00,1.0,8155.0
2021-01-31 19:00:00+01:00,1.0,5859.0
2020-05-17 22:00:00+02:00,3.0,2260.0
2021-11-24 04:00:00+01:00,1.0,4918.0
2020-10-09 08:00:00+02:00,141.0,2299.0
2021-01-26 10:00:00+01:00,1430.0,3481.0
2022-01-01 13:00:00+01:00,2878.0,3185.0
2023-03-21 05:00:00+01:00,1.0,4085.0
2020-12-27 04:00:00+01:00,0.0,11724.0
2020-07-21 21:00:00+02:00,23.0,4359.0
2023-02-03 12:00:00+01:00,4331.0,6916.0
2023-04-08 18:00:00+02:00,2608.0,1845.0
2021-09-14 23:00:00+02:00,1.0,2872.0
2021-07-29 14:00:00+02:00,4153.0,3428.0
2022-09-06 01:00:00+02:00,1.0,3949.0
2021-09-24 23:00:00+02:00,2.0,961.0
2022-07-10 23:00:00+02:00,7.0,4992.0
2021-12-14 01:00:00+01:00,1.0,691.0
2020-11-24 04:00:00+01:00,0.0,1695.0
2023-01-24 19:00:00+01:00,1.0,2934.0
2022-06-21 10:00:00+02:00,2827.0,784.0
2021-01-29 13:00:00+01:00,1900.0,13912.0
2021-05-07 08:00:00+02:00,803.0,2152.0
2022-08-26 10:00:00+02:00,3120.0,2417.0
2021-05-02 01:00:00+02:00,1.0,2914.0
2023-02-06 04:00:00+01:00,0.0,7095.0
2021-10-03 08:00:00+02:00,79.0,8697.0
2020-11-23 21:00:00+01:00,0.0,1317.0
2023-01-03 01:00:00+01:00,1.0,4426.0
2023-01-17 07:00:00+01:00,1.0,2961.0
2022-05-09 01:00:00+02:00,1.0,4229.0
2020-12-04 07:00:00+01:00,0.0,10098.0
2023-05-14 23:00:00+02:00,1.0,4024.0
2023-04-21 10:00:00+02:00,4176.0,1821.0
2020-05-21 01:00:00+02:00,1.0,2667.0
2021-01-26 18:00:00+01:00,1.0,4207.0
2022-02-25 15:00:00+01:00,3706.0,5087.0
2020-09-10 09:00:00+02:00,1021.0,1191.0
2023-05-29 10:00:00+02:00,3091.0,3843.0
2021-08-04 13:00:00+02:00,2250.0,825.0
2021-02-06 06:00:00+01:00,0.0,2108.0
2022-11-16 01:00:00+01:00,1.0,8821.0
2022-09-01 13:00:00+02:00,5551.0,1372.0
2020-02-10 11:00:00+01:00,1276.0,12764.0
2020-04-01 13:00:00+02:00,3040.0,2292.0
2020-02-06 16:00:00+01:00,1227.0,2803.0
2022-04-20 03:00:00+02:00,1.0,4391.0
2023-03-05 20:00:00+01:00,4.0,945.0
2020-05-13 15:00:00+02:00,1623.0,6883.0
2022-06-01 09:00:00+02:00,2729.0,414.0
2022-05-03 10:00:00+02:00,3385.0,1475.0
2022-05-24 14:00:00+02:00,3908.0,4390.0
2023-06-27 02:00:00+02:00,0.0,3042.0
2021-03-27 19:00:00+01:00,13.0,1777.0
2022-10-12 17:00:00+02:00,1607.0,568.0
2023-01-11 07:00:00+01:00,1.0,10179.0
2022-08-19 16:00:00+02:00,3877.0,4216.0
2020-10-26 21:00:00+01:00,0.0,7522.0
2021-09-17 06:00:00+02:00,2.0,631.0
2022-07-03 02:00:00+02:00,2.0,1506.0
2022-04-02 14:00:00+02:00,3159.0,9736.0
2021-10-16 09:00:00+02:00,1145.0,1233.0
2021-08-02 13:00:00+02:00,4143.0,948.0
2021-02-10 22:00:00+01:00,0.0,4099.0
2021-03-25 22:00:00+01:00,3.0,1810.0
2022-09-12 20:00:00+02:00,4.0,1930.0
2020-09-24 21:00:00+02:00,0.0,8773.0
2022-10-22 11:00:00+02:00,3325.0,2208.0
2020-04-13 13:00:00+02:00,2240.0,7525.0
2021-12-13 19:00:00+01:00,1.0,1451.0
2021-10-25 23:00:00+02:00,2.0,3132.0
2022-09-12 19:00:00+02:00,256.0,1616.0
2020-11-27 02:00:00+01:00,0.0,1658.0
2020-06-04 04:00:00+02:00,0.0,2618.0
2020-05-18 15:00:00+02:00,3709.0,1549.0
2023-05-06 08:00:00+02:00,1769.0,1172.0
2020-09-05 17:00:00+02:00,2040.0,2701.0
2022-11-15 06:00:00+01:00,1.0,8625.0
2021-06-11 06:00:00+02:00,68.0,1299.0
2020-08-26 09:00:00+02:00,1341.0,8215.0
2021-11-09 14:00:00+01:00,2821.0,1075.0
2022-06-06 03:00:00+02:00,1.0,2021.0
2023-01-09 21:00:00+01:00,1.0,10617.0
2023-03-04 22:00:00+01:00,3.0,3465.0
2020-04-12 19:00:00+02:00,277.0,2480.0
2021-04-08 11:00:00+02:00,3904.0,420.0
2020-01-15 10:00:00+01:00,737.0,12160.0
2022-02-20 00:00:00+01:00,1.0,12343.0
2022-08-12 19:00:00+02:00,1066.0,2393.0
2022-06-03 12:00:00+02:00,3872.0,832.0
2020-09-27 10:00:00+02:00,1342.0,11698.0
2020-08-26 17:00:00+02:00,2225.0,6514.0
2022-05-24 05:00:00+02:00,1.0,5971.0
2021-09-28 13:00:00+02:00,3514.0,1721.0
2022-10-15 07:00:00+02:00,2.0,8442.0
2021-08-12 17:00:00+02:00,2522.0,562.0
2021-11-18 01:00:00+01:00,2.0,1508.0
2021-11-07 15:00:00+01:00,1062.0,4356.0
2020-08-18 07:00:00+02:00,111.0,762.0
2021-12-26 04:00:00+01:00,1.0,2005.0
2022-10-12 13:00:00+02:00,4230.0,354.0
2022-03-12 09:00:00+01:00,953.0,4953.0
2022-05-02 23:00:00+02:00,1.0,5625.0
2022-12-21 09:00:00+01:00,358.0,6927.0
2021-01-19 10:00:00+01:00,1625.0,10260.0
2020-12-26 05:00:00+01:00,0.0,2785.0
2022-08-07 21:00:00+02:00,10.0,6196.0
2022-06-05 03:00:00+02:00,1.0,1786.0
2020-05-24 12:00:00+02:00,3693.0,2453.0
2022-03-27 21:00:00+02:00,4.0,2265.0
2022-02-19 09:00:00+01:00,1400.0,6563.0
2023-04-26 05:00:00+02:00,1.0,2540.0
2022-08-20 02:00:00+02:00,2.0,2753.0
2023-01-11 01:00:00+01:00,1.0,14357.0
2020-06-29 02:00:00+02:00,0.0,3070.0
2021-10-22 06:00:00+02:00,2.0,2796.0
2021-01-15 14:00:00+01:00,1272.0,4907.0
2021-05-02 14:00:00+02:00,3608.0,1428.0
2023-02-08 17:00:00+01:00,569.0,1398.0
2021-10-26 17:00:00+02:00,1168.0,2663.0
2023-01-19 20:00:00+01:00,1.0,1529.0
2021-06-18 17:00:00+02:00,2787.0,6470.0
2023-02-03 22:00:00+01:00,0.0,4012.0
2020-05-01 11:00:00+02:00,1381.0,7051.0
2022-12-11 13:00:00+01:00,2980.0,1450.0
2022-12-13 08:00:00+01:00,22.0,5907.0
2023-05-23 11:00:00+02:00,4160.0,5872.0
2022-01-12 04:00:00+01:00,1.0,2217.0
2021-11-17 22:00:00+01:00,2.0,1705.0
2023-06-06 22:00:00+02:00,1.0,5626.0
2020-04-24 02:00:00+02:00,0.0,855.0
2021-01-02 18:00:00+01:00,0.0,1821.0
2022-04-11 22:00:00+02:00,3.0,9012.0
2021-11-08 23:00:00+01:00,1.0,1739.0
2020-01-21 05:00:00+01:00,0.0,3609.0
2020-07-11 21:00:00+02:00,30.0,3135.0
2020-08-26 16:00:00+02:00,2898.0,6917.0
2021-02-18 17:00:00+01:00,178.0,8992.0
2021-12-06 15:00:00+01:00,721.0,7708.0
2021-08-24 12:00:00+02:00,3875.0,7247.0
2023-02-04 23:00:00+01:00,0.0,3557.0
2022-07-19 14:00:00+02:00,5736.0,5582.0
2021-04-10 12:00:00+02:00,1881.0,4921.0
2021-08-27 11:00:00+02:00,3870.0,2666.0
2021-06-11 16:00:00+02:00,3459.0,1042.0
2021-04-30 04:00:00+02:00,1.0,1466.0
2022-02-25 05:00:00+01:00,1.0,7320.0
2020-08-02 18:00:00+02:00,1503.0,3402.0
2021-09-21 12:00:00+02:00,3416.0,2175.0
2020-08-07 08:00:00+02:00,806.0,1658.0
2021-01-13 08:00:00+01:00,29.0,3909.0
2022-09-27 19:00:00+02:00,55.0,8490.0
2020-08-12 02:00:00+02:00,0.0,2044.0
2021-03-30 03:00:00+02:00,1.0,3237.0
2020-12-23 02:00:00+01:00,0.0,6530.0
2022-06-27 23:00:00+02:00,1.0,2018.0
2020-07-28 01:00:00+02:00,1.0,4999.0
2021-04-04 11:00:00+02:00,3768.0,1642.0
2020-07-12 13:00:00+02:00,3609.0,2085.0
2021-10-17 03:00:00+02:00,2.0,1764.0
2020-07-10 18:00:00+02:00,1252.0,3261.0
2021-06-25 09:00:00+02:00,2514.0,1052.0
2021-07-18 02:00:00+02:00,2.0,5181.0
2022-07-12 22:00:00+02:00,3.0,1354.0
2022-01-25 16:00:00+01:00,1181.0,65.0
2020-05-21 09:00:00+02:00,1911.0,585.0
2022-08-23 16:00:00+02:00,4406.0,596.0
2023-06-25 03:00:00+02:00,0.0,2956.0
2021-08-29 22:00:00+02:00,4.0,3173.0
2020-05-18 11:00:00+02:00,3654.0,1044.0
2022-03-08 18:00:00+01:00,130.0,3434.0
2020-09-05 08:00:00+02:00,482.0,1598.0
2022-01-08 22:00:00+01:00,2.0,14752.0
2023-01-17 20:00:00+01:00,1.0,4982.0
2020-10-22 16:00:00+02:00,582.0,3412.0
2021-06-13 04:00:00+02:00,1.0,3030.0
2020-12-07 02:00:00+01:00,0.0,848.0
2020-05-27 21:00:00+02:00,17.0,3844.0
2022-07-09 03:00:00+02:00,3.0,3145.0
2022-11-27 03:00:00+01:00,1.0,7504.0
2020-01-13 03:00:00+01:00,0.0,2525.0
2021-02-21 15:00:00+01:00,1520.0,5888.0
2022-11-29 06:00:00+01:00,1.0,1833.0
2021-01-13 03:00:00+01:00,0.0,3241.0
2023-01-18 14:00:00+01:00,2142.0,4046.0
2021-03-07 21:00:00+01:00,0.0,3440.0
2020-09-21 09:00:00+02:00,790.0,473.0
2021-10-28 05:00:00+02:00,2.0,5652.0
2022-11-28 15:00:00+01:00,755.0,3042.0
2021-08-03 20:00:00+02:00,123.0,946.0
2020-06-29 03:00:00+02:00,0.0,2928.0
2021-12-09 15:00:00+01:00,744.0,4640.0
2020-11-22 22:00:00+01:00,0.0,678.0
2020-06-16 18:00:00+02:00,1258.0,1206.0
2020-06-02 21:00:00+02:00,27.0,1510.0
2020-04-14 13:00:00+02:00,4109.0,4712.0
2022-07-03 13:00:00+02:00,5985.0,1294.0
2022-09-16 07:00:00+02:00,29.0,2206.0
2021-09-30 17:00:00+02:00,2269.0,3216.0
2022-01-29 18:00:00+01:00,4.0,9729.0
2022-08-10 20:00:00+02:00,204.0,4822.0
2022-09-23 22:00:00+02:00,1.0,994.0
2020-12-01 10:00:00+01:00,477.0,6967.0
2023-01-29 18:00:00+01:00,3.0,2690.0
2021-09-12 12:00:00+02:00,4611.0,124.0
2020-09-10 04:00:00+02:00,0.0,1555.0
2023-04-20 18:00:00+02:00,2145.0,4202.0
2023-03-16 09:00:00+01:00,3862.0,6020.0
2021-07-07 00:00:00+02:00,1.0,3706.0
2021-06-26 14:00:00+02:00,4264.0,485.0
2021-07-16 02:00:00+02:00,1.0,4392.0
2021-04-12 06:00:00+02:00,1.0,2037.0
2020-12-22 01:00:00+01:00,0.0,12717.0
2021-01-20 09:00:00+01:00,269.0,12238.0
2022-10-29 22:00:00+02:00,1.0,4724.0
2023-02-04 00:00:00+01:00,0.0,3341.0
2021-10-03 20:00:00+02:00,2.0,5400.0
2021-05-11 01:00:00+02:00,1.0,1836.0
2022-05-03 20:00:00+02:00,147.0,3793.0
2021-11-23 10:00:00+01:00,1971.0,6547.0
2021-02-24 11:00:00+01:00,2839.0,4816.0
2021-09-06 15:00:00+02:00,4373.0,910.0
2021-08-19 00:00:00+02:00,3.0,2070.0
2021-02-12 22:00:00+01:00,0.0,8260.0
2021-09-01 01:00:00+02:00,1.0,5921.0
2021-03-31 23:00:00+02:00,2.0,1442.0
2020-01-31 21:00:00+01:00,0.0,8390.0
2020-05-27 13:00:00+02:00,3921.0,3038.0
2021-05-25 02:00:00+02:00,1.0,10014.0
2021-01-07 10:00:00+01:00,1038.0,581.0
2020-05-17 05:00:00+02:00,0.0,2862.0
2023-06-10 07:00:00+02:00,620.0,1882.0
2022-04-03 00:00:00+02:00,3.0,4788.0
2022-03-20 13:00:00+01:00,3032.0,2423.0
2023-04-20 21:00:00+02:00,1.0,3405.0
2020-09-03 23:00:00+02:00,2.0,2098.0
2021-06-22 14:00:00+02:00,3147.0,3522.0
2022-06-29 05:00:00+02:00,1.0,869.0
2021-07-23 16:00:00+02:00,2917.0,4449.0
2022-02-17 08:00:00+01:00,252.0,14111.0
2020-05-15 00:00:00+02:00,0.0,8265.0
2023-05-17 11:00:00+02:00,6345.0,6196.0
2023-02-24 20:00:00+01:00,2.0,3732.0
2021-07-29 04:00:00+02:00,1.0,3664.0
2022-04-04 12:00:00+02:00,5305.0,8595.0
2021-02-04 15:00:00+01:00,820.0,2150.0
2023-01-21 17:00:00+01:00,135.0,8014.0
2022-07-29 01:00:00+02:00,1.0,1758.0
2022-07-20 06:00:00+02:00,28.0,2257.0
2020-06-09 10:00:00+02:00,2068.0,2267.0
2022-02-22 20:00:00+01:00,1.0,9538.0
2022-12-12 19:00:00+01:00,1.0,5989.0
2020-04-17 03:00:00+02:00,0.0,2076.0
2021-07-15 17:00:00+02:00,2465.0,6672.0
2020-01-27 16:00:00+01:00,151.0,9788.0
2021-04-03 09:00:00+02:00,1529.0,9125.0
2020-10-16 14:00:00+02:00,2068.0,2134.0
2023-04-05 17:00:00+02:00,4451.0,1071.0
2023-04-03 10:00:00+02:00,3236.0,6079.0
2023-06-14 20:00:00+02:00,443.0,3200.0
2022-09-26 16:00:00+02:00,2427.0,11266.0
2022-10-15 18:00:00+02:00,259.0,4538.0
2021-01-26 07:00:00+01:00,0.0,4549.0
2021-09-01 16:00:00+02:00,3319.0,6126.0
2020-02-09 17:00:00+01:00,125.0,12437.0
2020-09-26 20:00:00+02:00,0.0,8155.0
2021-03-19 03:00:00+01:00,1.0,4306.0
2020-04-25 13:00:00+02:00,3333.0,848.0
2020-06-27 20:00:00+02:00,258.0,5299.0
2022-05-13 08:00:00+02:00,1231.0,1196.0
2022-05-26 12:00:00+02:00,3616.0,3001.0
2020-06-07 01:00:00+02:00,0.0,3643.0
2022-03-24 05:00:00+01:00,4.0,2053.0
2020-07-22 12:00:00+02:00,2958.0,829.0
2020-08-16 21:00:00+02:00,2.0,1559.0
2020-10-02 03:00:00+02:00,0.0,9911.0
2021-06-20 17:00:00+02:00,2051.0,1737.0
2023-02-25 12:00:00+01:00,3062.0,6237.0
2020-05-07 06:00:00+02:00,12.0,1941.0
2022-07-04 06:00:00+02:00,64.0,1784.0
2023-01-06 11:00:00+01:00,1868.0,6639.0
2022-01-03 22:00:00+01:00,2.0,7756.0
2021-08-19 11:00:00+02:00,2540.0,1187.0
2022-04-13 12:00:00+02:00,3237.0,509.0
2022-12-11 16:00:00+01:00,418.0,1018.0
2020-07-09 13:00:00+02:00,3878.0,3111.0
2020-10-17 00:00:00+02:00,0.0,1179.0
2020-12-11 06:00:00+01:00,0.0,8241.0
2022-10-23 05:00:00+02:00,1.0,7545.0
2020-02-20 02:00:00+01:00,0.0,6076.0
2022-10-28 03:00:00+02:00,1.0,8525.0
2020-01-21 00:00:00+01:00,0.0,4713.0
2022-03-03 11:00:00+01:00,3186.0,535.0
2023-04-09 17:00:00+02:00,4253.0,863.0
2022-08-28 12:00:00+02:00,5768.0,2939.0
2023-02-11 14:00:00+01:00,5108.0,847.0
2022-04-27 16:00:00+02:00,3945.0,4872.0
2022-09-02 18:00:00+02:00,1367.0,1232.0
2023-05-03 20:00:00+02:00,186.0,6714.0
2020-02-25 02:00:00+01:00,0.0,9980.0
2021-07-05 05:00:00+02:00,2.0,2936.0
2022-07-14 02:00:00+02:00,1.0,1114.0
2023-05-26 16:00:00+02:00,5912.0,5723.0
2020-08-23 06:00:00+02:00,0.0,4368.0
2022-03-10 20:00:00+01:00,4.0,6240.0
2022-05-24 17:00:00+02:00,2356.0,3429.0
2022-11-17 22:00:00+01:00,1.0,8784.0
2020-06-15 23:00:00+02:00,0.0,2001.0
2021-11-12 16:00:00+01:00,528.0,3171.0
2021-07-27 17:00:00+02:00,1906.0,3968.0
2023-02-26 02:00:00+01:00,0.0,10595.0
2022-07-01 12:00:00+02:00,5121.0,2350.0
2021-06-29 13:00:00+02:00,3328.0,1619.0
2022-12-15 02:00:00+01:00,1.0,3015.0
2022-07-19 02:00:00+02:00,4.0,5921.0
2023-01-21 08:00:00+01:00,82.0,8417.0
2021-07-26 06:00:00+02:00,15.0,1716.0
2020-02-08 15:00:00+01:00,1112.0,2186.0
2021-11-14 03:00:00+01:00,2.0,2313.0
2023-05-29 23:00:00+02:00,1.0,10408.0
2021-12-10 07:00:00+01:00,1.0,12286.0
2020-11-04 14:00:00+01:00,2003.0,2148.0
2022-12-21 15:00:00+01:00,1169.0,8933.0
2020-09-05 06:00:00+02:00,0.0,2820.0
2021-05-19 05:00:00+02:00,1.0,3491.0
2021-04-08 02:00:00+02:00,2.0,692.0
2023-02-08 03:00:00+01:00,0.0,3498.0
2020-09-25 23:00:00+02:00,0.0,11663.0
2022-01-04 23:00:00+01:00,1.0,9732.0
2021-03-05 18:00:00+01:00,72.0,6088.0
2020-07-07 12:00:00+02:00,3889.0,1169.0
2023-02-09 21:00:00+01:00,0.0,651.0
2021-12-19 20:00:00+01:00,1.0,3125.0
2023-01-28 08:00:00+01:00,43.0,5907.0
2022-11-07 20:00:00+01:00,2.0,11106.0
2020-10-23 19:00:00+02:00,1.0,4554.0
2022-05-13 20:00:00+02:00,247.0,1494.0
2020-05-03 13:00:00+02:00,3410.0,1716.0
2021-07-23 21:00:00+02:00,24.0,5472.0
2023-03-11 23:00:00+01:00,3.0,5657.0
2023-04-22 20:00:00+02:00,102.0,4384.0
2021-08-26 18:00:00+02:00,1841.0,4645.0
2021-12-21 10:00:00+01:00,1462.0,1832.0
2020-11-14 16:00:00+01:00,372.0,7851.0
2022-11-10 15:00:00+01:00,2121.0,2494.0
2021-06-21 17:00:00+02:00,2550.0,2076.0
2021-10-20 03:00:00+02:00,2.0,10932.0
2021-12-12 13:00:00+01:00,1875.0,3376.0
2021-05-16 14:00:00+02:00,2350.0,8341.0
2020-01-22 08:00:00+01:00,16.0,4047.0
2020-12-18 18:00:00+01:00,0.0,8599.0
2023-02-28 10:00:00+01:00,3354.0,6712.0
2021-02-23 16:00:00+01:00,1572.0,8943.0
2020-09-12 08:00:00+02:00,467.0,1419.0
2022-06-29 08:00:00+02:00,1779.0,480.0
2022-05-04 21:00:00+02:00,2.0,1664.0
2023-04-02 00:00:00+02:00,0.0,8397.0
2020-11-15 06:00:00+01:00,0.0,12355.0
2023-05-19 23:00:00+02:00,1.0,7526.0
2021-01-14 03:00:00+01:00,0.0,7138.0
2020-04-01 16:00:00+02:00,2315.0,2081.0
2022-01-26 09:00:00+01:00,830.0,628.0
2022-07-11 22:00:00+02:00,5.0,3552.0
2021-07-14 06:00:00+02:00,22.0,4534.0
2021-12-09 08:00:00+01:00,75.0,5937.0
2022-01-22 21:00:00+01:00,2.0,1972.0
2021-06-29 18:00:00+02:00,1748.0,2404.0
2021-06-13 10:00:00+02:00,3725.0,919.0
2022-03-11 14:00:00+01:00,1586.0,13276.0
2021-11-27 02:00:00+01:00,2.0,6157.0
2021-03-09 20:00:00+01:00,4.0,2184.0
2022-04-24 17:00:00+02:00,2129.0,3762.0
2023-05-21 17:00:00+02:00,2339.0,3859.0
2023-06-21 18:00:00+02:00,1808.0,713.0
2021-10-27 04:00:00+02:00,2.0,2351.0
2022-12-03 18:00:00+01:00,2.0,5307.0
2023-06-14 16:00:00+02:00,5144.0,2134.0
2021-03-12 19:00:00+01:00,1.0,12211.0
2020-10-01 09:00:00+02:00,528.0,5416.0
2023-02-22 00:00:00+01:00,1.0,3385.0
2023-04-19 06:00:00+02:00,3.0,6821.0
2023-03-08 00:00:00+01:00,2.0,7676.0
2020-12-21 08:00:00+01:00,30.0,10400.0
2021-06-13 07:00:00+02:00,489.0,1871.0
2020-11-14 04:00:00+01:00,0.0,5333.0
2021-05-21 03:00:00+02:00,1.0,9226.0
2022-11-21 19:00:00+01:00,1.0,11527.0
2020-06-03 03:00:00+02:00,0.0,955.0
2021-11-15 13:00:00+01:00,786.0,3041.0
2023-04-15 02:00:00+02:00,1.0,5847.0
2021-06-24 02:00:00+02:00,1.0,2222.0
2020-10-07 06:00:00+02:00,0.0,7027.0
2021-01-08 19:00:00+01:00,0.0,830.0
2020-10-10 22:00:00+02:00,0.0,4353.0
2023-04-05 06:00:00+02:00,1.0,1205.0
2020-01-10 14:00:00+01:00,957.0,3988.0
2022-06-23 07:00:00+02:00,486.0,1034.0
2020-07-25 09:00:00+02:00,1848.0,1391.0
2022-09-29 15:00:00+02:00,3017.0,1016.0
2020-11-04 09:00:00+01:00,1101.0,993.0
2020-12-23 04:00:00+01:00,0.0,6538.0
2021-03-08 05:00:00+01:00,0.0,2985.0
2023-05-26 10:00:00+02:00,5667.0,3165.0
2020-05-26 02:00:00+02:00,0.0,3916.0
2020-06-26 03:00:00+02:00,0.0,3297.0
2023-06-21 16:00:00+02:00,3741.0,460.0
2022-12-28 18:00:00+01:00,2.0,16013.0
2021-03-28 22:00:00+02:00,4.0,3184.0
2022-07-01 21:00:00+02:00,63.0,736.0
2023-05-17 13:00:00+02:00,6422.0,7649.0
2021-11-14 21:00:00+01:00,2.0,4512.0
2020-04-05 17:00:00+02:00,2394.0,6090.0
2022-01-25 07:00:00+01:00,3.0,329.0
2023-04-13 00:00:00+02:00,1.0,15851.0
2022-04-05 07:00:00+02:00,37.0,5865.0
2022-06-07 20:00:00+02:00,394.0,3154.0
2023-05-22 22:00:00+02:00,1.0,5396.0
2020-07-18 05:00:00+02:00,0.0,1088.0
2023-02-13 10:00:00+01:00,3931.0,1969.0
2020-07-31 07:00:00+02:00,165.0,3907.0
2020-12-02 05:00:00+01:00,0.0,3926.0
2021-06-29 08:00:00+02:00,981.0,1033.0
2021-07-22 09:00:00+02:00,2137.0,719.0
2023-02-08 22:00:00+01:00,0.0,3008.0
2020-10-24 20:00:00+02:00,0.0,11695.0
2021-12-06 01:00:00+01:00,1.0,3535.0
2023-02-27 12:00:00+01:00,3752.0,14342.0
2021-11-11 15:00:00+01:00,1524.0,230.0
2022-08-24 16:00:00+02:00,4827.0,843.0
2022-12-03 15:00:00+01:00,530.0,4659.0
2023-04-05 12:00:00+02:00,7037.0,862.0
2020-04-20 05:00:00+02:00,0.0,5078.0
2022-05-31 18:00:00+02:00,2506.0,2961.0
2021-11-12 23:00:00+01:00,2.0,5868.0
2020-12-16 20:00:00+01:00,0.0,7852.0
2021-04-06 23:00:00+02:00,3.0,3962.0
2021-05-28 11:00:00+02:00,4066.0,1273.0
2020-02-25 16:00:00+01:00,1003.0,12037.0
2020-09-16 05:00:00+02:00,0.0,589.0
2021-09-14 04:00:00+02:00,2.0,3008.0
2023-04-30 21:00:00+02:00,1.0,1815.0
2020-08-10 21:00:00+02:00,2.0,1412.0
2023-04-22 23:00:00+02:00,1.0,6490.0
2020-04-02 06:00:00+02:00,0.0,2001.0
2023-06-21 03:00:00+02:00,0.0,897.0
2021-04-30 07:00:00+02:00,100.0,1278.0
2022-08-20 10:00:00+02:00,3452.0,818.0
2020-05-31 23:00:00+02:00,1.0,6016.0
2022-01-11 18:00:00+01:00,3.0,2619.0
2022-02-13 09:00:00+01:00,1491.0,10351.0
2021-05-07 07:00:00+02:00,195.0,2930.0
2020-04-09 10:00:00+02:00,2688.0,481.0
2020-07-14 13:00:00+02:00,3456.0,1676.0
2021-04-15 21:00:00+02:00,1.0,5123.0
2022-10-11 12:00:00+02:00,3276.0,1301.0
2020-09-23 07:00:00+02:00,7.0,3084.0
2020-09-29 15:00:00+02:00,2268.0,1330.0
2023-01-10 16:00:00+01:00,631.0,13969.0
2021-03-24 03:00:00+01:00,1.0,1609.0
2022-06-21 14:00:00+02:00,3757.0,1012.0
2021-06-01 14:00:00+02:00,3573.0,3160.0
2021-10-09 03:00:00+02:00,2.0,3517.0
2021-09-29 02:00:00+02:00,2.0,6660.0
2023-02-04 03:00:00+01:00,0.0,3166.0
2020-07-07 08:00:00+02:00,1124.0,1149.0
2023-02-20 11:00:00+01:00,4815.0,1875.0
2020-11-11 14:00:00+01:00,2243.0,2198.0
2022-05-05 07:00:00+02:00,243.0,1722.0
2020-04-29 21:00:00+02:00,2.0,5869.0
2021-03-17 17:00:00+01:00,633.0,8516.0
2021-03-05 11:00:00+01:00,2552.0,5838.0
2021-01-07 19:00:00+01:00,0.0,1304.0
2020-07-04 14:00:00+02:00,3789.0,8265.0
2022-03-16 05:00:00+01:00,4.0,3982.0
2021-01-05 01:00:00+01:00,0.0,2460.0
2021-05-15 09:00:00+02:00,994.0,5176.0
2020-02-20 15:00:00+01:00,2379.0,10973.0
2021-10-15 07:00:00+02:00,1.0,1491.0
2022-06-17 20:00:00+02:00,482.0,731.0
2021-05-25 18:00:00+02:00,1914.0,9959.0
2023-01-11 13:00:00+01:00,1939.0,12059.0
2020-07-10 03:00:00+02:00,0.0,3678.0
2021-03-03 05:00:00+01:00,0.0,1708.0
2021-12-04 16:00:00+01:00,233.0,10656.0
2022-05-19 20:00:00+02:00,273.0,1698.0
2021-10-31 14:00:00+01:00,1304.0,12580.0
2020-04-12 11:00:00+02:00,2701.0,910.0
2023-04-21 17:00:00+02:00,3621.0,2228.0
2021-06-21 00:00:00+02:00,1.0,3255.0
2022-10-18 01:00:00+02:00,1.0,1485.0
2020-07-15 19:00:00+02:00,623.0,2450.0
2021-10-06 13:00:00+02:00,3755.0,8720.0
2020-08-23 19:00:00+02:00,563.0,3840.0
2021-05-06 09:00:00+02:00,1236.0,3321.0
2021-03-06 01:00:00+01:00,0.0,6681.0
2022-04-23 14:00:00+02:00,1880.0,6300.0
2022-08-05 04:00:00+02:00,2.0,2958.0
2020-10-13 08:00:00+02:00,96.0,3445.0
2020-12-08 17:00:00+01:00,5.0,1934.0
2021-07-01 22:00:00+02:00,3.0,569.0
2021-06-29 16:00:00+02:00,2895.0,2201.0
2023-04-08 06:00:00+02:00,1.0,3734.0
2022-01-08 20:00:00+01:00,2.0,15308.0
2020-06-25 08:00:00+02:00,981.0,1650.0
2023-02-05 03:00:00+01:00,0.0,3526.0
2021-11-21 17:00:00+01:00,11.0,3292.0
2022-07-26 06:00:00+02:00,21.0,1688.0
2022-11-25 13:00:00+01:00,2657.0,3274.0
2020-05-29 19:00:00+02:00,848.0,4583.0
2020-04-19 17:00:00+02:00,863.0,3256.0
2023-04-24 13:00:00+02:00,4677.0,5731.0
2021-09-13 17:00:00+02:00,1819.0,1110.0
2021-07-04 07:00:00+02:00,117.0,1048.0
2021-07-19 14:00:00+02:00,4956.0,3321.0
2021-02-15 12:00:00+01:00,2690.0,8789.0
2023-04-23 10:00:00+02:00,2727.0,7281.0
2020-10-11 23:00:00+02:00,0.0,3898.0
2021-09-11 06:00:00+02:00,1.0,1321.0
2022-09-16 17:00:00+02:00,2637.0,5990.0
2022-09-22 14:00:00+02:00,5770.0,221.0
2021-12-12 08:00:00+01:00,77.0,4874.0
2022-07-11 23:00:00+02:00,6.0,4237.0
2021-03-19 10:00:00+01:00,1657.0,9615.0
2020-06-01 14:00:00+02:00,2814.0,2282.0
2020-11-23 00:00:00+01:00,0.0,539.0
2022-01-21 13:00:00+01:00,3427.0,3416.0
2022-03-21 21:00:00+01:00,5.0,4898.0
2020-02-09 00:00:00+01:00,0.0,7707.0
2023-02-01 02:00:00+01:00,0.0,7334.0
2021-07-18 14:00:00+02:00,3956.0,4203.0
2022-09-06 00:00:00+02:00,2.0,3759.0
2023-05-03 13:00:00+02:00,7489.0,5601.0
2020-02-01 08:00:00+01:00,50.0,9210.0
2023-03-30 23:00:00+02:00,1.0,12264.0
2021-12-26 03:00:00+01:00,1.0,1833.0
2021-11-12 04:00:00+01:00,2.0,1524.0
2022-12-24 18:00:00+01:00,3.0,3018.0
2022-08-06 19:00:00+02:00,1249.0,6225.0
2021-10-02 12:00:00+02:00,3469.0,9823.0
2023-02-08 01:00:00+01:00,0.0,3812.0
2020-11-08 13:00:00+01:00,1915.0,1629.0
2022-11-19 03:00:00+01:00,1.0,2476.0
2022-09-20 18:00:00+02:00,1384.0,2618.0
2020-08-05 16:00:00+02:00,3451.0,1393.0
2021-10-03 18:00:00+02:00,340.0,4655.0
2023-05-10 14:00:00+02:00,5599.0,6414.0
2021-11-10 17:00:00+01:00,36.0,708.0
2021-08-03 06:00:00+02:00,8.0,1090.0
2020-02-17 19:00:00+01:00,0.0,10954.0
2023-04-07 07:00:00+02:00,73.0,1802.0
2021-12-15 01:00:00+01:00,1.0,1176.0
2020-12-02 15:00:00+01:00,599.0,1596.0
2022-03-29 01:00:00+02:00,4.0,2947.0
2022-08-18 04:00:00+02:00,1.0,1457.0
2022-02-19 14:00:00+01:00,3368.0,12239.0
2022-02-22 06:00:00+01:00,2.0,6215.0
2023-02-28 00:00:00+01:00,1.0,9466.0
2023-01-21 10:00:00+01:00,2021.0,8225.0
2021-07-16 23:00:00+02:00,3.0,3095.0
2021-03-04 04:00:00+01:00,0.0,1024.0
2023-02-24 05:00:00+01:00,0.0,5385.0
2023-05-19 06:00:00+02:00,61.0,5032.0
2022-11-07 19:00:00+01:00,2.0,10209.0
2021-06-08 09:00:00+02:00,2635.0,518.0
2022-09-06 21:00:00+02:00,5.0,3881.0
2022-08-15 05:00:00+02:00,1.0,2265.0
2021-05-05 05:00:00+02:00,1.0,7036.0
2023-04-14 12:00:00+02:00,3971.0,9095.0
2022-12-01 21:00:00+01:00,1.0,3226.0
2021-11-02 21:00:00+01:00,2.0,2298.0
2022-04-16 08:00:00+02:00,989.0,4473.0
2023-01-12 17:00:00+01:00,32.0,15994.0
2023-03-02 12:00:00+01:00,4622.0,1828.0
2022-06-23 16:00:00+02:00,3726.0,1272.0
2021-12-04 01:00:00+01:00,1.0,9051.0
2021-04-07 04:00:00+02:00,1.0,4067.0
2020-09-10 20:00:00+02:00,6.0,1498.0
2020-09-14 12:00:00+02:00,3526.0,1215.0
2021-02-09 17:00:00+01:00,56.0,5287.0
2023-05-08 15:00:00+02:00,5020.0,1787.0
2022-09-12 03:00:00+02:00,1.0,3323.0
2020-02-13 13:00:00+01:00,1229.0,12038.0
2020-06-17 20:00:00+02:00,269.0,1258.0
2022-09-18 00:00:00+02:00,3.0,3438.0
2021-06-03 00:00:00+02:00,1.0,1910.0
2022-06-16 13:00:00+02:00,5819.0,888.0
2022-02-04 09:00:00+01:00,569.0,8036.0
2021-01-12 15:00:00+01:00,550.0,8683.0
2022-03-12 05:00:00+01:00,4.0,7540.0
2022-01-25 13:00:00+01:00,3451.0,44.0
2022-03-20 08:00:00+01:00,634.0,3303.0
2021-11-07 02:00:00+01:00,2.0,6637.0
2020-12-15 18:00:00+01:00,0.0,3143.0
2023-05-28 00:00:00+02:00,0.0,5711.0
2020-04-04 18:00:00+02:00,1515.0,2527.0
2022-04-04 01:00:00+02:00,1.0,1657.0
2020-12-26 11:00:00+01:00,1801.0,4320.0
2023-02-18 12:00:00+01:00,4456.0,8449.0
2022-05-14 11:00:00+02:00,5344.0,405.0
2022-05-27 10:00:00+02:00,3112.0,2379.0
2021-03-17 05:00:00+01:00,0.0,9009.0
2022-02-19 16:00:00+01:00,1783.0,13590.0
2022-01-14 12:00:00+01:00,3387.0,323.0
2020-06-16 20:00:00+02:00,240.0,1430.0
2021-01-12 05:00:00+01:00,0.0,11924.0
2021-08-10 12:00:00+02:00,4472.0,997.0
2022-11-17 13:00:00+01:00,2207.0,12335.0
2022-06-12 01:00:00+02:00,2.0,3359.0
2022-06-06 16:00:00+02:00,3471.0,3349.0
2022-10-03 14:00:00+02:00,4443.0,790.0
2023-05-09 07:00:00+02:00,278.0,3199.0
2021-11-02 11:00:00+01:00,2381.0,3601.0
2021-03-13 12:00:00+01:00,2466.0,14490.0
2023-02-16 10:00:00+01:00,3164.0,3861.0
2023-06-07 10:00:00+02:00,4990.0,2023.0
2021-10-09 15:00:00+02:00,3271.0,1693.0
2021-01-24 10:00:00+01:00,1213.0,5011.0
2022-05-29 22:00:00+02:00,1.0,4179.0
2022-10-16 06:00:00+02:00,1.0,3029.0
2022-09-29 16:00:00+02:00,2385.0,1032.0
2022-05-17 15:00:00+02:00,5596.0,1607.0
2022-11-17 23:00:00+01:00,1.0,8844.0
2022-10-13 01:00:00+02:00,1.0,1330.0
2020-10-12 15:00:00+02:00,2310.0,2161.0
2021-08-29 23:00:00+02:00,4.0,3197.0
2021-02-15 05:00:00+01:00,0.0,10001.0
2022-05-11 22:00:00+02:00,4.0,6938.0
2021-04-16 10:00:00+02:00,3194.0,2315.0
2022-02-15 21:00:00+01:00,2.0,14128.0
2021-09-15 17:00:00+02:00,1416.0,1638.0
2023-02-28 18:00:00+01:00,72.0,5910.0
2020-07-03 01:00:00+02:00,0.0,3278.0
2022-06-12 07:00:00+02:00,605.0,2025.0
2021-06-05 19:00:00+02:00,1064.0,1557.0
2021-09-04 16:00:00+02:00,3064.0,505.0
2020-05-24 14:00:00+02:00,3539.0,2188.0
2022-08-20 03:00:00+02:00,3.0,2455.0
2021-04-29 05:00:00+02:00,0.0,2227.0
2022-06-13 12:00:00+02:00,5638.0,1341.0
2022-03-29 21:00:00+02:00,4.0,2063.0
2022-01-20 00:00:00+01:00,2.0,3737.0
2020-04-22 03:00:00+02:00,0.0,4775.0
2021-04-20 16:00:00+02:00,2591.0,463.0
2020-01-23 04:00:00+01:00,0.0,5851.0
2021-08-06 13:00:00+02:00,3514.0,8880.0
2020-11-22 20:00:00+01:00,0.0,917.0
2020-12-23 03:00:00+01:00,0.0,6369.0
2020-08-18 18:00:00+02:00,1523.0,2075.0
2022-04-14 22:00:00+02:00,3.0,2064.0
2020-04-08 04:00:00+02:00,0.0,2462.0
2020-10-31 05:00:00+01:00,0.0,3773.0
2022-03-29 13:00:00+02:00,3188.0,1109.0
2022-09-30 06:00:00+02:00,1.0,1161.0
2021-02-18 22:00:00+01:00,0.0,5502.0
2020-12-30 21:00:00+01:00,0.0,5615.0
2020-09-24 14:00:00+02:00,1838.0,7050.0
2020-04-22 15:00:00+02:00,1544.0,1739.0
2023-06-23 12:00:00+02:00,6772.0,1062.0
2020-08-26 14:00:00+02:00,3303.0,7660.0
2021-08-15 21:00:00+02:00,4.0,6086.0
2020-10-14 21:00:00+02:00,0.0,5947.0
2021-10-02 22:00:00+02:00,2.0,13099.0
2021-04-14 01:00:00+02:00,1.0,3946.0
2023-03-09 18:00:00+01:00,149.0,13675.0
2022-02-04 16:00:00+01:00,657.0,11042.0
2022-10-28 07:00:00+02:00,1.0,9042.0
2021-12-02 13:00:00+01:00,2223.0,8508.0
2022-06-18 15:00:00+02:00,5552.0,2408.0
2022-11-04 16:00:00+01:00,753.0,6976.0
2022-10-31 13:00:00+01:00,2512.0,5671.0
2022-07-24 03:00:00+02:00,1.0,609.0
2020-07-20 04:00:00+02:00,0.0,2928.0
2023-05-14 03:00:00+02:00,1.0,4648.0
2021-05-17 02:00:00+02:00,1.0,10693.0
2020-02-16 09:00:00+01:00,566.0,13058.0
2020-01-02 11:00:00+01:00,1050.0,2791.0
2020-04-13 02:00:00+02:00,0.0,3008.0
2022-09-11 00:00:00+02:00,3.0,978.0
2022-12-11 23:00:00+01:00,1.0,1538.0
2023-04-08 00:00:00+02:00,2.0,3591.0
2021-03-25 03:00:00+01:00,1.0,1831.0
2020-04-02 07:00:00+02:00,17.0,1830.0
2020-08-14 22:00:00+02:00,1.0,812.0
2022-05-31 12:00:00+02:00,4877.0,963.0
2023-02-21 12:00:00+01:00,3839.0,384.0
2020-07-27 08:00:00+02:00,915.0,2748.0
2020-06-23 16:00:00+02:00,3413.0,1922.0
2020-12-10 02:00:00+01:00,0.0,5365.0
2022-08-27 11:00:00+02:00,4789.0,1764.0
2022-02-20 17:00:00+01:00,443.0,15638.0
2020-02-29 06:00:00+01:00,0.0,12751.0
2023-02-19 05:00:00+01:00,0.0,5920.0
2021-11-07 05:00:00+01:00,2.0,5983.0
2020-12-12 19:00:00+01:00,0.0,6480.0
2020-04-26 15:00:00+02:00,3023.0,220.0
2022-10-03 06:00:00+02:00,1.0,853.0
2022-07-29 17:00:00+02:00,3303.0,1757.0
2021-07-01 23:00:00+02:00,2.0,537.0
2022-06-16 03:00:00+02:00,1.0,1655.0
2022-08-31 01:00:00+02:00,1.0,3059.0
2023-04-17 09:00:00+02:00,2783.0,2746.0
2021-04-28 15:00:00+02:00,2131.0,2236.0
2023-04-08 20:00:00+02:00,43.0,2223.0
2023-05-29 06:00:00+02:00,102.0,8525.0
2022-03-23 11:00:00+01:00,5268.0,1865.0
2020-07-23 13:00:00+02:00,3533.0,217.0
2020-04-09 03:00:00+02:00,0.0,744.0
2021-11-30 00:00:00+01:00,2.0,6128.0
2022-03-26 02:00:00+01:00,4.0,7675.0
2022-04-21 13:00:00+02:00,3664.0,3597.0
2023-02-13 08:00:00+01:00,459.0,3319.0
2021-07-09 04:00:00+02:00,1.0,1127.0
2021-03-04 11:00:00+01:00,2351.0,594.0
2020-12-14 20:00:00+01:00,0.0,6526.0
2022-01-26 02:00:00+01:00,2.0,340.0
2023-03-24 19:00:00+01:00,6.0,14237.0
2022-11-03 03:00:00+01:00,1.0,9042.0
2021-05-24 05:00:00+02:00,1.0,8143.0
2022-09-07 15:00:00+02:00,2790.0,3796.0
2020-01-16 22:00:00+01:00,0.0,10754.0
2020-06-12 01:00:00+02:00,0.0,3746.0
2021-09-19 18:00:00+02:00,724.0,2621.0
2021-08-27 10:00:00+02:00,3189.0,2235.0
2021-03-14 19:00:00+01:00,5.0,8731.0
2023-02-18 06:00:00+01:00,0.0,7314.0
2022-08-15 21:00:00+02:00,3.0,1178.0
2021-07-25 19:00:00+02:00,890.0,2889.0
2023-05-23 17:00:00+02:00,3051.0,7646.0
2022-10-02 16:00:00+02:00,2832.0,5796.0
2020-11-06 12:00:00+01:00,2381.0,4059.0
2021-06-13 16:00:00+02:00,3256.0,1266.0
2021-12-19 19:00:00+01:00,1.0,2916.0
2023-05-06 10:00:00+02:00,4784.0,622.0
2020-11-28 17:00:00+01:00,14.0,4484.0
2022-02-02 00:00:00+01:00,2.0,10841.0
2021-10-06 06:00:00+02:00,2.0,8222.0
2023-02-07 15:00:00+01:00,3088.0,4598.0
2020-04-24 17:00:00+02:00,2018.0,990.0
2021-07-24 04:00:00+02:00,1.0,4650.0
2023-05-05 08:00:00+02:00,1393.0,2119.0
2023-05-18 14:00:00+02:00,5276.0,4823.0
2022-04-05 23:00:00+02:00,3.0,6080.0
2020-07-05 05:00:00+02:00,0.0,6053.0
2022-12-15 07:00:00+01:00,1.0,4876.0
2021-05-17 08:00:00+02:00,1047.0,10566.0
2021-06-27 03:00:00+02:00,1.0,3827.0
2020-09-06 13:00:00+02:00,3009.0,1308.0
2021-08-14 03:00:00+02:00,2.0,1265.0
2021-02-08 20:00:00+01:00,0.0,2034.0
2022-03-23 17:00:00+01:00,1753.0,1651.0
2020-02-26 02:00:00+01:00,0.0,12200.0
2022-07-23 01:00:00+02:00,2.0,2137.0
2022-11-28 16:00:00+01:00,252.0,2848.0
2023-03-29 01:00:00+02:00,2.0,5537.0
2020-01-30 22:00:00+01:00,0.0,9934.0
2020-04-14 19:00:00+02:00,539.0,5150.0
2022-04-04 04:00:00+02:00,1.0,2453.0
2021-10-14 07:00:00+02:00,2.0,1976.0
2020-05-11 04:00:00+02:00,0.0,9676.0
2022-11-06 20:00:00+01:00,2.0,11052.0
2023-04-06 06:00:00+02:00,1.0,1932.0
2022-08-27 03:00:00+02:00,2.0,2517.0
2022-10-13 21:00:00+02:00,2.0,3622.0
2021-08-26 07:00:00+02:00,97.0,2410.0
2020-07-09 04:00:00+02:00,0.0,1359.0
2022-05-06 03:00:00+02:00,1.0,3362.0
2020-05-19 03:00:00+02:00,0.0,3757.0
2020-04-24 12:00:00+02:00,3371.0,352.0
2020-07-01 11:00:00+02:00,2258.0,3174.0
2022-11-02 09:00:00+01:00,2139.0,3510.0
2021-11-21 10:00:00+01:00,785.0,1613.0
2021-05-17 01:00:00+02:00,1.0,10578.0
2020-10-28 00:00:00+01:00,0.0,8016.0
2021-08-12 07:00:00+02:00,182.0,634.0
2020-05-11 08:00:00+02:00,320.0,12254.0
2022-11-10 04:00:00+01:00,1.0,3569.0
2020-04-30 06:00:00+02:00,3.0,8006.0
2021-05-28 03:00:00+02:00,1.0,2812.0
2021-04-21 17:00:00+02:00,2142.0,3801.0
2022-01-08 16:00:00+01:00,279.0,15072.0
2023-04-13 08:00:00+02:00,1028.0,9884.0
2023-05-27 22:00:00+02:00,0.0,5559.0
2022-06-29 10:00:00+02:00,4395.0,755.0
2023-05-27 02:00:00+02:00,0.0,8035.0
2022-03-03 22:00:00+01:00,6.0,1094.0
2022-03-21 08:00:00+01:00,1053.0,3872.0
2021-02-16 15:00:00+01:00,1238.0,8063.0
2022-01-13 16:00:00+01:00,821.0,1660.0
2021-02-27 19:00:00+01:00,4.0,8568.0
2020-08-20 21:00:00+02:00,1.0,2531.0
2020-07-17 20:00:00+02:00,277.0,1807.0
2023-04-15 12:00:00+02:00,4980.0,7863.0
2020-12-09 00:00:00+01:00,0.0,2423.0
2020-08-07 01:00:00+02:00,1.0,3116.0
2022-02-15 03:00:00+01:00,1.0,6481.0
2022-04-22 17:00:00+02:00,2856.0,2731.0
2020-06-02 19:00:00+02:00,864.0,1160.0
2021-06-05 05:00:00+02:00,1.0,2692.0
2023-02-06 02:00:00+01:00,0.0,7688.0
2022-03-31 02:00:00+02:00,4.0,2889.0
2022-02-27 03:00:00+01:00,1.0,9783.0
2021-11-12 18:00:00+01:00,2.0,4157.0
2020-09-05 11:00:00+02:00,2979.0,1235.0
2022-06-03 08:00:00+02:00,1007.0,2006.0
2023-03-12 09:00:00+01:00,2269.0,7740.0
2023-04-06 09:00:00+02:00,2008.0,2720.0
2022-12-11 19:00:00+01:00,1.0,1635.0
2021-03-20 06:00:00+01:00,2.0,4402.0
2021-11-29 00:00:00+01:00,2.0,4284.0
2022-07-17 10:00:00+02:00,4390.0,1766.0
2021-03-28 19:00:00+02:00,383.0,1780.0
2021-05-31 15:00:00+02:00,4263.0,2770.0
2021-03-13 14:00:00+01:00,2311.0,14419.0
2022-03-27 20:00:00+02:00,12.0,1836.0
2022-01-26 16:00:00+01:00,1175.0,702.0
2023-02-10 21:00:00+01:00,0.0,2359.0
2020-09-30 16:00:00+02:00,2417.0,2716.0
2021-02-19 17:00:00+01:00,394.0,5486.0
2020-05-25 16:00:00+02:00,3284.0,2192.0
2023-05-24 13:00:00+02:00,5847.0,5526.0
2022-11-21 17:00:00+01:00,8.0,12626.0
2020-12-08 10:00:00+01:00,639.0,1583.0
2022-05-25 18:00:00+02:00,2111.0,7338.0
2023-06-19 07:00:00+02:00,650.0,1137.0
2020-04-10 10:00:00+02:00,2695.0,770.0
2020-12-20 03:00:00+01:00,0.0,4468.0
2020-06-24 14:00:00+02:00,3902.0,3061.0
2022-05-07 23:00:00+02:00,3.0,4539.0
2021-07-25 01:00:00+02:00,1.0,2683.0
2023-01-31 22:00:00+01:00,1.0,6020.0
2022-03-03 20:00:00+01:00,6.0,907.0
2020-08-17 20:00:00+02:00,59.0,1477.0
2020-06-16 06:00:00+02:00,45.0,1440.0
2023-05-25 10:00:00+02:00,4333.0,8066.0
2021-01-03 17:00:00+01:00,10.0,1877.0
2022-09-19 18:00:00+02:00,1520.0,3107.0
2020-02-11 09:00:00+01:00,475.0,10971.0
2021-08-03 10:00:00+02:00,2112.0,869.0
2022-09-07 01:00:00+02:00,3.0,2407.0
2023-04-01 14:00:00+02:00,4062.0,13078.0
2022-01-13 02:00:00+01:00,1.0,2945.0
2022-05-20 00:00:00+02:00,1.0,2714.0
2020-08-31 08:00:00+02:00,546.0,1964.0
2020-08-31 10:00:00+02:00,2321.0,1670.0
2021-10-01 11:00:00+02:00,3485.0,5315.0
2023-05-25 01:00:00+02:00,0.0,6572.0
2021-10-12 21:00:00+02:00,4.0,3719.0
2022-01-01 02:00:00+01:00,1.0,3187.0
2023-05-03 00:00:00+02:00,3.0,8058.0
2023-02-25 17:00:00+01:00,402.0,7747.0
2023-03-15 04:00:00+01:00,1.0,3901.0
2021-01-15 22:00:00+01:00,0.0,2146.0
2022-05-26 21:00:00+02:00,22.0,4213.0
2022-08-12 08:00:00+02:00,1168.0,2738.0
2020-02-03 10:00:00+01:00,1231.0,7109.0
2022-10-25 14:00:00+02:00,2707.0,2487.0
2021-10-12 06:00:00+02:00,1.0,2436.0
2023-05-18 01:00:00+02:00,0.0,7348.0
2021-10-10 22:00:00+02:00,3.0,3773.0
2022-07-01 08:00:00+02:00,1681.0,1296.0
2021-07-16 06:00:00+02:00,19.0,3560.0
2020-12-16 15:00:00+01:00,549.0,5846.0
2020-09-02 02:00:00+02:00,0.0,1819.0
2022-09-17 01:00:00+02:00,1.0,5553.0
2020-10-18 18:00:00+02:00,264.0,295.0
2021-04-07 10:00:00+02:00,3091.0,4405.0
2022-03-11 15:00:00+01:00,1324.0,12678.0
2021-08-23 00:00:00+02:00,2.0,2789.0
2020-12-11 17:00:00+01:00,3.0,6079.0
2022-07-28 12:00:00+02:00,5302.0,208.0
2021-01-17 02:00:00+01:00,0.0,4836.0
2023-03-31 13:00:00+02:00,2092.0,9322.0
2022-10-05 15:00:00+02:00,4571.0,10142.0
2021-06-04 11:00:00+02:00,2203.0,1407.0
2021-01-18 23:00:00+01:00,0.0,7368.0
2020-01-31 16:00:00+01:00,697.0,6308.0
2020-10-31 10:00:00+01:00,2240.0,6563.0
2021-05-30 08:00:00+02:00,1282.0,2156.0
2022-08-09 16:00:00+02:00,5110.0,4540.0
2021-04-16 04:00:00+02:00,1.0,5186.0
2020-01-12 19:00:00+01:00,0.0,4299.0
2022-04-15 22:00:00+02:00,1.0,5750.0
2022-01-31 23:00:00+01:00,2.0,7448.0
2022-11-19 14:00:00+01:00,2675.0,2497.0
2020-08-13 03:00:00+02:00,0.0,2122.0
2020-05-04 18:00:00+02:00,1144.0,3629.0
2020-05-05 03:00:00+02:00,1.0,6006.0
2020-06-23 19:00:00+02:00,1034.0,2659.0
2021-11-17 06:00:00+01:00,2.0,1944.0
2021-03-07 06:00:00+01:00,0.0,1667.0
2022-09-16 21:00:00+02:00,1.0,5048.0
2022-12-19 07:00:00+01:00,1.0,13097.0
2022-09-17 13:00:00+02:00,5948.0,5150.0
2021-12-19 00:00:00+01:00,1.0,4227.0
2022-02-05 13:00:00+01:00,4096.0,4590.0
2021-04-08 14:00:00+02:00,4533.0,503.0
2022-10-13 20:00:00+02:00,3.0,3753.0
2021-04-29 09:00:00+02:00,832.0,2281.0
2023-01-15 05:00:00+01:00,1.0,11957.0
2021-01-07 00:00:00+01:00,0.0,388.0
2022-07-13 19:00:00+02:00,1462.0,1751.0
2021-10-29 23:00:00+02:00,2.0,5471.0
2022-05-07 03:00:00+02:00,1.0,3322.0
2021-12-27 01:00:00+01:00,1.0,3900.0
2022-10-22 18:00:00+02:00,194.0,2250.0
2022-05-17 13:00:00+02:00,6084.0,1315.0
2021-11-15 20:00:00+01:00,2.0,1931.0
2022-03-12 19:00:00+01:00,4.0,8560.0
2021-10-07 12:00:00+02:00,4244.0,1367.0
2022-11-20 03:00:00+01:00,1.0,5341.0
2023-06-30 09:00:00+02:00,2078.0,1890.0
2023-01-21 21:00:00+01:00,1.0,8022.0
2022-09-12 11:00:00+02:00,4738.0,989.0
2022-03-07 09:00:00+01:00,2774.0,5513.0
2022-01-22 04:00:00+01:00,1.0,3109.0
2023-01-22 10:00:00+01:00,1494.0,5568.0
2020-11-24 08:00:00+01:00,172.0,2522.0
2020-04-16 05:00:00+02:00,0.0,4291.0
2021-07-21 20:00:00+02:00,337.0,1522.0
2022-09-17 07:00:00+02:00,33.0,5065.0
2022-04-03 16:00:00+02:00,2289.0,3082.0
2022-09-19 03:00:00+02:00,1.0,2707.0
2022-01-24 10:00:00+01:00,2246.0,2097.0
2022-04-18 03:00:00+02:00,1.0,4417.0
2020-05-07 12:00:00+02:00,3817.0,390.0
2022-12-09 17:00:00+01:00,5.0,1855.0
2021-11-21 05:00:00+01:00,2.0,577.0
2021-07-23 19:00:00+02:00,832.0,4732.0
2021-10-29 04:00:00+02:00,2.0,11397.0
2020-08-17 04:00:00+02:00,0.0,1806.0
2021-01-01 14:00:00+01:00,899.0,768.0
2021-10-14 08:00:00+02:00,206.0,2134.0
2023-06-01 07:00:00+02:00,673.0,5242.0
2021-04-19 12:00:00+02:00,4211.0,468.0
2020-04-27 20:00:00+02:00,64.0,2018.0
2023-06-30 05:00:00+02:00,1.0,2476.0
2020-06-18 17:00:00+02:00,2321.0,2525.0
2021-02-10 06:00:00+01:00,0.0,7208.0
2021-03-31 10:00:00+02:00,2665.0,1192.0
2023-04-04 02:00:00+02:00,1.0,7620.0
2021-02-14 07:00:00+01:00,1.0,7546.0
2022-12-16 02:00:00+01:00,1.0,6114.0
2020-05-30 18:00:00+02:00,1763.0,3527.0
2023-03-30 11:00:00+02:00,3341.0,13017.0
2022-03-08 20:00:00+01:00,4.0,5548.0
2021-06-27 04:00:00+02:00,1.0,3030.0
2022-05-31 01:00:00+02:00,1.0,2140.0
2022-11-24 01:00:00+01:00,1.0,11804.0
2022-04-29 23:00:00+02:00,3.0,4879.0
2021-11-30 15:00:00+01:00,1292.0,10955.0
2022-06-20 07:00:00+02:00,429.0,3404.0
2022-10-04 13:00:00+02:00,5533.0,776.0
2021-05-26 08:00:00+02:00,1155.0,6852.0
2023-04-30 19:00:00+02:00,909.0,1771.0
2022-12-05 06:00:00+01:00,1.0,745.0
2022-11-17 07:00:00+01:00,4.0,14562.0
2021-09-05 09:00:00+02:00,2009.0,234.0
2021-05-12 09:00:00+02:00,1887.0,817.0
2022-04-24 14:00:00+02:00,3135.0,3347.0
2022-08-03 01:00:00+02:00,1.0,1017.0
2020-08-25 11:00:00+02:00,3151.0,6437.0
2020-11-27 21:00:00+01:00,0.0,3819.0
2023-05-09 20:00:00+02:00,218.0,6438.0
2021-10-18 11:00:00+02:00,3034.0,1977.0
2022-05-10 03:00:00+02:00,1.0,1645.0
2022-04-18 06:00:00+02:00,3.0,2705.0
2021-01-06 01:00:00+01:00,0.0,1394.0
2023-01-13 21:00:00+01:00,1.0,9518.0
2022-08-17 23:00:00+02:00,1.0,1497.0
2020-01-12 16:00:00+01:00,405.0,5378.0
2023-02-09 04:00:00+01:00,0.0,1388.0
2023-06-09 16:00:00+02:00,3249.0,2556.0
2023-06-26 08:00:00+02:00,1774.0,2942.0
2020-10-23 06:00:00+02:00,0.0,2192.0
2022-11-20 13:00:00+01:00,2768.0,8917.0
2022-04-14 14:00:00+02:00,5339.0,501.0
2021-12-26 02:00:00+01:00,1.0,1671.0
2021-03-14 11:00:00+01:00,3003.0,9645.0
2021-02-02 13:00:00+01:00,1643.0,10424.0
2021-02-17 17:00:00+01:00,479.0,4836.0
2021-03-24 05:00:00+01:00,1.0,1324.0
2022-11-10 10:00:00+01:00,2560.0,2434.0
2021-01-12 00:00:00+01:00,0.0,9819.0
2020-07-21 16:00:00+02:00,3195.0,2013.0
2020-07-07 01:00:00+02:00,1.0,3267.0
2021-10-16 18:00:00+02:00,376.0,387.0
2023-06-14 08:00:00+02:00,1730.0,1502.0
2021-07-04 16:00:00+02:00,2791.0,4264.0
2021-06-04 16:00:00+02:00,1605.0,2337.0
2021-05-25 16:00:00+02:00,3322.0,10757.0
2021-02-12 00:00:00+01:00,0.0,7559.0
2020-11-29 03:00:00+01:00,0.0,4383.0
2021-06-24 13:00:00+02:00,2845.0,1446.0
2020-02-19 03:00:00+01:00,0.0,10335.0
2022-04-06 20:00:00+02:00,16.0,13072.0
2021-09-21 15:00:00+02:00,3332.0,1660.0
2020-08-24 12:00:00+02:00,3303.0,2764.0
2021-03-30 02:00:00+02:00,1.0,3397.0
2022-11-17 21:00:00+01:00,1.0,8972.0
2022-12-13 01:00:00+01:00,1.0,6943.0
2021-07-08 00:00:00+02:00,1.0,1716.0
2022-11-28 21:00:00+01:00,1.0,3196.0
2022-11-26 17:00:00+01:00,11.0,4196.0
2022-12-15 20:00:00+01:00,1.0,8188.0
2023-04-20 12:00:00+02:00,6264.0,6445.0
2022-11-21 09:00:00+01:00,355.0,7799.0
2023-03-06 02:00:00+01:00,1.0,1236.0
2021-08-13 15:00:00+02:00,4364.0,1010.0
2022-03-12 15:00:00+01:00,2001.0,7675.0
2022-07-02 21:00:00+02:00,61.0,1552.0
2021-01-04 07:00:00+01:00,0.0,1519.0
2020-09-15 05:00:00+02:00,0.0,2980.0
2021-09-23 07:00:00+02:00,15.0,928.0
2022-05-04 02:00:00+02:00,1.0,2523.0
2021-08-09 06:00:00+02:00,6.0,2870.0
2021-03-17 02:00:00+01:00,1.0,10429.0
2020-12-21 03:00:00+01:00,0.0,6794.0
2023-01-23 02:00:00+01:00,1.0,3822.0
2020-02-16 17:00:00+01:00,217.0,12446.0
2022-12-25 07:00:00+01:00,1.0,5212.0
2021-05-29 13:00:00+02:00,3964.0,2607.0
2021-10-09 06:00:00+02:00,2.0,2731.0
2020-09-02 03:00:00+02:00,0.0,1504.0
2020-02-09 23:00:00+01:00,0.0,10951.0
2020-05-09 10:00:00+02:00,1957.0,779.0
2022-11-26 04:00:00+01:00,1.0,2368.0
2023-02-15 15:00:00+01:00,3916.0,1057.0
2022-02-19 21:00:00+01:00,2.0,14421.0
2022-02-04 22:00:00+01:00,2.0,5158.0
2021-07-31 01:00:00+02:00,1.0,5715.0
2021-07-03 09:00:00+02:00,1409.0,1053.0
2022-08-18 06:00:00+02:00,2.0,1175.0
2022-10-12 23:00:00+02:00,1.0,1095.0
2022-01-14 11:00:00+01:00,2737.0,527.0
2020-11-30 14:00:00+01:00,2022.0,1518.0
2023-03-02 03:00:00+01:00,3.0,4931.0
2021-04-20 20:00:00+02:00,63.0,934.0
2020-08-13 23:00:00+02:00,0.0,2214.0
2021-04-20 18:00:00+02:00,1117.0,600.0
2021-07-30 09:00:00+02:00,1454.0,3875.0
2021-02-05 09:00:00+01:00,253.0,1695.0
2022-08-04 13:00:00+02:00,5603.0,1071.0
2022-05-27 09:00:00+02:00,2149.0,2416.0
2021-01-21 18:00:00+01:00,0.0,12997.0
2020-11-28 04:00:00+01:00,0.0,3644.0
2022-08-12 00:00:00+02:00,5.0,5515.0
2021-07-20 09:00:00+02:00,2363.0,1176.0
2022-05-21 16:00:00+02:00,4710.0,433.0
2021-02-26 22:00:00+01:00,0.0,5569.0
2021-06-04 18:00:00+02:00,801.0,2222.0
2023-06-10 15:00:00+02:00,5223.0,2044.0
2023-05-19 04:00:00+02:00,0.0,5494.0
2021-04-22 16:00:00+02:00,3680.0,4392.0
2021-04-09 08:00:00+02:00,461.0,3905.0
2022-08-29 01:00:00+02:00,6.0,5650.0
2020-02-18 11:00:00+01:00,2664.0,7382.0
2020-02-18 23:00:00+01:00,0.0,11626.0
2022-11-19 21:00:00+01:00,1.0,3652.0
2022-06-01 12:00:00+02:00,5522.0,751.0
2022-02-14 10:00:00+01:00,1213.0,9863.0
2022-02-13 16:00:00+01:00,1200.0,14404.0
2021-04-18 23:00:00+02:00,1.0,1902.0
2020-08-19 10:00:00+02:00,2355.0,2130.0
2023-06-15 09:00:00+02:00,3114.0,922.0
2021-11-19 11:00:00+01:00,2714.0,568.0
2023-02-13 01:00:00+01:00,1.0,3911.0
2020-05-05 21:00:00+02:00,3.0,1995.0
2021-01-13 12:00:00+01:00,1460.0,5546.0
2020-06-12 21:00:00+02:00,22.0,3670.0
2021-05-24 03:00:00+02:00,0.0,8973.0
2021-11-04 11:00:00+01:00,2550.0,2711.0
2022-01-24 00:00:00+01:00,2.0,3568.0
2023-02-08 06:00:00+01:00,0.0,3436.0
2021-04-10 06:00:00+02:00,1.0,3726.0
2022-10-04 18:00:00+02:00,887.0,975.0
2022-06-26 14:00:00+02:00,3231.0,1129.0
2021-07-28 17:00:00+02:00,2618.0,6906.0
2022-12-05 10:00:00+01:00,2074.0,714.0
2022-08-07 05:00:00+02:00,2.0,5949.0
2022-11-18 03:00:00+01:00,1.0,8883.0
2022-08-20 23:00:00+02:00,3.0,1045.0
2022-09-24 09:00:00+02:00,853.0,1015.0
2020-12-25 21:00:00+01:00,0.0,4303.0
2021-10-25 13:00:00+02:00,3054.0,1635.0
2020-01-07 03:00:00+01:00,0.0,3979.0
2022-04-18 22:00:00+02:00,2.0,3241.0
2022-08-09 08:00:00+02:00,1291.0,3693.0
2022-11-18 22:00:00+01:00,1.0,3155.0
2023-01-04 17:00:00+01:00,32.0,14281.0
2023-03-24 11:00:00+01:00,2988.0,14306.0
2023-03-18 17:00:00+01:00,850.0,5207.0
2022-04-08 07:00:00+02:00,42.0,5256.0
2023-06-05 21:00:00+02:00,47.0,6220.0
2023-06-16 22:00:00+02:00,1.0,1186.0
2020-01-02 19:00:00+01:00,0.0,5975.0
2023-04-12 13:00:00+02:00,3172.0,13304.0
2020-12-12 21:00:00+01:00,0.0,5942.0
2022-12-21 19:00:00+01:00,2.0,11709.0
2022-02-10 04:00:00+01:00,2.0,4484.0
2021-12-28 13:00:00+01:00,834.0,15006.0
2020-10-16 12:00:00+02:00,2261.0,2495.0
2020-09-29 00:00:00+02:00,0.0,3382.0
2022-12-20 12:00:00+01:00,867.0,10645.0
2022-08-29 09:00:00+02:00,2122.0,2629.0
2023-01-29 04:00:00+01:00,1.0,1333.0
2022-02-11 20:00:00+01:00,2.0,2489.0
2020-09-12 17:00:00+02:00,2136.0,692.0
2021-03-25 13:00:00+01:00,3067.0,1751.0
2021-09-30 11:00:00+02:00,3886.0,1592.0
2020-11-05 16:00:00+01:00,690.0,5111.0
2022-05-03 11:00:00+02:00,4246.0,1867.0
2020-09-28 11:00:00+02:00,1862.0,3324.0
2021-09-19 10:00:00+02:00,2226.0,2534.0
2020-12-19 15:00:00+01:00,285.0,7118.0
2021-12-03 16:00:00+01:00,181.0,11364.0
2021-04-16 21:00:00+02:00,1.0,3889.0
2023-02-05 14:00:00+01:00,3137.0,10621.0
2023-06-23 22:00:00+02:00,2.0,2027.0
2020-06-18 04:00:00+02:00,0.0,1821.0
2020-07-10 00:00:00+02:00,0.0,4133.0
2020-08-23 07:00:00+02:00,78.0,4324.0
2021-03-09 18:00:00+01:00,144.0,2077.0
2021-02-16 19:00:00+01:00,2.0,8955.0
2021-11-17 01:00:00+01:00,2.0,1690.0
2021-10-02 10:00:00+02:00,2041.0,7062.0
2022-12-31 10:00:00+01:00,1136.0,15103.0
2022-01-28 19:00:00+01:00,3.0,2705.0
2020-07-14 03:00:00+02:00,0.0,2453.0
2021-10-13 02:00:00+02:00,2.0,2970.0
2020-10-14 07:00:00+02:00,0.0,2780.0
2023-05-22 16:00:00+02:00,4127.0,2845.0
2021-08-05 02:00:00+02:00,1.0,1704.0
2022-02-01 02:00:00+01:00,1.0,6655.0
2022-09-09 21:00:00+02:00,1.0,5964.0
2022-11-25 07:00:00+01:00,2.0,4875.0
2023-05-12 17:00:00+02:00,2332.0,4049.0
2021-03-12 17:00:00+01:00,898.0,13547.0
2021-09-02 21:00:00+02:00,2.0,5091.0
2020-06-29 19:00:00+02:00,996.0,6554.0
2020-05-23 06:00:00+02:00,18.0,2474.0
2020-02-11 12:00:00+01:00,1487.0,12699.0
2020-06-13 18:00:00+02:00,1498.0,3633.0
2023-01-16 22:00:00+01:00,1.0,4531.0
2022-05-18 06:00:00+02:00,49.0,1386.0
2021-08-04 09:00:00+02:00,791.0,670.0
2020-10-03 00:00:00+02:00,0.0,3181.0
2021-01-08 15:00:00+01:00,1182.0,492.0
2022-10-16 09:00:00+02:00,974.0,2158.0
2023-05-02 10:00:00+02:00,5167.0,1746.0
2020-11-03 04:00:00+01:00,0.0,3141.0
2022-12-18 09:00:00+01:00,711.0,7578.0
2022-10-07 09:00:00+02:00,1481.0,1132.0
2021-03-30 15:00:00+02:00,4059.0,1376.0
2022-08-28 02:00:00+02:00,1.0,3763.0
2022-10-20 12:00:00+02:00,2194.0,5723.0
2022-03-24 21:00:00+01:00,5.0,5931.0
2023-05-06 06:00:00+02:00,31.0,1646.0
2022-12-12 07:00:00+01:00,1.0,1140.0
2021-12-27 16:00:00+01:00,191.0,9106.0
2021-01-19 05:00:00+01:00,0.0,10357.0
2023-06-22 06:00:00+02:00,60.0,4151.0
2021-07-09 09:00:00+02:00,2384.0,446.0
2023-04-14 18:00:00+02:00,1074.0,8096.0
2022-02-01 12:00:00+01:00,2403.0,10931.0
2020-04-02 18:00:00+02:00,1178.0,2693.0
2020-05-12 21:00:00+02:00,3.0,2507.0
2023-04-22 03:00:00+02:00,0.0,4271.0
2022-04-30 08:00:00+02:00,1027.0,3110.0
2022-10-13 13:00:00+02:00,2810.0,3673.0
2021-04-15 14:00:00+02:00,4280.0,4392.0
2023-06-08 03:00:00+02:00,0.0,4983.0
2022-08-11 02:00:00+02:00,4.0,5438.0
2020-10-26 02:00:00+01:00,0.0,5696.0
2021-11-29 01:00:00+01:00,2.0,4070.0
2020-06-09 06:00:00+02:00,36.0,3041.0
2020-12-17 02:00:00+01:00,0.0,6279.0
2023-03-27 05:00:00+02:00,0.0,5772.0
2021-06-18 12:00:00+02:00,3737.0,3814.0
2020-02-07 08:00:00+01:00,163.0,6528.0
2021-04-08 09:00:00+02:00,1922.0,461.0
2022-09-22 02:00:00+02:00,1.0,2394.0
2022-07-30 15:00:00+02:00,5039.0,2301.0
2022-11-17 15:00:00+01:00,1032.0,10272.0
2022-04-21 23:00:00+02:00,1.0,6232.0
2020-11-07 10:00:00+01:00,859.0,4754.0
2023-05-06 01:00:00+02:00,1.0,1496.0
2022-10-04 10:00:00+02:00,3205.0,746.0
2021-09-02 16:00:00+02:00,2246.0,3738.0
2020-12-12 09:00:00+01:00,315.0,4972.0
2021-07-10 19:00:00+02:00,1046.0,1939.0
2022-02-24 23:00:00+01:00,1.0,7411.0
2023-01-07 06:00:00+01:00,1.0,10714.0
2021-08-07 07:00:00+02:00,118.0,3583.0
2021-12-04 21:00:00+01:00,1.0,11090.0
2022-11-28 12:00:00+01:00,1640.0,3248.0
2021-01-23 02:00:00+01:00,0.0,6216.0
2021-11-03 13:00:00+01:00,1945.0,2639.0
2020-04-16 18:00:00+02:00,1099.0,1186.0
2021-06-17 19:00:00+02:00,375.0,1610.0
2020-06-22 18:00:00+02:00,1993.0,992.0
2021-11-04 20:00:00+01:00,2.0,4533.0
2021-05-22 21:00:00+02:00,20.0,5560.0
2022-06-25 08:00:00+02:00,1351.0,1165.0
2021-03-20 14:00:00+01:00,4010.0,4482.0
2021-03-05 15:00:00+01:00,2037.0,6148.0
2023-02-11 09:00:00+01:00,2133.0,1704.0
2023-02-20 17:00:00+01:00,960.0,1234.0
2021-08-21 12:00:00+02:00,4144.0,776.0
2022-03-04 23:00:00+01:00,4.0,3140.0
2021-04-20 15:00:00+02:00,3183.0,399.0
2022-09-14 12:00:00+02:00,3487.0,2210.0
2020-09-17 17:00:00+02:00,1805.0,5913.0
2022-06-30 11:00:00+02:00,2488.0,833.0
2021-11-22 21:00:00+01:00,2.0,9441.0
2022-09-25 18:00:00+02:00,999.0,2222.0
2022-03-11 08:00:00+01:00,555.0,11665.0
2020-08-09 09:00:00+02:00,1482.0,491.0
2022-02-13 11:00:00+01:00,3467.0,10603.0
2020-09-13 14:00:00+02:00,3721.0,341.0
2020-08-09 20:00:00+02:00,129.0,2459.0
2022-07-30 07:00:00+02:00,324.0,917.0
2022-11-17 19:00:00+01:00,1.0,8868.0
2020-10-12 16:00:00+02:00,1765.0,2241.0
2023-05-13 00:00:00+02:00,1.0,4629.0
2021-02-11 16:00:00+01:00,939.0,7249.0
2022-09-11 01:00:00+02:00,3.0,794.0
2021-03-10 13:00:00+01:00,3717.0,9144.0
2022-12-05 03:00:00+01:00,1.0,780.0
2022-01-16 17:00:00+01:00,85.0,2481.0
2020-10-18 13:00:00+02:00,3434.0,608.0
2023-03-17 23:00:00+01:00,2.0,6395.0
2023-06-19 23:00:00+02:00,0.0,2865.0
2021-04-30 11:00:00+02:00,2154.0,475.0
2022-11-27 05:00:00+01:00,1.0,6922.0
2022-08-05 00:00:00+02:00,2.0,2950.0
2021-12-28 07:00:00+01:00,2.0,13259.0
2021-05-21 17:00:00+02:00,1331.0,12154.0
2020-02-25 03:00:00+01:00,0.0,9708.0
2022-09-03 16:00:00+02:00,3554.0,3071.0
2020-10-26 23:00:00+01:00,0.0,7118.0
2022-05-31 10:00:00+02:00,3638.0,408.0
2021-01-14 21:00:00+01:00,0.0,9360.0
2022-04-24 01:00:00+02:00,1.0,3208.0
2021-05-17 23:00:00+02:00,2.0,6246.0
2021-05-09 06:00:00+02:00,21.0,8755.0
2021-02-16 05:00:00+01:00,0.0,9519.0
2021-05-27 04:00:00+02:00,1.0,1224.0
2020-01-21 23:00:00+01:00,0.0,3634.0
2020-08-01 04:00:00+02:00,0.0,1755.0
2020-07-24 10:00:00+02:00,2708.0,1109.0
2021-02-06 00:00:00+01:00,0.0,2415.0
2023-03-28 16:00:00+02:00,4675.0,5245.0
2020-08-31 19:00:00+02:00,435.0,1392.0
2022-05-20 07:00:00+02:00,519.0,3032.0
2021-02-21 09:00:00+01:00,1084.0,7999.0
2021-07-01 19:00:00+02:00,1073.0,885.0
2022-04-13 23:00:00+02:00,1.0,1077.0
2021-10-21 05:00:00+02:00,1.0,10631.0
2022-09-27 15:00:00+02:00,3191.0,9491.0
2022-08-22 11:00:00+02:00,3899.0,1069.0
2022-09-28 20:00:00+02:00,2.0,2961.0
2021-08-15 20:00:00+02:00,106.0,6544.0
2021-07-10 11:00:00+02:00,3332.0,499.0
2020-11-25 16:00:00+01:00,328.0,2327.0
2023-04-14 09:00:00+02:00,1949.0,4702.0
2021-11-02 02:00:00+01:00,2.0,5296.0
2021-01-23 21:00:00+01:00,0.0,5062.0
2020-11-10 12:00:00+01:00,2061.0,467.0
2022-12-11 11:00:00+01:00,2363.0,1684.0
2021-12-19 14:00:00+01:00,2056.0,2094.0
2020-12-06 23:00:00+01:00,0.0,1150.0
2023-03-09 14:00:00+01:00,3682.0,13513.0
2020-04-07 19:00:00+02:00,289.0,1750.0
2022-06-14 03:00:00+02:00,1.0,4729.0
2021-01-23 07:00:00+01:00,0.0,5796.0
2023-06-02 14:00:00+02:00,6342.0,4162.0
2020-12-09 11:00:00+01:00,1467.0,2253.0
2022-12-18 19:00:00+01:00,2.0,11169.0
2022-02-15 20:00:00+01:00,2.0,14036.0
2022-04-03 15:00:00+02:00,2729.0,3420.0
2023-06-14 09:00:00+02:00,3135.0,670.0
2020-10-19 23:00:00+02:00,0.0,9621.0
2020-02-13 01:00:00+01:00,0.0,7798.0
2020-09-08 04:00:00+02:00,0.0,1605.0
2023-01-30 03:00:00+01:00,1.0,6875.0
2022-02-11 09:00:00+01:00,1050.0,2052.0
2021-05-13 18:00:00+02:00,1219.0,2089.0
2023-05-11 09:00:00+02:00,2805.0,1337.0
2022-07-16 04:00:00+02:00,1.0,3015.0
2022-12-17 14:00:00+01:00,2599.0,1495.0
2021-05-08 04:00:00+02:00,1.0,4589.0
2022-10-19 17:00:00+02:00,777.0,6918.0
2020-07-10 04:00:00+02:00,0.0,3428.0
2022-05-22 00:00:00+02:00,1.0,2821.0
2021-02-21 23:00:00+01:00,0.0,7556.0
2021-02-22 15:00:00+01:00,512.0,3574.0
2022-06-09 11:00:00+02:00,4466.0,3604.0
2023-03-11 11:00:00+01:00,2670.0,3586.0
2022-06-01 15:00:00+02:00,5582.0,1092.0
2021-07-13 04:00:00+02:00,1.0,2766.0
2021-06-29 09:00:00+02:00,1792.0,1015.0
2023-02-25 23:00:00+01:00,0.0,11066.0
2021-12-04 03:00:00+01:00,1.0,8705.0
2021-10-24 02:00:00+02:00,2.0,4117.0
2020-02-14 00:00:00+01:00,0.0,9510.0
2022-10-02 07:00:00+02:00,4.0,5094.0
2020-09-29 03:00:00+02:00,0.0,2376.0
2021-07-01 18:00:00+02:00,1854.0,1118.0
2020-02-19 07:00:00+01:00,5.0,7648.0
2022-05-02 16:00:00+02:00,3720.0,1636.0
2022-05-26 15:00:00+02:00,3695.0,3813.0
2022-05-17 20:00:00+02:00,276.0,1952.0
2021-03-05 22:00:00+01:00,0.0,6460.0
2020-11-25 22:00:00+01:00,0.0,3387.0
2020-02-26 03:00:00+01:00,0.0,11951.0
2021-11-13 20:00:00+01:00,2.0,2387.0
2021-01-03 06:00:00+01:00,0.0,1497.0
2021-06-12 08:00:00+02:00,1112.0,1037.0
2021-11-01 13:00:00+01:00,2896.0,9488.0
2020-01-11 23:00:00+01:00,0.0,5144.0
2021-03-30 01:00:00+02:00,2.0,3391.0
2022-08-19 06:00:00+02:00,2.0,2581.0
2021-03-05 06:00:00+01:00,0.0,3398.0
2023-01-27 02:00:00+01:00,1.0,7534.0
2022-08-30 15:00:00+02:00,4499.0,1250.0
2023-06-16 02:00:00+02:00,0.0,2368.0
2022-10-14 15:00:00+02:00,1928.0,6091.0
2022-06-26 01:00:00+02:00,1.0,2466.0
2022-05-31 00:00:00+02:00,1.0,2187.0
2022-08-06 13:00:00+02:00,6211.0,4721.0
2022-09-16 05:00:00+02:00,1.0,1843.0
2021-12-21 06:00:00+01:00,1.0,2757.0
2021-08-03 13:00:00+02:00,2732.0,1385.0
2020-01-07 06:00:00+01:00,0.0,3127.0
2020-06-14 13:00:00+02:00,3318.0,2375.0
2023-04-30 12:00:00+02:00,4468.0,2826.0
2021-07-12 03:00:00+02:00,1.0,2921.0
2023-04-04 06:00:00+02:00,1.0,6860.0
2020-12-03 20:00:00+01:00,0.0,12366.0
2021-05-07 23:00:00+02:00,2.0,1163.0
2021-02-09 03:00:00+01:00,0.0,2079.0
2022-09-17 19:00:00+02:00,265.0,3604.0
2022-02-16 00:00:00+01:00,2.0,13943.0
2020-08-18 09:00:00+02:00,1295.0,474.0
2022-10-08 18:00:00+02:00,585.0,926.0
2021-06-05 14:00:00+02:00,3983.0,1952.0
2022-01-28 15:00:00+01:00,1878.0,1881.0
2021-06-14 01:00:00+02:00,1.0,3084.0
2022-01-23 12:00:00+01:00,3234.0,2278.0
2023-03-15 05:00:00+01:00,1.0,3191.0
2022-02-26 06:00:00+01:00,1.0,3868.0
2021-01-06 10:00:00+01:00,674.0,768.0
2021-10-29 11:00:00+02:00,1709.0,10881.0
2020-07-30 00:00:00+02:00,1.0,2022.0
2021-07-22 08:00:00+02:00,1111.0,1390.0
2021-08-22 09:00:00+02:00,1327.0,3539.0
2022-12-28 07:00:00+01:00,1.0,12244.0
2023-06-01 04:00:00+02:00,0.0,6264.0
2022-04-22 12:00:00+02:00,5125.0,2896.0
2022-03-28 16:00:00+02:00,3189.0,1269.0
2022-04-13 05:00:00+02:00,0.0,1234.0
2022-09-07 03:00:00+02:00,1.0,2702.0
2022-05-15 23:00:00+02:00,3.0,5129.0
2020-08-12 09:00:00+02:00,1008.0,1604.0
2022-06-05 02:00:00+02:00,1.0,2708.0
2023-03-16 15:00:00+01:00,4573.0,6709.0
2020-09-15 07:00:00+02:00,18.0,2585.0
2022-06-10 00:00:00+02:00,2.0,2235.0
2022-03-06 07:00:00+01:00,73.0,4158.0
2021-10-30 04:00:00+02:00,2.0,8652.0
2021-03-23 03:00:00+01:00,1.0,2247.0
2022-11-03 07:00:00+01:00,20.0,10055.0
2020-11-17 23:00:00+01:00,0.0,2837.0
2023-04-17 00:00:00+02:00,2.0,3711.0
2020-01-14 03:00:00+01:00,0.0,12348.0
2022-11-04 03:00:00+01:00,1.0,9590.0
2021-07-07 07:00:00+02:00,349.0,2116.0
2020-04-20 19:00:00+02:00,312.0,5861.0
2022-10-08 20:00:00+02:00,1.0,1695.0
2020-09-23 14:00:00+02:00,2974.0,5600.0
2022-08-25 20:00:00+02:00,88.0,4322.0
2021-11-28 10:00:00+01:00,1413.0,8519.0
2022-04-08 16:00:00+02:00,2370.0,9848.0
2021-05-26 16:00:00+02:00,3215.0,6329.0
2023-03-14 10:00:00+01:00,2896.0,16358.0
2021-05-07 05:00:00+02:00,1.0,4111.0
2022-10-08 09:00:00+02:00,781.0,1641.0
2023-03-30 08:00:00+02:00,408.0,11394.0
2022-05-12 20:00:00+02:00,201.0,1897.0
2023-04-10 10:00:00+02:00,3320.0,4561.0
2020-04-29 05:00:00+02:00,0.0,4799.0
2022-06-18 17:00:00+02:00,3923.0,3187.0
2020-05-28 05:00:00+02:00,0.0,4111.0
2022-09-04 20:00:00+02:00,27.0,2372.0
2022-01-31 12:00:00+01:00,2336.0,14223.0
2022-09-09 16:00:00+02:00,3587.0,10674.0
2022-07-03 04:00:00+02:00,1.0,1240.0
2021-05-15 07:00:00+02:00,196.0,4402.0
2020-01-13 02:00:00+01:00,0.0,2618.0
2021-10-29 20:00:00+02:00,2.0,5901.0
2020-10-10 19:00:00+02:00,15.0,3963.0
2021-05-28 07:00:00+02:00,488.0,2284.0
2020-09-27 18:00:00+02:00,268.0,7832.0
2022-10-07 00:00:00+02:00,1.0,1004.0
2020-10-07 04:00:00+02:00,0.0,7970.0
2020-05-03 06:00:00+02:00,8.0,2180.0
2022-08-10 08:00:00+02:00,1282.0,3314.0
2022-02-22 22:00:00+01:00,2.0,7761.0
2021-02-09 16:00:00+01:00,322.0,4995.0
2020-02-06 11:00:00+01:00,2494.0,2221.0
2021-09-22 09:00:00+02:00,1625.0,1149.0
2020-07-16 09:00:00+02:00,1274.0,1469.0
2021-08-04 07:00:00+02:00,79.0,801.0
2020-12-20 01:00:00+01:00,0.0,4907.0
2023-01-18 20:00:00+01:00,1.0,5061.0
2023-04-27 17:00:00+02:00,3043.0,1699.0
2021-02-08 05:00:00+01:00,0.0,1000.0
2021-10-15 18:00:00+02:00,394.0,896.0
2021-06-17 18:00:00+02:00,733.0,1776.0
2022-01-13 18:00:00+01:00,4.0,2827.0
2023-03-14 22:00:00+01:00,2.0,5092.0
2021-12-02 16:00:00+01:00,281.0,6166.0
2022-02-27 01:00:00+01:00,2.0,10391.0
2020-05-18 20:00:00+02:00,189.0,2657.0
2021-06-03 21:00:00+02:00,16.0,1169.0
2022-05-21 00:00:00+02:00,1.0,2769.0
2022-07-12 06:00:00+02:00,53.0,2524.0
2022-02-03 04:00:00+01:00,2.0,2747.0
2020-12-04 11:00:00+01:00,718.0,6940.0
2020-04-13 01:00:00+02:00,0.0,2780.0
2023-05-15 00:00:00+02:00,1.0,3791.0
2021-08-08 15:00:00+02:00,3056.0,6453.0
2022-10-22 17:00:00+02:00,1195.0,1977.0
2020-02-27 19:00:00+01:00,0.0,9324.0
2022-02-24 02:00:00+01:00,1.0,4087.0
2021-09-02 09:00:00+02:00,1448.0,4161.0
2023-05-28 09:00:00+02:00,3782.0,1247.0
2020-05-09 23:00:00+02:00,0.0,2652.0
2022-11-16 15:00:00+01:00,1493.0,8977.0
2020-02-17 05:00:00+01:00,0.0,6143.0
2023-05-03 22:00:00+02:00,3.0,9740.0
2022-11-06 17:00:00+01:00,79.0,10632.0
2020-08-23 04:00:00+02:00,0.0,4400.0
2020-05-19 00:00:00+02:00,1.0,4525.0
2023-01-18 06:00:00+01:00,1.0,3345.0
2022-04-11 01:00:00+02:00,2.0,9410.0
2020-07-30 16:00:00+02:00,3208.0,750.0
2022-01-25 06:00:00+01:00,2.0,356.0
2020-05-06 20:00:00+02:00,135.0,1737.0
2020-10-29 01:00:00+01:00,0.0,10214.0
2021-01-02 08:00:00+01:00,3.0,1678.0
2021-05-30 02:00:00+02:00,1.0,5594.0
2021-10-24 05:00:00+02:00,2.0,3988.0
2023-05-02 03:00:00+02:00,1.0,3273.0
2023-03-25 10:00:00+01:00,4406.0,14612.0
2020-09-25 00:00:00+02:00,0.0,10197.0
2021-07-07 11:00:00+02:00,3233.0,1420.0
2022-03-13 04:00:00+01:00,4.0,9883.0
2021-05-02 07:00:00+02:00,264.0,1245.0
2023-01-29 05:00:00+01:00,1.0,1139.0
2023-02-13 00:00:00+01:00,1.0,3942.0
2022-11-02 01:00:00+01:00,1.0,10152.0
2020-05-15 05:00:00+02:00,0.0,6568.0
2021-10-13 05:00:00+02:00,2.0,2616.0
2020-12-21 17:00:00+01:00,4.0,11299.0
2022-05-10 19:00:00+02:00,1141.0,2981.0
2023-02-22 11:00:00+01:00,1555.0,2736.0
2021-02-22 08:00:00+01:00,67.0,6069.0
2022-10-31 03:00:00+01:00,0.0,1811.0
2020-08-10 12:00:00+02:00,3214.0,830.0
2022-06-15 22:00:00+02:00,3.0,2850.0
2020-10-02 15:00:00+02:00,941.0,4702.0
2023-05-31 20:00:00+02:00,384.0,7009.0
2020-01-07 23:00:00+01:00,0.0,5545.0
2021-04-27 13:00:00+02:00,2890.0,615.0
2021-05-05 17:00:00+02:00,2511.0,7680.0
2021-09-01 10:00:00+02:00,3175.0,4566.0
2020-04-09 12:00:00+02:00,3795.0,553.0
2022-11-11 14:00:00+01:00,3521.0,1949.0
2020-05-11 14:00:00+02:00,1267.0,11393.0
2023-03-10 13:00:00+01:00,3322.0,16346.0
2020-10-26 01:00:00+01:00,0.0,5817.0
2023-04-21 12:00:00+02:00,5852.0,2088.0
2020-06-30 12:00:00+02:00,3448.0,4651.0
2021-02-17 04:00:00+01:00,0.0,7553.0
2022-02-25 11:00:00+01:00,4199.0,5171.0
2021-06-13 08:00:00+02:00,1536.0,1107.0
2020-05-26 00:00:00+02:00,1.0,4104.0
2020-09-12 03:00:00+02:00,0.0,965.0
2023-06-04 17:00:00+02:00,3197.0,4677.0
2023-06-23 15:00:00+02:00,6539.0,1475.0
2021-09-13 02:00:00+02:00,2.0,2549.0
2020-06-25 23:00:00+02:00,0.0,4046.0
2020-01-11 07:00:00+01:00,0.0,3309.0
2022-08-26 03:00:00+02:00,9.0,3460.0
2020-10-14 05:00:00+02:00,0.0,2364.0
2021-12-24 14:00:00+01:00,867.0,2381.0
2022-11-04 23:00:00+01:00,1.0,4316.0
2020-01-19 18:00:00+01:00,1.0,6430.0
2020-01-21 07:00:00+01:00,0.0,3496.0
2021-07-08 17:00:00+02:00,2839.0,2416.0
2022-11-18 19:00:00+01:00,1.0,3567.0
2022-07-15 10:00:00+02:00,4431.0,2048.0
2023-04-24 11:00:00+02:00,4138.0,4767.0
2022-10-23 04:00:00+02:00,1.0,7085.0
2021-12-19 15:00:00+01:00,1282.0,2249.0
2022-07-07 21:00:00+02:00,57.0,4475.0
2022-12-29 05:00:00+01:00,1.0,11089.0
2023-06-10 21:00:00+02:00,53.0,1182.0
2021-11-06 18:00:00+01:00,4.0,4360.0
2021-09-23 18:00:00+02:00,1020.0,1171.0
2020-10-27 06:00:00+01:00,0.0,5542.0
2020-02-14 07:00:00+01:00,2.0,3781.0
2022-04-19 22:00:00+02:00,1.0,4636.0
2020-09-02 19:00:00+02:00,408.0,1048.0
2020-02-16 10:00:00+01:00,1134.0,13005.0
2021-04-01 06:00:00+02:00,1.0,1514.0
2021-07-01 10:00:00+02:00,3326.0,459.0
2021-08-08 12:00:00+02:00,3044.0,6021.0
2021-09-19 23:00:00+02:00,3.0,2224.0
2023-01-24 22:00:00+01:00,1.0,2424.0
2021-02-20 00:00:00+01:00,0.0,9493.0
2020-06-05 01:00:00+02:00,0.0,3090.0
2020-12-15 21:00:00+01:00,0.0,4429.0
2023-05-09 06:00:00+02:00,22.0,3004.0
2022-11-13 17:00:00+01:00,46.0,1297.0
2022-05-01 01:00:00+02:00,1.0,3601.0
2021-08-11 20:00:00+02:00,179.0,233.0
2021-01-18 01:00:00+01:00,0.0,2067.0
2021-01-22 00:00:00+01:00,0.0,8999.0
2020-04-10 06:00:00+02:00,0.0,3065.0
2021-10-28 02:00:00+02:00,2.0,4839.0
2023-05-08 08:00:00+02:00,1366.0,1302.0
2021-07-06 04:00:00+02:00,1.0,8986.0
2022-08-29 08:00:00+02:00,904.0,3758.0
2022-12-31 16:00:00+01:00,480.0,15310.0
2021-05-17 22:00:00+02:00,3.0,6657.0
2023-02-07 01:00:00+01:00,0.0,7905.0
2022-04-01 11:00:00+02:00,2870.0,10751.0
2021-01-27 23:00:00+01:00,0.0,5091.0
2022-01-19 21:00:00+01:00,3.0,4437.0
2021-04-18 01:00:00+02:00,1.0,4715.0
2021-07-20 11:00:00+02:00,4286.0,1896.0
2022-04-19 11:00:00+02:00,3567.0,930.0
2022-09-11 19:00:00+02:00,404.0,1075.0
2021-02-06 10:00:00+01:00,293.0,2625.0
2021-04-13 13:00:00+02:00,4310.0,2187.0
2021-03-08 22:00:00+01:00,1.0,2865.0
2023-05-21 06:00:00+02:00,40.0,5019.0
2020-06-13 05:00:00+02:00,0.0,2976.0
2021-07-25 06:00:00+02:00,14.0,2648.0
2021-10-12 14:00:00+02:00,4126.0,2972.0
2021-04-06 09:00:00+02:00,1699.0,2970.0
2023-03-21 16:00:00+01:00,2435.0,5842.0
2023-04-04 16:00:00+02:00,5907.0,4052.0
2021-04-22 08:00:00+02:00,980.0,4887.0
2022-05-16 15:00:00+02:00,5119.0,1784.0
2021-11-09 11:00:00+01:00,3251.0,1050.0
2020-02-27 03:00:00+01:00,0.0,5859.0
2020-10-18 08:00:00+02:00,118.0,926.0
2022-07-06 13:00:00+02:00,5883.0,1802.0
2020-02-16 02:00:00+01:00,0.0,12546.0
2021-10-10 03:00:00+02:00,2.0,1568.0
2020-07-17 18:00:00+02:00,1612.0,2049.0
2021-07-12 22:00:00+02:00,1.0,2929.0
2023-05-14 22:00:00+02:00,1.0,3917.0
2020-01-31 00:00:00+01:00,0.0,9119.0
2023-05-10 08:00:00+02:00,1645.0,5446.0
2021-06-18 14:00:00+02:00,3932.0,5671.0
2021-01-29 02:00:00+01:00,0.0,12787.0
2023-01-05 15:00:00+01:00,1231.0,5260.0
2023-03-17 03:00:00+01:00,4.0,7009.0
2020-09-19 01:00:00+02:00,0.0,5726.0
2020-09-01 03:00:00+02:00,0.0,1422.0
2023-03-09 12:00:00+01:00,3841.0,13647.0
2020-02-15 06:00:00+01:00,0.0,5709.0
2022-04-08 04:00:00+02:00,1.0,6134.0
2022-03-24 07:00:00+01:00,445.0,2109.0
2023-02-23 05:00:00+01:00,0.0,1230.0
2020-11-12 23:00:00+01:00,0.0,3820.0
2023-03-06 16:00:00+01:00,2182.0,3710.0
2020-10-06 02:00:00+02:00,0.0,10565.0
2023-06-11 07:00:00+02:00,715.0,1376.0
2021-12-09 00:00:00+01:00,1.0,5485.0
2022-07-29 22:00:00+02:00,1.0,2143.0
2022-08-18 00:00:00+02:00,1.0,1442.0
2021-10-11 03:00:00+02:00,2.0,3127.0
2021-05-26 22:00:00+02:00,1.0,2206.0
2023-03-14 06:00:00+01:00,1.0,15817.0
2022-05-30 11:00:00+02:00,4941.0,760.0
2020-10-24 06:00:00+02:00,0.0,7458.0
2022-06-21 00:00:00+02:00,1.0,5742.0
2022-04-30 23:00:00+02:00,2.0,4190.0
2020-04-30 09:00:00+02:00,649.0,6100.0
2023-06-08 10:00:00+02:00,4958.0,2312.0
2023-06-06 12:00:00+02:00,6374.0,2268.0
2021-02-04 06:00:00+01:00,0.0,2852.0
2022-09-29 21:00:00+02:00,1.0,1145.0
2020-09-20 16:00:00+02:00,1780.0,610.0
2021-03-13 17:00:00+01:00,608.0,13308.0
2022-10-12 09:00:00+02:00,899.0,329.0
2020-02-24 15:00:00+01:00,2544.0,11013.0
2022-02-28 21:00:00+01:00,3.0,3617.0
2020-09-19 07:00:00+02:00,9.0,3982.0
2020-06-30 08:00:00+02:00,1070.0,3292.0
2020-11-23 08:00:00+01:00,191.0,270.0
2022-09-30 11:00:00+02:00,3895.0,1243.0
2022-01-06 14:00:00+01:00,2791.0,2678.0
2020-08-01 07:00:00+02:00,156.0,1825.0
2020-07-22 00:00:00+02:00,0.0,5431.0
2020-08-25 08:00:00+02:00,610.0,5173.0
2020-05-20 23:00:00+02:00,2.0,2591.0
2020-07-18 04:00:00+02:00,0.0,1167.0
2023-03-26 11:00:00+02:00,3175.0,14231.0
2020-09-02 12:00:00+02:00,3665.0,705.0
2021-06-20 10:00:00+02:00,2058.0,1623.0
2021-06-24 23:00:00+02:00,1.0,2150.0
2022-04-03 11:00:00+02:00,4105.0,3633.0
2020-06-06 11:00:00+02:00,2521.0,6988.0
2020-01-26 01:00:00+01:00,0.0,2542.0
2020-11-13 01:00:00+01:00,0.0,4605.0
2021-06-05 03:00:00+02:00,1.0,2347.0
2022-11-08 12:00:00+01:00,1885.0,12431.0
2023-06-09 14:00:00+02:00,3794.0,3294.0
2023-04-24 18:00:00+02:00,1468.0,5028.0
2022-04-21 00:00:00+02:00,2.0,3922.0
2021-07-08 05:00:00+02:00,1.0,1392.0
2021-01-20 22:00:00+01:00,0.0,14193.0
2021-10-28 03:00:00+02:00,2.0,5147.0
2021-12-06 14:00:00+01:00,1338.0,6192.0
2020-01-18 01:00:00+01:00,0.0,6372.0
2022-12-12 17:00:00+01:00,4.0,4674.0
2022-11-22 11:00:00+01:00,2468.0,12760.0
2021-11-05 17:00:00+01:00,60.0,1593.0
2020-06-19 14:00:00+02:00,3259.0,2232.0
2023-05-11 06:00:00+02:00,34.0,1759.0
2020-07-23 00:00:00+02:00,0.0,2855.0
2022-02-14 21:00:00+01:00,2.0,6026.0
2020-09-22 05:00:00+02:00,0.0,618.0
2022-09-24 07:00:00+02:00,5.0,1119.0
2021-01-11 13:00:00+01:00,2184.0,3246.0
2020-09-15 16:00:00+02:00,2595.0,526.0
2023-03-27 15:00:00+02:00,4314.0,3702.0
2021-06-04 05:00:00+02:00,2.0,1697.0
2022-12-10 20:00:00+01:00,1.0,1984.0
2021-12-13 12:00:00+01:00,2476.0,974.0
2022-11-11 02:00:00+01:00,1.0,2709.0
2020-01-10 05:00:00+01:00,0.0,7804.0
2021-03-30 17:00:00+02:00,2581.0,1083.0
2021-10-06 14:00:00+02:00,3729.0,8785.0
2021-10-29 18:00:00+02:00,33.0,6685.0
2020-08-21 02:00:00+02:00,0.0,6062.0
2023-03-29 14:00:00+02:00,5400.0,6266.0
2021-01-04 09:00:00+01:00,167.0,1556.0
2020-09-01 16:00:00+02:00,2822.0,1515.0
2020-11-15 04:00:00+01:00,0.0,11415.0
2021-06-30 22:00:00+02:00,2.0,1141.0
2020-01-16 20:00:00+01:00,1.0,11096.0
2022-11-07 01:00:00+01:00,1.0,11008.0
2020-01-28 01:00:00+01:00,0.0,11868.0
2021-06-02 10:00:00+02:00,2135.0,1589.0
2021-12-01 07:00:00+01:00,1.0,13710.0
2022-03-04 21:00:00+01:00,5.0,3434.0
2022-10-02 06:00:00+02:00,1.0,4820.0
2020-04-16 22:00:00+02:00,0.0,1771.0
2023-03-14 12:00:00+01:00,4103.0,16095.0
2022-08-13 03:00:00+02:00,6.0,3713.0
2022-01-23 17:00:00+01:00,174.0,3153.0
2022-09-07 07:00:00+02:00,54.0,3153.0
2020-04-30 16:00:00+02:00,2242.0,11998.0
2021-12-29 08:00:00+01:00,25.0,7734.0
2020-11-18 23:00:00+01:00,0.0,7980.0
2020-01-26 07:00:00+01:00,0.0,2345.0
2020-06-29 13:00:00+02:00,3085.0,5996.0
2022-03-20 21:00:00+01:00,4.0,3810.0
2023-06-16 10:00:00+02:00,5287.0,217.0
2021-08-02 21:00:00+02:00,13.0,865.0
2021-11-20 17:00:00+01:00,13.0,200.0
2021-09-30 03:00:00+02:00,2.0,1958.0
2022-10-15 12:00:00+02:00,3746.0,9408.0
2023-05-17 12:00:00+02:00,6480.0,7181.0
2022-12-06 05:00:00+01:00,1.0,1708.0
2021-02-12 10:00:00+01:00,475.0,8410.0
2021-08-25 03:00:00+02:00,2.0,5485.0
2022-05-29 14:00:00+02:00,5959.0,3254.0
2023-06-04 15:00:00+02:00,2968.0,2239.0
2021-02-10 08:00:00+01:00,127.0,7407.0
2021-09-11 07:00:00+02:00,33.0,1238.0
2020-06-22 13:00:00+02:00,3818.0,1016.0
2021-12-03 07:00:00+01:00,1.0,6064.0
2021-11-07 12:00:00+01:00,2132.0,5099.0
2020-11-10 05:00:00+01:00,0.0,511.0
2020-07-27 04:00:00+02:00,0.0,1265.0
2023-02-27 03:00:00+01:00,0.0,12909.0
2021-01-13 09:00:00+01:00,325.0,3977.0
2022-09-25 02:00:00+02:00,1.0,2730.0
2021-03-29 03:00:00+02:00,0.0,4034.0
2021-06-10 00:00:00+02:00,2.0,1773.0
2022-09-12 13:00:00+02:00,5374.0,1360.0
2021-06-05 09:00:00+02:00,2142.0,2184.0
2021-09-20 02:00:00+02:00,2.0,1761.0
2021-11-03 10:00:00+01:00,1385.0,2715.0
2020-11-20 01:00:00+01:00,0.0,4088.0
2021-07-23 11:00:00+02:00,3155.0,2567.0
2021-09-10 07:00:00+02:00,19.0,1409.0
2021-03-09 00:00:00+01:00,1.0,2201.0
2020-10-21 22:00:00+02:00,0.0,7754.0
2022-07-07 11:00:00+02:00,5002.0,3392.0
2020-09-04 14:00:00+02:00,3825.0,1298.0
2022-09-01 04:00:00+02:00,1.0,3165.0
2021-10-22 02:00:00+02:00,2.0,1847.0
2020-01-10 15:00:00+01:00,732.0,3086.0
2020-06-16 08:00:00+02:00,861.0,804.0
2020-11-15 13:00:00+01:00,880.0,13455.0
2021-05-15 00:00:00+02:00,2.0,3234.0
2020-12-26 02:00:00+01:00,0.0,3160.0
2021-12-31 15:00:00+01:00,1726.0,3014.0
2020-12-25 14:00:00+01:00,1257.0,6177.0
2023-04-04 13:00:00+02:00,6892.0,4710.0
2023-06-24 21:00:00+02:00,68.0,1796.0
2021-11-15 09:00:00+01:00,414.0,3409.0
2020-01-04 03:00:00+01:00,0.0,3229.0
2021-09-08 05:00:00+02:00,3.0,5369.0
2022-09-27 23:00:00+02:00,1.0,8653.0
2020-02-16 04:00:00+01:00,0.0,11899.0
2023-06-29 06:00:00+02:00,92.0,753.0
2023-01-22 05:00:00+01:00,1.0,5460.0
2020-05-03 01:00:00+02:00,1.0,1886.0
2020-12-28 05:00:00+01:00,0.0,6229.0
2020-05-10 10:00:00+02:00,909.0,1332.0
2020-02-01 04:00:00+01:00,0.0,9145.0
2020-10-30 19:00:00+01:00,3.0,2183.0
2021-11-15 22:00:00+01:00,2.0,1159.0
2022-06-14 10:00:00+02:00,4480.0,769.0
2021-03-20 01:00:00+01:00,1.0,5907.0
2020-12-05 11:00:00+01:00,1023.0,5581.0
2020-05-09 07:00:00+02:00,226.0,1507.0
2020-04-07 15:00:00+02:00,3113.0,1937.0
2020-01-20 20:00:00+01:00,0.0,5421.0
2021-06-12 06:00:00+02:00,55.0,1555.0
2021-10-20 06:00:00+02:00,2.0,10783.0
2021-08-19 19:00:00+02:00,510.0,1619.0
2023-02-22 06:00:00+01:00,0.0,2948.0
2020-07-18 16:00:00+02:00,3333.0,967.0
2023-01-13 06:00:00+01:00,1.0,13965.0
2021-01-04 12:00:00+01:00,932.0,1536.0
2022-03-28 22:00:00+02:00,4.0,2695.0
2021-04-02 01:00:00+02:00,1.0,7315.0
2020-01-11 19:00:00+01:00,2.0,4147.0
2023-04-05 08:00:00+02:00,1028.0,1190.0
2022-10-14 05:00:00+02:00,1.0,3518.0
2021-10-07 16:00:00+02:00,3212.0,1722.0
2020-12-23 18:00:00+01:00,0.0,12537.0
2021-05-27 07:00:00+02:00,446.0,706.0
2020-08-18 12:00:00+02:00,2985.0,1014.0
2020-06-27 09:00:00+02:00,1580.0,5102.0
2023-06-01 19:00:00+02:00,1402.0,7327.0
2021-03-23 20:00:00+01:00,5.0,621.0
2022-01-02 10:00:00+01:00,836.0,10071.0
2022-06-20 08:00:00+02:00,1217.0,2862.0
2023-03-22 00:00:00+01:00,4.0,9500.0
2021-01-09 08:00:00+01:00,13.0,3592.0
2023-06-18 15:00:00+02:00,4877.0,3754.0
2020-05-23 13:00:00+02:00,1951.0,5814.0
2022-07-31 10:00:00+02:00,4249.0,1667.0
2020-08-04 15:00:00+02:00,3787.0,1743.0
2022-01-09 20:00:00+01:00,1.0,1954.0
2020-08-26 04:00:00+02:00,0.0,9320.0
2022-12-22 17:00:00+01:00,5.0,11914.0
2023-04-19 01:00:00+02:00,0.0,8031.0
2021-02-05 22:00:00+01:00,0.0,2490.0
2021-03-12 08:00:00+01:00,512.0,9628.0
2022-01-29 04:00:00+01:00,1.0,5610.0
2021-06-09 21:00:00+02:00,39.0,1269.0
2021-05-16 12:00:00+02:00,2137.0,6696.0
2020-10-18 12:00:00+02:00,3279.0,502.0
2020-05-20 03:00:00+02:00,0.0,3120.0
2020-06-26 00:00:00+02:00,0.0,3803.0
2021-12-16 17:00:00+01:00,15.0,4087.0
2021-07-04 14:00:00+02:00,3041.0,4460.0
2021-01-28 08:00:00+01:00,30.0,13449.0
2022-11-26 12:00:00+01:00,2630.0,2933.0
2020-11-08 09:00:00+01:00,848.0,3029.0
2020-04-15 20:00:00+02:00,27.0,3422.0
2023-06-04 12:00:00+02:00,3925.0,2510.0
2022-07-08 09:00:00+02:00,3322.0,1662.0
2021-07-14 00:00:00+02:00,1.0,4938.0
2021-06-12 20:00:00+02:00,353.0,1782.0
2020-10-19 17:00:00+02:00,925.0,5758.0
2022-12-28 23:00:00+01:00,1.0,15859.0
2020-09-26 00:00:00+02:00,0.0,11624.0
2021-09-30 02:00:00+02:00,2.0,2131.0
2022-03-08 09:00:00+01:00,2036.0,5834.0
2022-07-07 17:00:00+02:00,3806.0,5328.0
2021-05-03 01:00:00+02:00,1.0,647.0
2022-12-22 13:00:00+01:00,1533.0,12737.0
2020-07-20 17:00:00+02:00,2582.0,2432.0
2023-05-19 11:00:00+02:00,5724.0,4134.0
2022-01-14 23:00:00+01:00,1.0,733.0
2020-05-25 04:00:00+02:00,0.0,2482.0
2021-01-08 10:00:00+01:00,1344.0,786.0
2020-08-14 09:00:00+02:00,1398.0,1810.0
2023-06-13 16:00:00+02:00,3823.0,2879.0
2021-03-01 03:00:00+01:00,0.0,4871.0
2021-06-13 12:00:00+02:00,3761.0,1063.0
2021-06-27 06:00:00+02:00,38.0,2090.0
2021-10-24 01:00:00+02:00,2.0,4064.0
2020-11-04 15:00:00+01:00,1293.0,2441.0
2022-03-04 20:00:00+01:00,6.0,3466.0
2021-06-03 06:00:00+02:00,57.0,1301.0
2022-09-25 12:00:00+02:00,3965.0,2147.0
2021-08-24 13:00:00+02:00,3945.0,7669.0
2021-08-18 18:00:00+02:00,1180.0,2705.0
2022-01-18 08:00:00+01:00,53.0,3507.0
2023-06-26 02:00:00+02:00,0.0,5545.0
2020-05-30 08:00:00+02:00,1127.0,1862.0
2021-05-01 20:00:00+02:00,120.0,2886.0
2021-07-01 13:00:00+02:00,4012.0,924.0
2023-04-03 08:00:00+02:00,580.0,5701.0
2020-08-20 19:00:00+02:00,459.0,2508.0
2022-06-16 14:00:00+02:00,5763.0,625.0
2021-08-24 16:00:00+02:00,3137.0,8809.0
2021-09-18 22:00:00+02:00,2.0,2862.0
2021-10-06 11:00:00+02:00,3368.0,7963.0
2020-07-16 04:00:00+02:00,0.0,1627.0
2022-07-17 15:00:00+02:00,5747.0,2365.0
2020-05-08 22:00:00+02:00,1.0,2369.0
2021-06-21 05:00:00+02:00,1.0,2600.0
2022-09-27 18:00:00+02:00,588.0,8558.0
2022-03-30 00:00:00+02:00,4.0,1733.0
2022-11-12 01:00:00+01:00,1.0,4316.0
2022-08-01 04:00:00+02:00,1.0,1162.0
2020-09-12 06:00:00+02:00,0.0,1193.0
2022-08-08 18:00:00+02:00,2823.0,5716.0
2021-10-30 02:00:00+02:00,2.0,7206.0
2023-05-07 02:00:00+02:00,0.0,1618.0
2022-07-27 22:00:00+02:00,8.0,3862.0
2020-07-16 19:00:00+02:00,630.0,2093.0
2021-10-24 16:00:00+02:00,2804.0,2352.0
2020-06-05 02:00:00+02:00,0.0,3250.0
2023-04-09 09:00:00+02:00,2912.0,1636.0
2023-02-08 21:00:00+01:00,0.0,3255.0
2020-01-31 14:00:00+01:00,1536.0,6351.0
2022-07-14 22:00:00+02:00,7.0,5381.0
2021-07-07 12:00:00+02:00,3425.0,1543.0
2021-06-05 10:00:00+02:00,2925.0,2349.0
2021-08-24 22:00:00+02:00,3.0,6960.0
2021-01-14 22:00:00+01:00,0.0,8944.0
2020-08-29 02:00:00+02:00,0.0,3661.0
2022-06-14 23:00:00+02:00,1.0,4279.0
2021-03-13 03:00:00+01:00,1.0,14355.0
2022-03-31 09:00:00+02:00,1080.0,5398.0
2021-05-09 10:00:00+02:00,1823.0,7249.0
2023-02-21 09:00:00+01:00,1442.0,1561.0
2022-08-03 16:00:00+02:00,4977.0,555.0
2022-12-16 17:00:00+01:00,10.0,2623.0
2022-04-03 18:00:00+02:00,960.0,2690.0
2021-06-12 14:00:00+02:00,3473.0,1003.0
2022-01-26 04:00:00+01:00,1.0,413.0
2020-08-05 07:00:00+02:00,161.0,1792.0
2020-10-30 10:00:00+01:00,2306.0,5062.0
2021-06-09 13:00:00+02:00,4336.0,518.0
2020-09-21 12:00:00+02:00,2296.0,377.0
2022-03-20 16:00:00+01:00,1525.0,2352.0
2022-08-28 20:00:00+02:00,63.0,4086.0
2021-03-08 01:00:00+01:00,0.0,3273.0
2022-12-06 08:00:00+01:00,103.0,1544.0
2020-09-04 11:00:00+02:00,3274.0,821.0
2020-04-06 20:00:00+02:00,8.0,1024.0
2023-05-22 11:00:00+02:00,4664.0,1486.0
2020-04-20 15:00:00+02:00,1254.0,5632.0
2023-02-15 09:00:00+01:00,1907.0,3837.0
2020-01-04 19:00:00+01:00,1.0,2970.0
2020-10-17 21:00:00+02:00,0.0,621.0
2020-01-08 20:00:00+01:00,0.0,3555.0
2021-01-31 09:00:00+01:00,503.0,2325.0
2021-03-04 02:00:00+01:00,0.0,1335.0
2021-11-24 01:00:00+01:00,1.0,6081.0
2021-05-20 18:00:00+02:00,1918.0,7753.0
2021-05-12 10:00:00+02:00,2676.0,886.0
2022-07-29 08:00:00+02:00,728.0,579.0
2020-01-14 09:00:00+01:00,324.0,11915.0
2022-10-18 10:00:00+02:00,2549.0,1452.0
2020-08-16 12:00:00+02:00,2741.0,1698.0
2020-12-21 23:00:00+01:00,0.0,12742.0
2020-07-28 19:00:00+02:00,757.0,4313.0
2022-06-24 04:00:00+02:00,1.0,2157.0
2022-01-12 17:00:00+01:00,83.0,2205.0
2020-01-09 02:00:00+01:00,0.0,7248.0
2020-05-28 22:00:00+02:00,2.0,6030.0
2021-08-25 22:00:00+02:00,2.0,4485.0
2022-09-19 22:00:00+02:00,3.0,3338.0
2021-05-27 23:00:00+02:00,1.0,2449.0
2020-05-15 20:00:00+02:00,128.0,2813.0
2022-11-19 17:00:00+01:00,18.0,3010.0
2021-01-03 11:00:00+01:00,1252.0,1401.0
2022-09-26 04:00:00+02:00,1.0,3474.0
2022-07-22 14:00:00+02:00,4749.0,953.0
2022-07-08 07:00:00+02:00,503.0,2798.0
2022-07-02 20:00:00+02:00,473.0,1297.0
2020-02-01 12:00:00+01:00,1224.0,11152.0
2023-05-11 20:00:00+02:00,267.0,2690.0
2021-08-02 23:00:00+02:00,1.0,927.0
2023-06-07 06:00:00+02:00,126.0,4453.0
2021-05-17 06:00:00+02:00,33.0,10308.0
2020-04-13 19:00:00+02:00,271.0,10779.0
2023-04-05 04:00:00+02:00,0.0,1547.0
2022-03-01 01:00:00+01:00,4.0,3069.0
2020-02-13 20:00:00+01:00,0.0,13045.0
2021-10-11 04:00:00+02:00,1.0,2944.0
2020-05-12 20:00:00+02:00,97.0,2440.0
2022-02-07 12:00:00+01:00,3573.0,2469.0
2021-05-24 17:00:00+02:00,2203.0,10506.0
2022-01-21 04:00:00+01:00,1.0,4988.0
2023-04-08 14:00:00+02:00,6817.0,1670.0
2021-04-17 14:00:00+02:00,3044.0,5421.0
2022-10-26 11:00:00+02:00,3086.0,5161.0
2020-12-12 08:00:00+01:00,30.0,5079.0
2023-05-24 10:00:00+02:00,4688.0,3822.0
2022-01-17 07:00:00+01:00,2.0,1459.0
2021-11-15 23:00:00+01:00,2.0,1069.0
2021-05-30 06:00:00+02:00,64.0,4187.0
2020-08-18 17:00:00+02:00,2259.0,2294.0
2022-01-17 08:00:00+01:00,60.0,1480.0
2022-09-05 03:00:00+02:00,1.0,3758.0
2022-11-20 11:00:00+01:00,2822.0,7518.0
2020-09-20 08:00:00+02:00,215.0,1018.0
2020-08-16 02:00:00+02:00,0.0,1869.0
2021-03-28 11:00:00+02:00,3705.0,4160.0
2022-04-06 23:00:00+02:00,1.0,14388.0
2022-01-03 21:00:00+01:00,2.0,7629.0
2022-08-23 14:00:00+02:00,4845.0,734.0
2021-07-22 17:00:00+02:00,3375.0,1685.0
2021-04-27 04:00:00+02:00,1.0,4228.0
2020-07-06 09:00:00+02:00,1649.0,4909.0
2022-04-08 09:00:00+02:00,1238.0,5089.0
2022-11-18 21:00:00+01:00,1.0,3231.0
2021-03-21 16:00:00+01:00,1652.0,6514.0
2021-06-27 22:00:00+02:00,1.0,851.0
2020-04-16 08:00:00+02:00,586.0,4003.0
2021-03-15 12:00:00+01:00,1958.0,8791.0
2023-02-07 00:00:00+01:00,0.0,7417.0
2021-12-13 13:00:00+01:00,2603.0,780.0
2021-01-20 20:00:00+01:00,0.0,14493.0
2020-08-03 00:00:00+02:00,0.0,3108.0
2021-10-10 06:00:00+02:00,1.0,1325.0
2023-04-13 22:00:00+02:00,1.0,3564.0
2021-11-09 06:00:00+01:00,1.0,1931.0
2022-06-07 03:00:00+02:00,1.0,2246.0
2020-12-21 16:00:00+01:00,94.0,11216.0
2022-07-04 13:00:00+02:00,4875.0,758.0
2020-09-10 18:00:00+02:00,887.0,847.0
2022-09-13 06:00:00+02:00,1.0,1874.0
2020-06-02 09:00:00+02:00,1737.0,169.0
2023-02-25 01:00:00+01:00,0.0,3436.0
2022-05-08 15:00:00+02:00,4214.0,3006.0
2023-01-07 15:00:00+01:00,913.0,14363.0
2020-10-04 04:00:00+02:00,0.0,9809.0
2023-02-17 13:00:00+01:00,4342.0,8550.0
2021-05-02 16:00:00+02:00,3081.0,1639.0
2021-05-16 11:00:00+02:00,1716.0,5737.0
2022-12-25 19:00:00+01:00,1.0,10204.0
2021-10-11 16:00:00+02:00,2996.0,2680.0
2020-07-11 20:00:00+02:00,293.0,3154.0
2021-10-08 09:00:00+02:00,1544.0,3009.0
2021-10-06 00:00:00+02:00,2.0,8640.0
2022-10-14 18:00:00+02:00,248.0,6348.0
2021-11-14 08:00:00+01:00,179.0,2505.0
2020-05-26 09:00:00+02:00,2182.0,1492.0
2022-05-24 23:00:00+02:00,1.0,1736.0
2023-01-03 15:00:00+01:00,1430.0,7535.0
2021-09-30 18:00:00+02:00,908.0,2673.0
2023-04-15 09:00:00+02:00,2321.0,6924.0
2022-01-08 04:00:00+01:00,1.0,5712.0
2022-12-08 10:00:00+01:00,1018.0,1356.0
2021-06-16 11:00:00+02:00,3514.0,512.0
2020-09-12 07:00:00+02:00,28.0,1358.0
2023-01-16 04:00:00+01:00,1.0,15629.0
2021-07-15 06:00:00+02:00,20.0,6977.0
2022-12-19 21:00:00+01:00,1.0,14207.0
2020-09-29 20:00:00+02:00,3.0,652.0
2022-04-15 16:00:00+02:00,4625.0,1468.0
2022-11-01 05:00:00+01:00,1.0,11145.0
2022-11-17 20:00:00+01:00,1.0,8926.0
2022-01-02 16:00:00+01:00,313.0,12347.0
2021-01-06 20:00:00+01:00,0.0,459.0
2023-04-25 05:00:00+02:00,1.0,3274.0
2022-01-11 23:00:00+01:00,2.0,2095.0
2023-05-14 02:00:00+02:00,0.0,4786.0
2021-10-04 12:00:00+02:00,2647.0,5155.0
2023-04-21 07:00:00+02:00,227.0,2905.0
2021-05-12 12:00:00+02:00,3847.0,1936.0
2022-03-19 15:00:00+01:00,3335.0,8182.0
2021-07-18 20:00:00+02:00,352.0,5584.0
2021-04-23 15:00:00+02:00,4488.0,4342.0
2021-07-09 03:00:00+02:00,1.0,1159.0
2021-04-16 01:00:00+02:00,1.0,5804.0
2021-08-04 03:00:00+02:00,1.0,938.0
2021-09-26 12:00:00+02:00,2565.0,3002.0
2023-03-18 14:00:00+01:00,3484.0,6867.0
2020-06-08 10:00:00+02:00,2502.0,1089.0
2023-02-11 02:00:00+01:00,0.0,2241.0
2023-04-17 23:00:00+02:00,2.0,7237.0
2021-08-29 17:00:00+02:00,2735.0,4266.0
2021-07-07 15:00:00+02:00,2883.0,1665.0
2021-12-21 16:00:00+01:00,366.0,1187.0
2020-01-01 17:00:00+01:00,16.0,932.0
2022-10-05 10:00:00+02:00,2794.0,6847.0
2022-04-12 19:00:00+02:00,498.0,3380.0
2022-06-23 14:00:00+02:00,4177.0,1403.0
2023-02-18 04:00:00+01:00,0.0,6589.0
2022-07-26 00:00:00+02:00,4.0,4741.0
2023-01-22 11:00:00+01:00,2018.0,5314.0
2021-11-02 18:00:00+01:00,4.0,1929.0
2021-04-11 15:00:00+02:00,1648.0,6150.0
2020-05-12 11:00:00+02:00,2191.0,3641.0
2020-12-08 22:00:00+01:00,0.0,2543.0
2022-11-27 20:00:00+01:00,1.0,7391.0
2022-02-08 00:00:00+01:00,2.0,4993.0
2021-02-11 20:00:00+01:00,1.0,7678.0
2021-05-15 20:00:00+02:00,129.0,6072.0
2020-04-03 05:00:00+02:00,0.0,2038.0
2020-04-24 16:00:00+02:00,2682.0,838.0
2022-11-06 05:00:00+01:00,1.0,7300.0
2023-06-10 08:00:00+02:00,1763.0,1226.0
2023-04-18 06:00:00+02:00,2.0,6562.0
2021-04-12 12:00:00+02:00,3649.0,2409.0
2021-04-07 08:00:00+02:00,657.0,3837.0
2021-05-26 07:00:00+02:00,431.0,7022.0
2021-04-06 05:00:00+02:00,1.0,4553.0
2020-05-05 13:00:00+02:00,3224.0,4505.0
2021-12-14 15:00:00+01:00,1327.0,427.0
2022-01-20 13:00:00+01:00,2257.0,4154.0
2021-12-14 12:00:00+01:00,2611.0,348.0
2020-04-16 01:00:00+02:00,0.0,4840.0
2023-06-10 01:00:00+02:00,1.0,3191.0
2021-07-04 06:00:00+02:00,22.0,882.0
2021-01-14 23:00:00+01:00,0.0,8774.0
2023-03-05 09:00:00+01:00,2855.0,1051.0
2022-09-14 20:00:00+02:00,4.0,2234.0
2022-06-09 23:00:00+02:00,2.0,2130.0
2021-08-25 21:00:00+02:00,2.0,4100.0
2023-01-26 08:00:00+01:00,84.0,3257.0
2021-12-14 00:00:00+01:00,2.0,808.0
2020-02-24 07:00:00+01:00,13.0,6692.0
2022-06-26 12:00:00+02:00,3304.0,845.0
2022-02-04 21:00:00+01:00,2.0,5573.0
2021-04-16 16:00:00+02:00,2825.0,6162.0
2021-05-02 18:00:00+02:00,1670.0,1326.0
2020-05-24 22:00:00+02:00,2.0,2197.0
2023-01-01 06:00:00+01:00,1.0,9188.0
2022-04-18 14:00:00+02:00,5033.0,590.0
2020-12-11 00:00:00+01:00,0.0,7011.0
2020-05-17 02:00:00+02:00,0.0,3605.0
2022-08-31 07:00:00+02:00,93.0,1987.0
2021-10-29 15:00:00+02:00,1271.0,9176.0
2023-06-09 19:00:00+02:00,1095.0,2680.0
2022-06-22 14:00:00+02:00,3772.0,1787.0
2020-08-09 00:00:00+02:00,0.0,2313.0
2020-05-02 11:00:00+02:00,1852.0,4662.0
2021-01-27 22:00:00+01:00,0.0,4782.0
2020-04-11 23:00:00+02:00,0.0,1049.0
2022-04-20 05:00:00+02:00,1.0,4694.0
2020-02-23 18:00:00+01:00,53.0,10640.0
2021-12-09 01:00:00+01:00,1.0,5711.0
2023-04-29 14:00:00+02:00,3774.0,1096.0
2020-12-07 11:00:00+01:00,1046.0,1265.0
2023-04-14 15:00:00+02:00,3374.0,9342.0
2020-12-14 01:00:00+01:00,0.0,9757.0
2020-09-05 02:00:00+02:00,0.0,2312.0
2021-04-15 10:00:00+02:00,3367.0,2745.0
2020-10-02 08:00:00+02:00,24.0,9403.0
2020-08-13 22:00:00+02:00,0.0,2129.0
2021-07-09 11:00:00+02:00,3692.0,557.0
2022-03-31 20:00:00+02:00,10.0,10088.0
2021-02-25 21:00:00+01:00,0.0,2161.0
2023-04-25 16:00:00+02:00,3579.0,1880.0
2022-04-29 01:00:00+02:00,1.0,4060.0
2021-03-04 01:00:00+01:00,0.0,1509.0
2020-01-17 12:00:00+01:00,692.0,8063.0
2022-12-09 21:00:00+01:00,1.0,1883.0
2022-11-08 06:00:00+01:00,1.0,13241.0
2022-02-16 23:00:00+01:00,2.0,15797.0
2021-07-25 12:00:00+02:00,3528.0,3310.0
2023-04-09 07:00:00+02:00,123.0,2875.0
2022-12-01 02:00:00+01:00,1.0,3700.0
2020-07-21 06:00:00+02:00,13.0,3772.0
2022-11-23 04:00:00+01:00,1.0,6514.0
2022-09-23 05:00:00+02:00,1.0,543.0
2021-02-07 01:00:00+01:00,0.0,5039.0
2020-09-18 12:00:00+02:00,2381.0,3616.0
2023-02-12 00:00:00+01:00,0.0,3449.0
2020-04-07 11:00:00+02:00,2659.0,1552.0
2020-12-21 10:00:00+01:00,553.0,11154.0
2022-11-30 08:00:00+01:00,138.0,1177.0
2022-03-16 21:00:00+01:00,4.0,4340.0
2021-07-01 02:00:00+02:00,1.0,772.0
2021-11-28 02:00:00+01:00,2.0,8599.0
2023-03-26 21:00:00+02:00,1.0,9476.0
2023-06-27 22:00:00+02:00,1.0,2511.0
2022-10-09 18:00:00+02:00,528.0,1524.0
2023-01-12 21:00:00+01:00,1.0,15303.0
2020-09-05 19:00:00+02:00,326.0,2634.0
2021-09-25 07:00:00+02:00,11.0,1585.0
2021-05-04 01:00:00+02:00,1.0,12273.0
2023-05-23 04:00:00+02:00,1.0,4694.0
2022-08-03 06:00:00+02:00,12.0,849.0
2021-03-12 11:00:00+01:00,2538.0,12489.0
2020-01-21 02:00:00+01:00,0.0,4060.0
2020-02-02 04:00:00+01:00,0.0,7933.0
2020-12-31 05:00:00+01:00,0.0,5272.0
2022-03-30 23:00:00+02:00,4.0,2513.0
2022-08-08 19:00:00+02:00,1234.0,6149.0
2022-11-29 00:00:00+01:00,1.0,2663.0
2021-01-09 23:00:00+01:00,0.0,5141.0
2021-05-02 00:00:00+02:00,1.0,3530.0
2023-05-29 12:00:00+02:00,3825.0,4662.0
2023-03-18 21:00:00+01:00,2.0,4044.0
2023-05-25 20:00:00+02:00,377.0,6744.0
2021-08-06 12:00:00+02:00,3263.0,8727.0
2022-08-23 07:00:00+02:00,144.0,917.0
2021-12-28 20:00:00+01:00,1.0,13313.0
2021-02-18 18:00:00+01:00,10.0,8178.0
2020-05-04 00:00:00+02:00,1.0,659.0
2021-01-19 04:00:00+01:00,0.0,10081.0
2022-04-08 22:00:00+02:00,3.0,8344.0
2020-11-08 02:00:00+01:00,0.0,4269.0
2021-06-08 10:00:00+02:00,3555.0,530.0
2022-08-22 12:00:00+02:00,4398.0,1183.0
2020-05-27 00:00:00+02:00,1.0,5614.0
2021-04-03 22:00:00+02:00,3.0,8375.0
2021-02-15 08:00:00+01:00,221.0,10194.0
2020-06-29 05:00:00+02:00,1.0,2820.0
2021-01-03 02:00:00+01:00,0.0,1540.0
2020-10-20 01:00:00+02:00,0.0,9301.0
2020-12-18 17:00:00+01:00,7.0,7650.0
2020-05-07 15:00:00+02:00,3515.0,545.0
2022-04-26 10:00:00+02:00,4086.0,1898.0
2022-10-15 05:00:00+02:00,1.0,6527.0
2021-10-27 21:00:00+02:00,2.0,3652.0
2020-04-16 07:00:00+02:00,75.0,4436.0
2022-05-13 14:00:00+02:00,5074.0,1458.0
2020-11-14 08:00:00+01:00,261.0,7036.0
2022-07-14 01:00:00+02:00,2.0,1044.0
2020-10-10 01:00:00+02:00,0.0,2772.0
2021-04-02 19:00:00+02:00,370.0,10863.0
2022-10-23 12:00:00+02:00,2206.0,9807.0
2021-01-02 15:00:00+01:00,495.0,1769.0
2022-01-01 11:00:00+01:00,2489.0,4769.0
2021-11-18 23:00:00+01:00,2.0,1089.0
2022-12-11 17:00:00+01:00,11.0,1215.0
2021-10-18 03:00:00+02:00,2.0,2771.0
2023-04-29 04:00:00+02:00,0.0,1321.0
2022-08-21 17:00:00+02:00,2624.0,1468.0
2023-06-06 18:00:00+02:00,2510.0,3104.0
2020-06-21 15:00:00+02:00,3308.0,4434.0
2021-06-14 15:00:00+02:00,4619.0,634.0
2020-07-13 07:00:00+02:00,271.0,2045.0
2022-08-22 00:00:00+02:00,1.0,2065.0
2022-05-18 05:00:00+02:00,1.0,1524.0
2021-08-27 15:00:00+02:00,4149.0,3331.0
2023-02-18 20:00:00+01:00,3.0,7302.0
2020-06-13 22:00:00+02:00,1.0,3047.0
2023-03-10 16:00:00+01:00,1115.0,13320.0
2022-11-09 08:00:00+01:00,194.0,7877.0
2021-06-17 03:00:00+02:00,1.0,5333.0
2021-05-25 07:00:00+02:00,412.0,8984.0
2022-08-25 02:00:00+02:00,1.0,2193.0
2021-03-07 18:00:00+01:00,47.0,1896.0
2021-10-15 00:00:00+02:00,2.0,1398.0
2023-02-27 17:00:00+01:00,709.0,14001.0
2021-04-11 23:00:00+02:00,1.0,3915.0
2022-12-04 07:00:00+01:00,1.0,3389.0
2020-06-12 13:00:00+02:00,2317.0,4233.0
2020-07-06 13:00:00+02:00,3648.0,5373.0
2023-04-24 16:00:00+02:00,3588.0,6158.0
2022-11-22 09:00:00+01:00,1066.0,12367.0
2022-01-30 10:00:00+01:00,1639.0,1147.0
2021-01-05 20:00:00+01:00,0.0,1605.0
2021-08-02 18:00:00+02:00,1983.0,1413.0
2022-11-04 17:00:00+01:00,86.0,6238.0
2021-02-14 04:00:00+01:00,0.0,7064.0
2023-02-09 16:00:00+01:00,2016.0,272.0
2021-06-18 15:00:00+02:00,3816.0,6479.0
2020-06-30 16:00:00+02:00,3047.0,5222.0
2022-03-27 15:00:00+02:00,4598.0,1638.0
2020-06-27 13:00:00+02:00,3208.0,8053.0
2022-08-11 05:00:00+02:00,2.0,4410.0
2020-04-13 15:00:00+02:00,2089.0,8961.0
2022-07-14 05:00:00+02:00,1.0,956.0
2022-04-06 04:00:00+02:00,1.0,5299.0
2020-08-25 06:00:00+02:00,0.0,3937.0
2023-06-26 13:00:00+02:00,6237.0,4095.0
2020-04-10 19:00:00+02:00,438.0,1698.0
2022-02-19 17:00:00+01:00,682.0,13678.0
2020-01-05 23:00:00+01:00,0.0,2125.0
2022-08-30 17:00:00+02:00,2746.0,2053.0
2022-04-10 05:00:00+02:00,1.0,1159.0
2020-08-29 07:00:00+02:00,29.0,2375.0
2020-07-21 15:00:00+02:00,3606.0,2081.0
2021-09-09 10:00:00+02:00,1473.0,1621.0
2022-10-01 16:00:00+02:00,2174.0,10979.0
2020-07-16 02:00:00+02:00,0.0,1648.0
2022-02-19 15:00:00+01:00,2740.0,13152.0
2021-08-29 15:00:00+02:00,4017.0,3369.0
2021-02-20 10:00:00+01:00,1764.0,10992.0
2023-04-06 07:00:00+02:00,76.0,2309.0
2021-12-08 17:00:00+01:00,6.0,4523.0
2022-07-02 03:00:00+02:00,1.0,694.0
2021-01-29 09:00:00+01:00,398.0,13345.0
2022-06-09 03:00:00+02:00,1.0,5024.0
2020-09-09 00:00:00+02:00,0.0,938.0
2020-12-29 10:00:00+01:00,683.0,3995.0
2020-06-10 22:00:00+02:00,1.0,744.0
2021-09-16 02:00:00+02:00,2.0,786.0
2023-04-07 12:00:00+02:00,5940.0,1369.0
2020-01-22 16:00:00+01:00,298.0,3652.0
2020-01-17 01:00:00+01:00,0.0,9452.0
2022-06-24 09:00:00+02:00,1720.0,2254.0
2023-02-16 14:00:00+01:00,4568.0,5577.0
2021-02-23 10:00:00+01:00,1843.0,7235.0
2022-06-19 13:00:00+02:00,5719.0,4365.0
2021-04-27 18:00:00+02:00,975.0,408.0
2021-06-29 23:00:00+02:00,2.0,2276.0
2022-02-01 01:00:00+01:00,2.0,6714.0
2020-05-13 01:00:00+02:00,0.0,3267.0
2021-05-09 23:00:00+02:00,1.0,7073.0
2020-11-20 10:00:00+01:00,1841.0,1595.0
2023-03-05 00:00:00+01:00,2.0,2760.0
2020-01-19 06:00:00+01:00,0.0,5080.0
2021-04-24 17:00:00+02:00,2963.0,4592.0
2020-10-02 19:00:00+02:00,24.0,2936.0
2020-01-08 00:00:00+01:00,0.0,5705.0
2021-03-05 09:00:00+01:00,1308.0,4452.0
2021-05-13 22:00:00+02:00,1.0,2526.0
2020-07-15 18:00:00+02:00,1274.0,2404.0
2022-06-27 06:00:00+02:00,48.0,1211.0
2022-07-02 01:00:00+02:00,3.0,649.0
2021-02-27 15:00:00+01:00,2618.0,8352.0
2020-06-30 09:00:00+02:00,1963.0,3723.0
2021-11-07 09:00:00+01:00,1057.0,4904.0
2021-08-04 14:00:00+02:00,2347.0,896.0
2020-08-14 16:00:00+02:00,3050.0,1868.0
2023-06-10 02:00:00+02:00,0.0,2970.0
2021-08-02 09:00:00+02:00,2137.0,475.0
2021-03-15 00:00:00+01:00,2.0,9679.0
2020-01-29 09:00:00+01:00,479.0,7338.0
2022-01-04 04:00:00+01:00,1.0,7436.0
2022-01-02 07:00:00+01:00,2.0,9644.0
2021-09-22 20:00:00+02:00,3.0,1911.0
2021-09-12 17:00:00+02:00,2640.0,200.0
2023-06-11 11:00:00+02:00,5772.0,604.0
2020-04-29 23:00:00+02:00,1.0,6045.0
2021-09-08 06:00:00+02:00,1.0,5494.0
2021-10-07 06:00:00+02:00,2.0,1439.0
2021-12-10 06:00:00+01:00,1.0,11919.0
2023-04-29 06:00:00+02:00,7.0,1447.0
2020-10-01 11:00:00+02:00,1374.0,5868.0
2021-10-25 09:00:00+02:00,754.0,2368.0
2020-01-20 03:00:00+01:00,0.0,6099.0
2022-04-19 09:00:00+02:00,1992.0,933.0
2023-03-26 16:00:00+02:00,3169.0,9473.0
2021-11-14 01:00:00+01:00,2.0,2264.0
2020-08-01 03:00:00+02:00,0.0,1925.0
2021-06-19 16:00:00+02:00,2609.0,1888.0
2021-08-04 06:00:00+02:00,4.0,839.0
2020-12-08 04:00:00+01:00,0.0,2922.0
2022-07-05 12:00:00+02:00,5907.0,1120.0
2020-10-07 03:00:00+02:00,0.0,8695.0
2021-03-25 04:00:00+01:00,1.0,1906.0
2022-10-06 21:00:00+02:00,1.0,764.0
2020-02-20 01:00:00+01:00,0.0,6142.0
2021-10-16 19:00:00+02:00,8.0,702.0
2022-08-21 11:00:00+02:00,4388.0,744.0
2022-03-04 02:00:00+01:00,4.0,2181.0
2022-12-12 15:00:00+01:00,412.0,2955.0
2020-11-17 05:00:00+01:00,0.0,4106.0
2020-05-21 22:00:00+02:00,2.0,952.0
2022-11-05 14:00:00+01:00,3353.0,3791.0
2023-05-21 20:00:00+02:00,262.0,4452.0
2020-04-23 10:00:00+02:00,1730.0,255.0
2022-10-22 04:00:00+02:00,1.0,5796.0
2023-03-12 01:00:00+01:00,4.0,6075.0
2023-01-19 21:00:00+01:00,1.0,1536.0
2023-05-24 15:00:00+02:00,5210.0,5570.0
2021-10-19 05:00:00+02:00,2.0,6345.0
2022-01-14 02:00:00+01:00,1.0,1415.0
2022-05-11 07:00:00+02:00,388.0,3588.0
2023-02-04 06:00:00+01:00,0.0,2707.0
2022-05-11 01:00:00+02:00,2.0,2838.0
2022-09-04 01:00:00+02:00,1.0,1521.0
2020-10-05 12:00:00+02:00,2168.0,8666.0
2020-04-21 20:00:00+02:00,20.0,3257.0
2023-02-28 01:00:00+01:00,0.0,9052.0
2020-05-16 08:00:00+02:00,866.0,1042.0
2020-05-11 20:00:00+02:00,71.0,9234.0
2023-05-04 12:00:00+02:00,6324.0,4951.0
2022-12-29 08:00:00+01:00,31.0,14057.0
2020-07-21 02:00:00+02:00,0.0,4694.0
2021-09-18 02:00:00+02:00,2.0,1151.0
2022-03-23 01:00:00+01:00,4.0,3763.0
2023-06-04 19:00:00+02:00,1129.0,5590.0
2020-09-21 06:00:00+02:00,0.0,700.0
2022-12-24 09:00:00+01:00,503.0,5162.0
2022-10-23 14:00:00+02:00,2519.0,10552.0
2020-07-24 18:00:00+02:00,1877.0,3100.0
2020-02-14 19:00:00+01:00,0.0,4423.0
2022-07-03 06:00:00+02:00,75.0,1254.0
2023-02-01 01:00:00+01:00,0.0,7166.0
2022-12-08 16:00:00+01:00,78.0,2039.0
2022-06-12 06:00:00+02:00,99.0,2679.0
2020-02-28 05:00:00+01:00,0.0,2655.0
2023-05-30 16:00:00+02:00,5525.0,8721.0
2021-02-07 15:00:00+01:00,1274.0,4024.0
2023-03-28 20:00:00+02:00,13.0,5218.0
2021-09-19 21:00:00+02:00,4.0,2451.0
2022-09-20 21:00:00+02:00,4.0,2782.0
2022-04-03 21:00:00+02:00,3.0,1635.0
2020-12-20 05:00:00+01:00,0.0,4284.0
2020-02-04 20:00:00+01:00,0.0,8283.0
2022-01-03 10:00:00+01:00,1151.0,9374.0
2023-04-15 03:00:00+02:00,0.0,6023.0
2023-06-15 01:00:00+02:00,0.0,3401.0
2022-11-01 01:00:00+01:00,1.0,12128.0
2021-09-15 09:00:00+02:00,721.0,1889.0
2020-04-25 04:00:00+02:00,1.0,1684.0
2022-06-21 19:00:00+02:00,985.0,1512.0
2021-11-25 03:00:00+01:00,2.0,1909.0
2023-05-09 17:00:00+02:00,1946.0,6580.0
2022-11-09 18:00:00+01:00,3.0,4854.0
2020-10-25 10:00:00+01:00,963.0,7606.0
2022-01-02 08:00:00+01:00,22.0,9969.0
2021-03-01 21:00:00+01:00,0.0,4809.0
2021-07-20 15:00:00+02:00,4554.0,1706.0
2021-12-31 03:00:00+01:00,1.0,5910.0
2022-11-12 19:00:00+01:00,1.0,3259.0
2021-04-14 09:00:00+02:00,2132.0,1748.0
2021-02-07 03:00:00+01:00,0.0,5242.0
2022-06-07 11:00:00+02:00,3897.0,4617.0
2020-01-06 13:00:00+01:00,1851.0,3466.0
2020-02-25 14:00:00+01:00,1349.0,11266.0
2021-11-16 23:00:00+01:00,2.0,1581.0
2020-11-07 00:00:00+01:00,0.0,6724.0
2020-01-01 07:00:00+01:00,0.0,2064.0
2020-08-15 01:00:00+02:00,0.0,522.0
2021-07-19 15:00:00+02:00,4723.0,3497.0
2023-03-17 05:00:00+01:00,2.0,6613.0
2022-10-29 14:00:00+02:00,3024.0,5229.0
2021-07-18 13:00:00+02:00,4903.0,4555.0
2021-04-12 20:00:00+02:00,51.0,2265.0
2022-02-26 08:00:00+01:00,857.0,4359.0
2023-06-14 21:00:00+02:00,46.0,3445.0
2021-10-24 22:00:00+02:00,3.0,3396.0
2020-08-15 11:00:00+02:00,2915.0,172.0
2021-04-21 21:00:00+02:00,1.0,5794.0
2020-09-03 21:00:00+02:00,4.0,1784.0
2023-02-26 03:00:00+01:00,0.0,10543.0
2022-03-12 21:00:00+01:00,4.0,9387.0
2021-10-10 19:00:00+02:00,24.0,2562.0
2021-07-11 01:00:00+02:00,2.0,1211.0
2021-06-07 20:00:00+02:00,311.0,1237.0
2020-07-20 05:00:00+02:00,0.0,3054.0
2022-09-26 07:00:00+02:00,11.0,5868.0
2021-06-07 10:00:00+02:00,3109.0,659.0
2020-07-28 21:00:00+02:00,16.0,2924.0
2021-02-24 14:00:00+01:00,3209.0,6074.0
2021-06-25 16:00:00+02:00,3686.0,1405.0
2020-07-25 23:00:00+02:00,2.0,4132.0
2022-07-13 11:00:00+02:00,5322.0,261.0
2022-10-24 05:00:00+02:00,1.0,11892.0
2020-12-03 04:00:00+01:00,0.0,3639.0
2022-12-02 08:00:00+01:00,78.0,1792.0
2021-07-16 15:00:00+02:00,3557.0,4072.0
2020-09-24 01:00:00+02:00,0.0,7179.0
2021-10-05 08:00:00+02:00,180.0,9877.0
2020-09-18 15:00:00+02:00,1818.0,3956.0
2021-08-04 10:00:00+02:00,1275.0,759.0
2022-10-17 10:00:00+02:00,1573.0,5605.0
2021-02-20 23:00:00+01:00,0.0,10809.0
2020-08-29 13:00:00+02:00,2122.0,2718.0
2020-07-19 12:00:00+02:00,3772.0,311.0
2022-11-14 12:00:00+01:00,1384.0,3628.0
2022-03-30 06:00:00+02:00,4.0,1247.0
2020-02-10 04:00:00+01:00,0.0,10040.0
2022-01-17 21:00:00+01:00,1.0,1709.0
2021-08-10 20:00:00+02:00,191.0,569.0
2022-10-18 19:00:00+02:00,6.0,3650.0
2021-01-08 03:00:00+01:00,0.0,1184.0
2023-01-21 00:00:00+01:00,1.0,5912.0
2021-05-06 22:00:00+02:00,3.0,2849.0
2022-05-26 11:00:00+02:00,3342.0,2847.0
2023-01-05 06:00:00+01:00,1.0,7948.0
2021-06-03 20:00:00+02:00,190.0,1125.0
2022-05-30 23:00:00+02:00,1.0,1919.0
2022-09-19 20:00:00+02:00,6.0,2963.0
2020-12-12 07:00:00+01:00,0.0,5044.0
2021-03-05 07:00:00+01:00,37.0,3660.0
2023-06-06 14:00:00+02:00,6019.0,2327.0
2021-05-15 10:00:00+02:00,1264.0,6038.0
2020-05-01 13:00:00+02:00,1341.0,7350.0
2021-03-06 22:00:00+01:00,0.0,4841.0
2020-10-16 23:00:00+02:00,0.0,1195.0
2021-12-25 12:00:00+01:00,1701.0,534.0
2022-11-03 09:00:00+01:00,590.0,9992.0
2020-11-25 09:00:00+01:00,791.0,5665.0
2021-12-10 04:00:00+01:00,1.0,11722.0
2023-05-07 10:00:00+02:00,2795.0,1088.0
2022-09-28 22:00:00+02:00,1.0,2668.0
2020-08-29 08:00:00+02:00,321.0,2140.0
2020-11-19 21:00:00+01:00,0.0,4236.0
2022-08-30 18:00:00+02:00,1712.0,2343.0
2021-02-23 17:00:00+01:00,624.0,7299.0
2022-08-09 04:00:00+02:00,1.0,6076.0
2023-04-10 18:00:00+02:00,1234.0,9273.0
2022-01-31 19:00:00+01:00,2.0,10412.0
2021-04-11 00:00:00+02:00,1.0,4188.0
2020-06-23 06:00:00+02:00,43.0,2417.0
2020-01-05 07:00:00+01:00,0.0,1625.0
2020-12-27 14:00:00+01:00,458.0,10772.0
2021-09-14 03:00:00+02:00,2.0,3370.0
2022-04-05 13:00:00+02:00,4299.0,5333.0
2020-07-25 11:00:00+02:00,3112.0,3015.0
2021-05-12 23:00:00+02:00,1.0,4074.0
2021-11-11 19:00:00+01:00,2.0,823.0
2022-10-19 04:00:00+02:00,1.0,5245.0
2021-10-11 19:00:00+02:00,19.0,2695.0
2020-02-04 12:00:00+01:00,2121.0,11393.0
2022-08-22 17:00:00+02:00,2901.0,1865.0
2023-03-07 00:00:00+01:00,3.0,6646.0
2022-09-29 00:00:00+02:00,1.0,2476.0
2020-09-05 03:00:00+02:00,0.0,2473.0
2021-07-21 09:00:00+02:00,1801.0,530.0
2022-08-14 22:00:00+02:00,3.0,1892.0
2023-03-11 04:00:00+01:00,2.0,3532.0
2023-06-19 03:00:00+02:00,0.0,2681.0
2023-04-16 15:00:00+02:00,5805.0,4169.0
2022-12-06 21:00:00+01:00,1.0,2159.0
2020-05-12 10:00:00+02:00,1886.0,3800.0
2022-11-16 16:00:00+01:00,429.0,10119.0
2020-11-05 17:00:00+01:00,60.0,5635.0
2022-08-20 00:00:00+02:00,3.0,2825.0
2020-12-23 17:00:00+01:00,2.0,12261.0
2022-01-22 12:00:00+01:00,3278.0,1647.0
2021-06-01 17:00:00+02:00,1835.0,2862.0
2021-10-03 15:00:00+02:00,1310.0,7306.0
2021-05-18 08:00:00+02:00,885.0,2578.0
2023-04-29 15:00:00+02:00,3673.0,1178.0
2021-02-05 20:00:00+01:00,0.0,2431.0
2020-06-20 06:00:00+02:00,45.0,465.0
2021-08-04 15:00:00+02:00,2328.0,1035.0
2022-04-24 02:00:00+02:00,1.0,2961.0
2022-01-09 05:00:00+01:00,2.0,11498.0
2023-03-20 18:00:00+01:00,354.0,1470.0
2022-02-01 10:00:00+01:00,1953.0,8997.0
2021-11-29 04:00:00+01:00,2.0,3326.0
2022-05-15 04:00:00+02:00,1.0,3961.0
2022-12-13 10:00:00+01:00,740.0,4569.0
2022-08-01 08:00:00+02:00,1265.0,565.0
2022-03-23 21:00:00+01:00,7.0,2941.0
2021-12-01 03:00:00+01:00,1.0,13550.0
2021-10-27 05:00:00+02:00,2.0,2107.0
2021-12-05 23:00:00+01:00,1.0,4461.0
2020-08-22 07:00:00+02:00,69.0,4867.0
2022-12-02 17:00:00+01:00,11.0,3758.0
2022-05-20 04:00:00+02:00,1.0,2830.0
2020-07-25 02:00:00+02:00,0.0,1457.0
2022-07-27 13:00:00+02:00,5539.0,1386.0
2021-05-31 16:00:00+02:00,3735.0,2501.0
2022-11-24 16:00:00+01:00,233.0,9067.0
2021-01-13 04:00:00+01:00,0.0,3202.0
2022-06-08 04:00:00+02:00,1.0,3087.0
2023-01-26 06:00:00+01:00,1.0,2275.0
2021-11-02 16:00:00+01:00,417.0,1453.0
2022-11-11 18:00:00+01:00,2.0,3650.0
2021-12-12 23:00:00+01:00,1.0,1786.0
2021-03-24 15:00:00+01:00,3568.0,1617.0
2021-12-12 00:00:00+01:00,1.0,5412.0
2021-09-19 13:00:00+02:00,3177.0,2343.0
2020-09-03 14:00:00+02:00,3763.0,3038.0
2023-05-04 15:00:00+02:00,6139.0,5368.0
2020-10-28 04:00:00+01:00,0.0,7804.0
2022-03-03 14:00:00+01:00,3165.0,398.0
2023-04-16 14:00:00+02:00,6146.0,3967.0
2022-10-16 21:00:00+02:00,1.0,8031.0
2020-05-03 17:00:00+02:00,2209.0,1337.0
2021-04-18 17:00:00+02:00,2220.0,1746.0
2022-09-08 03:00:00+02:00,1.0,3963.0
2022-01-25 09:00:00+01:00,814.0,237.0
2022-05-12 15:00:00+02:00,4173.0,1860.0
2021-12-23 16:00:00+01:00,212.0,5194.0
2021-03-22 01:00:00+01:00,1.0,5185.0
2023-02-18 01:00:00+01:00,0.0,5484.0
2021-05-20 12:00:00+02:00,4463.0,4156.0
2020-06-18 16:00:00+02:00,2698.0,2568.0
2021-05-25 06:00:00+02:00,42.0,9321.0
2021-06-29 05:00:00+02:00,1.0,1349.0
2020-11-14 14:00:00+01:00,1941.0,7197.0
2021-07-17 22:00:00+02:00,4.0,4318.0
2021-05-31 21:00:00+02:00,24.0,3167.0
2022-03-29 18:00:00+02:00,649.0,1454.0
2022-05-28 01:00:00+02:00,1.0,3418.0
2022-01-18 17:00:00+01:00,53.0,2794.0
2020-07-18 11:00:00+02:00,3454.0,718.0
2022-12-15 03:00:00+01:00,1.0,3462.0
2021-12-22 23:00:00+01:00,1.0,5747.0
2023-02-25 05:00:00+01:00,0.0,3835.0
2022-05-28 22:00:00+02:00,3.0,6657.0
2022-01-22 02:00:00+01:00,2.0,3244.0
2020-01-20 22:00:00+01:00,0.0,4957.0
2022-06-15 15:00:00+02:00,5415.0,774.0
2020-12-31 21:00:00+01:00,0.0,1259.0
2020-06-24 05:00:00+02:00,1.0,4322.0
2021-04-26 13:00:00+02:00,2326.0,7317.0
2021-04-16 15:00:00+02:00,3351.0,5936.0
2022-09-18 21:00:00+02:00,4.0,4297.0
2022-03-21 09:00:00+01:00,2211.0,3159.0
2021-05-05 16:00:00+02:00,3212.0,7834.0
2022-11-24 03:00:00+01:00,1.0,11431.0
2022-04-10 22:00:00+02:00,3.0,6715.0
2022-08-04 09:00:00+02:00,2244.0,971.0
2021-08-01 05:00:00+02:00,2.0,2319.0
2021-06-18 08:00:00+02:00,1089.0,2615.0
2022-01-08 14:00:00+01:00,1358.0,14597.0
2020-10-28 23:00:00+01:00,0.0,11025.0
2020-01-27 23:00:00+01:00,0.0,11828.0
2020-02-10 10:00:00+01:00,833.0,12213.0
2020-07-27 10:00:00+02:00,2724.0,3949.0
2020-11-30 05:00:00+01:00,0.0,1302.0
2022-06-26 00:00:00+02:00,1.0,2668.0
2021-12-05 20:00:00+01:00,1.0,5718.0
2020-11-08 16:00:00+01:00,510.0,1693.0
2022-05-20 01:00:00+02:00,1.0,2830.0
2022-12-09 12:00:00+01:00,1634.0,2026.0
2022-02-05 00:00:00+01:00,2.0,5195.0
2022-07-10 19:00:00+02:00,1635.0,4519.0
2020-10-01 12:00:00+02:00,1774.0,6387.0
2020-02-12 01:00:00+01:00,0.0,9281.0
2021-10-08 19:00:00+02:00,33.0,4282.0
2021-05-13 20:00:00+02:00,148.0,1853.0
2020-07-29 10:00:00+02:00,2629.0,217.0
2020-07-17 07:00:00+02:00,192.0,1499.0
2020-07-20 21:00:00+02:00,18.0,3880.0
2022-08-27 15:00:00+02:00,4909.0,1831.0
2023-03-06 12:00:00+01:00,4105.0,1871.0
2022-01-31 02:00:00+01:00,2.0,9639.0
2020-06-14 10:00:00+02:00,2549.0,1984.0
2020-01-14 14:00:00+01:00,1358.0,12723.0
2021-04-13 18:00:00+02:00,1653.0,2734.0
2023-06-04 05:00:00+02:00,2.0,5700.0
2021-01-25 06:00:00+01:00,0.0,5629.0
2021-06-18 03:00:00+02:00,1.0,3929.0
2020-08-26 22:00:00+02:00,2.0,2088.0
2023-03-31 18:00:00+02:00,761.0,9456.0
2023-03-29 06:00:00+02:00,1.0,4503.0
2021-06-04 23:00:00+02:00,1.0,2210.0
2023-01-12 15:00:00+01:00,1068.0,15709.0
2022-05-05 15:00:00+02:00,3879.0,2145.0
2020-05-02 10:00:00+02:00,1359.0,4415.0
2020-08-16 17:00:00+02:00,2050.0,1783.0
2020-12-29 06:00:00+01:00,0.0,4883.0
2022-08-07 09:00:00+02:00,3079.0,3177.0
2022-09-08 15:00:00+02:00,4078.0,8340.0
2021-07-08 09:00:00+02:00,1769.0,949.0
2021-08-21 23:00:00+02:00,3.0,2250.0
2023-04-12 03:00:00+02:00,0.0,11475.0
2020-12-02 19:00:00+01:00,0.0,1781.0
2022-11-05 03:00:00+01:00,0.0,2801.0
2020-08-17 22:00:00+02:00,0.0,1278.0
2022-05-17 09:00:00+02:00,3186.0,1032.0
2022-12-23 13:00:00+01:00,1659.0,15237.0
2021-11-09 03:00:00+01:00,1.0,1834.0
2022-09-23 10:00:00+02:00,2624.0,607.0
2023-04-19 03:00:00+02:00,0.0,7754.0
2022-04-24 06:00:00+02:00,2.0,2789.0
2021-02-19 10:00:00+01:00,1544.0,5405.0
2021-03-29 22:00:00+02:00,4.0,2447.0
2020-09-01 05:00:00+02:00,0.0,1047.0
2022-05-01 22:00:00+02:00,3.0,2919.0
2021-09-04 14:00:00+02:00,3968.0,284.0
2021-12-07 08:00:00+01:00,104.0,5327.0
2021-11-22 02:00:00+01:00,2.0,6902.0
2022-05-27 15:00:00+02:00,5096.0,2936.0
2022-07-23 15:00:00+02:00,5461.0,1042.0
2022-02-14 20:00:00+01:00,2.0,6400.0
2021-07-23 22:00:00+02:00,1.0,5708.0
2020-05-25 12:00:00+02:00,3835.0,1943.0
2022-06-29 20:00:00+02:00,332.0,1541.0
2022-08-02 21:00:00+02:00,14.0,912.0
2023-02-06 22:00:00+01:00,0.0,7488.0
2021-09-10 01:00:00+02:00,2.0,2454.0
2020-02-11 22:00:00+01:00,0.0,9499.0
2021-03-14 23:00:00+01:00,3.0,9666.0
2021-07-05 12:00:00+02:00,3869.0,3674.0
2020-07-14 06:00:00+02:00,26.0,1385.0
2023-02-24 23:00:00+01:00,0.0,3907.0
2021-07-01 01:00:00+02:00,1.0,840.0
2021-05-19 17:00:00+02:00,2819.0,6704.0
2022-06-26 10:00:00+02:00,2479.0,746.0
2022-03-28 23:00:00+02:00,4.0,2995.0
2021-07-16 11:00:00+02:00,3321.0,3436.0
2021-07-30 22:00:00+02:00,1.0,7025.0
2021-10-21 02:00:00+02:00,2.0,12936.0
2020-11-16 03:00:00+01:00,0.0,9310.0
2021-09-19 00:00:00+02:00,2.0,3505.0
2020-01-06 14:00:00+01:00,1593.0,3468.0
2020-12-10 04:00:00+01:00,0.0,5084.0
2023-02-05 13:00:00+01:00,3291.0,10600.0
2022-03-22 22:00:00+01:00,6.0,4124.0
2021-03-13 11:00:00+01:00,2375.0,14451.0
2020-06-19 15:00:00+02:00,3068.0,2418.0
2023-05-20 07:00:00+02:00,484.0,6033.0
2020-06-13 08:00:00+02:00,686.0,2209.0
2022-02-06 23:00:00+01:00,2.0,15310.0
2021-08-23 15:00:00+02:00,4018.0,3875.0
2021-08-13 08:00:00+02:00,737.0,715.0
2021-02-04 14:00:00+01:00,1057.0,1997.0
2021-04-05 01:00:00+02:00,1.0,3062.0
2020-11-07 22:00:00+01:00,0.0,4431.0
2021-07-24 23:00:00+02:00,1.0,2239.0
2022-10-08 10:00:00+02:00,1754.0,1028.0
2023-03-12 12:00:00+01:00,4251.0,9262.0
2023-06-23 17:00:00+02:00,4819.0,1766.0
2022-05-26 04:00:00+02:00,1.0,3645.0
2020-01-14 04:00:00+01:00,0.0,12270.0
2020-01-07 02:00:00+01:00,0.0,4496.0
2023-01-13 13:00:00+01:00,2885.0,14494.0
2021-10-21 13:00:00+02:00,2948.0,11548.0
2021-10-05 16:00:00+02:00,1586.0,10973.0
2022-03-14 21:00:00+01:00,4.0,6063.0
2020-12-05 05:00:00+01:00,0.0,4719.0
2020-09-27 13:00:00+02:00,1937.0,11535.0
2021-03-25 06:00:00+01:00,8.0,1676.0
2022-11-05 10:00:00+01:00,3236.0,3062.0
2022-02-23 23:00:00+01:00,1.0,3196.0
2021-09-16 06:00:00+02:00,2.0,642.0
2021-03-07 07:00:00+01:00,44.0,1644.0
2023-05-21 21:00:00+02:00,10.0,4435.0
2021-06-08 14:00:00+02:00,4217.0,552.0
2023-02-04 17:00:00+01:00,265.0,2710.0
2021-09-02 07:00:00+02:00,68.0,5940.0
2020-02-04 03:00:00+01:00,0.0,10608.0
2020-08-04 23:00:00+02:00,2.0,1334.0
2022-07-30 11:00:00+02:00,4941.0,830.0
2021-10-19 23:00:00+02:00,2.0,10833.0
2020-06-25 06:00:00+02:00,47.0,3464.0
2021-04-13 08:00:00+02:00,846.0,2767.0
2023-01-15 21:00:00+01:00,1.0,14949.0
2021-04-24 21:00:00+02:00,3.0,7505.0
2022-03-20 02:00:00+01:00,4.0,5901.0
2022-01-24 14:00:00+01:00,3542.0,308.0
2021-09-27 22:00:00+02:00,3.0,2761.0
2023-06-16 07:00:00+02:00,785.0,718.0
2020-06-09 15:00:00+02:00,2637.0,2678.0
2021-09-26 06:00:00+02:00,2.0,2237.0
2023-02-28 15:00:00+01:00,2605.0,7596.0
2022-02-17 03:00:00+01:00,1.0,15510.0
2023-01-02 19:00:00+01:00,1.0,4677.0
2021-10-09 07:00:00+02:00,3.0,2625.0
2022-06-26 15:00:00+02:00,2989.0,1228.0
2021-01-08 17:00:00+01:00,30.0,573.0
2020-05-14 23:00:00+02:00,0.0,8582.0
2023-02-07 18:00:00+01:00,3.0,5021.0
2021-09-15 22:00:00+02:00,2.0,1128.0
2021-12-03 21:00:00+01:00,1.0,10474.0
2022-08-03 09:00:00+02:00,2891.0,296.0
2020-05-15 09:00:00+02:00,1658.0,3757.0
2021-12-19 05:00:00+01:00,1.0,3306.0
2022-10-05 12:00:00+02:00,4778.0,9472.0
2022-09-29 04:00:00+02:00,1.0,1714.0
2022-05-22 18:00:00+02:00,1703.0,1315.0
2023-01-18 01:00:00+01:00,1.0,4655.0
2021-11-06 11:00:00+01:00,3351.0,2016.0
2022-08-17 12:00:00+02:00,3290.0,863.0
2021-09-09 21:00:00+02:00,2.0,2738.0
2022-12-17 23:00:00+01:00,1.0,3504.0
2022-07-15 09:00:00+02:00,3114.0,1931.0
2020-10-01 21:00:00+02:00,0.0,4169.0
2022-03-22 19:00:00+01:00,12.0,3314.0
2021-11-27 09:00:00+01:00,493.0,7704.0
2021-07-27 21:00:00+02:00,17.0,3072.0
2021-10-08 18:00:00+02:00,637.0,3856.0
2022-10-20 00:00:00+02:00,1.0,6052.0
2020-02-12 03:00:00+01:00,0.0,9085.0
2022-10-05 22:00:00+02:00,3.0,6629.0
2022-12-17 13:00:00+01:00,3097.0,1614.0
2021-01-29 14:00:00+01:00,1638.0,13785.0
2022-10-27 00:00:00+02:00,1.0,6731.0
2020-02-13 02:00:00+01:00,0.0,8765.0
2020-11-11 10:00:00+01:00,1872.0,1316.0
2020-05-05 14:00:00+02:00,3126.0,3775.0
2020-01-30 00:00:00+01:00,0.0,5372.0
2021-11-19 04:00:00+01:00,2.0,1126.0
2021-11-09 08:00:00+01:00,395.0,1811.0
2020-07-04 08:00:00+02:00,1122.0,4693.0
2022-10-18 22:00:00+02:00,1.0,5525.0
2022-10-16 19:00:00+02:00,4.0,5673.0
2020-04-01 11:00:00+02:00,2700.0,2134.0
2021-10-30 19:00:00+02:00,2.0,4377.0
2021-03-13 23:00:00+01:00,3.0,11272.0
2022-08-19 11:00:00+02:00,3431.0,2662.0
2020-05-27 06:00:00+02:00,34.0,3396.0
2021-12-19 23:00:00+01:00,1.0,3287.0
2020-06-17 17:00:00+02:00,2111.0,1549.0
2020-09-17 20:00:00+02:00,1.0,7442.0
2021-11-03 14:00:00+01:00,1873.0,2646.0
2023-03-14 04:00:00+01:00,1.0,15401.0
2023-03-17 00:00:00+01:00,5.0,8592.0
2021-12-25 00:00:00+01:00,1.0,3099.0
2021-12-31 08:00:00+01:00,49.0,5730.0
2021-07-13 08:00:00+02:00,731.0,2808.0
2023-04-13 17:00:00+02:00,2932.0,6321.0
2020-12-12 18:00:00+01:00,0.0,6186.0
2021-07-05 13:00:00+02:00,4175.0,4028.0
2023-04-14 04:00:00+02:00,0.0,4381.0
2022-12-18 21:00:00+01:00,1.0,11300.0
2021-07-15 05:00:00+02:00,1.0,7285.0
2022-01-20 10:00:00+01:00,1283.0,2901.0
2023-02-08 20:00:00+01:00,0.0,2978.0
2020-04-19 16:00:00+02:00,938.0,2468.0
2021-12-11 20:00:00+01:00,1.0,4407.0
2022-08-19 10:00:00+02:00,2832.0,2519.0
2022-06-28 02:00:00+02:00,1.0,1494.0
2020-09-19 06:00:00+02:00,0.0,4097.0
2023-03-09 22:00:00+01:00,2.0,15543.0
2020-12-08 13:00:00+01:00,1310.0,1610.0
2023-03-16 04:00:00+01:00,2.0,7336.0
2022-12-09 23:00:00+01:00,1.0,1373.0
2020-02-28 21:00:00+01:00,0.0,11223.0
2022-08-15 13:00:00+02:00,4606.0,3107.0
2022-01-10 08:00:00+01:00,28.0,1296.0
2022-02-14 15:00:00+01:00,1371.0,7110.0
2022-05-05 06:00:00+02:00,8.0,1704.0
2020-08-14 04:00:00+02:00,0.0,2000.0
2021-01-15 11:00:00+01:00,1474.0,5241.0
2020-09-28 20:00:00+02:00,0.0,4243.0
2020-09-07 03:00:00+02:00,0.0,1660.0
2023-05-29 11:00:00+02:00,3580.0,3946.0
2020-06-30 23:00:00+02:00,2.0,2953.0
2022-03-19 17:00:00+01:00,1038.0,8269.0
2020-12-19 03:00:00+01:00,0.0,10993.0
2021-09-19 08:00:00+02:00,363.0,3133.0
2020-10-02 23:00:00+02:00,0.0,3185.0
2020-01-08 12:00:00+01:00,1597.0,3430.0
2021-07-02 18:00:00+02:00,1800.0,470.0
2020-10-28 03:00:00+01:00,0.0,7525.0
2021-06-07 11:00:00+02:00,3572.0,728.0
2023-02-12 11:00:00+01:00,4687.0,2010.0
2020-09-20 21:00:00+02:00,1.0,2422.0
2020-01-20 13:00:00+01:00,1933.0,5289.0
2023-04-26 21:00:00+02:00,4.0,1190.0
2023-05-27 17:00:00+02:00,4249.0,1956.0
2020-05-01 06:00:00+02:00,1.0,6566.0
2020-02-12 19:00:00+01:00,0.0,3310.0
2021-09-09 02:00:00+02:00,2.0,2648.0
2021-01-21 05:00:00+01:00,1.0,10744.0
2020-02-29 07:00:00+01:00,6.0,13095.0
2021-10-08 14:00:00+02:00,4489.0,3666.0
2022-03-18 11:00:00+01:00,2877.0,9638.0
2021-08-05 21:00:00+02:00,8.0,7269.0
2021-08-31 21:00:00+02:00,2.0,5666.0
2021-08-08 14:00:00+02:00,3236.0,6273.0
2022-02-06 18:00:00+01:00,2.0,16098.0
2021-02-01 02:00:00+01:00,0.0,5205.0
2021-04-18 08:00:00+02:00,822.0,2163.0
2022-09-05 07:00:00+02:00,72.0,2668.0
2021-01-18 03:00:00+01:00,0.0,2190.0
2020-02-19 16:00:00+01:00,1148.0,4367.0
2021-03-08 11:00:00+01:00,2760.0,1739.0
2023-01-30 11:00:00+01:00,2882.0,5929.0
2023-01-29 14:00:00+01:00,3109.0,1348.0
2020-12-27 02:00:00+01:00,0.0,13291.0
2020-07-23 05:00:00+02:00,1.0,1359.0
2020-05-17 15:00:00+02:00,3268.0,1512.0
2021-06-27 17:00:00+02:00,1787.0,1661.0
2022-03-04 19:00:00+01:00,6.0,3307.0
2023-02-17 05:00:00+01:00,0.0,7510.0
2021-10-15 23:00:00+02:00,2.0,1601.0
2020-07-05 14:00:00+02:00,3295.0,7181.0
2021-04-25 04:00:00+02:00,1.0,8070.0
2021-02-26 00:00:00+01:00,0.0,2045.0
2022-05-31 16:00:00+02:00,4406.0,2986.0
2021-08-02 22:00:00+02:00,3.0,840.0
2021-05-10 09:00:00+02:00,1308.0,7102.0
2020-07-10 20:00:00+02:00,228.0,3609.0
2021-10-05 12:00:00+02:00,2240.0,9583.0
2023-03-01 11:00:00+01:00,5387.0,6917.0
2021-02-08 14:00:00+01:00,1046.0,1092.0
2020-05-19 12:00:00+02:00,3955.0,1615.0
2022-10-27 05:00:00+02:00,1.0,7106.0
2020-08-31 14:00:00+02:00,3088.0,1538.0
2020-10-01 04:00:00+02:00,0.0,4925.0
2020-02-24 01:00:00+01:00,0.0,3794.0
2021-08-16 08:00:00+02:00,694.0,5011.0
2022-06-16 06:00:00+02:00,105.0,1705.0
2020-01-27 11:00:00+01:00,788.0,8142.0
2020-12-28 04:00:00+01:00,0.0,6564.0
2021-12-31 23:00:00+01:00,1.0,3149.0
2023-01-30 13:00:00+01:00,3535.0,5872.0
2021-02-10 14:00:00+01:00,2099.0,6222.0
2021-09-27 04:00:00+02:00,2.0,4238.0
2021-09-26 16:00:00+02:00,2321.0,2669.0
2022-08-16 21:00:00+02:00,2.0,1384.0
2022-07-04 21:00:00+02:00,44.0,2887.0
2021-04-28 21:00:00+02:00,1.0,2688.0
2020-08-21 11:00:00+02:00,2624.0,6483.0
2021-04-17 15:00:00+02:00,2695.0,5207.0
2020-12-25 17:00:00+01:00,11.0,5515.0
2021-06-18 23:00:00+02:00,1.0,3343.0
2022-04-12 18:00:00+02:00,1162.0,3857.0
2021-09-12 09:00:00+02:00,1885.0,470.0
2022-12-06 13:00:00+01:00,2185.0,1030.0
2022-09-08 14:00:00+02:00,4263.0,8289.0
2021-11-25 22:00:00+01:00,2.0,2765.0
2021-11-24 13:00:00+01:00,1278.0,1471.0
2021-02-07 11:00:00+01:00,1094.0,4589.0
2020-07-19 03:00:00+02:00,1.0,872.0
2021-06-03 13:00:00+02:00,3488.0,804.0
2023-06-18 07:00:00+02:00,631.0,2017.0
2022-09-29 08:00:00+02:00,300.0,1243.0
2020-06-10 06:00:00+02:00,42.0,1156.0
2022-02-24 18:00:00+01:00,42.0,10496.0
2021-09-26 23:00:00+02:00,2.0,2974.0
2022-02-18 15:00:00+01:00,1958.0,12992.0
2021-01-11 19:00:00+01:00,0.0,6796.0
2020-10-21 16:00:00+02:00,1071.0,12421.0
2020-01-02 05:00:00+01:00,0.0,1769.0
2022-11-01 18:00:00+01:00,4.0,11009.0
2021-12-23 03:00:00+01:00,1.0,6178.0
2021-11-23 16:00:00+01:00,307.0,6907.0
2022-10-15 14:00:00+02:00,3635.0,8070.0
2020-10-04 23:00:00+02:00,0.0,11012.0
2020-06-20 02:00:00+02:00,0.0,740.0
2021-05-11 17:00:00+02:00,2401.0,6332.0
2022-05-04 11:00:00+02:00,4190.0,455.0
2021-08-09 02:00:00+02:00,2.0,2862.0
2020-07-02 20:00:00+02:00,276.0,4390.0
2021-11-26 13:00:00+01:00,1723.0,9980.0
2021-08-10 01:00:00+02:00,3.0,1062.0
2020-07-31 01:00:00+02:00,0.0,4881.0
2022-06-08 01:00:00+02:00,1.0,3163.0
2020-05-21 04:00:00+02:00,0.0,1735.0
2021-04-24 14:00:00+02:00,4663.0,4034.0
2023-06-20 17:00:00+02:00,2817.0,4329.0
2020-04-18 21:00:00+02:00,2.0,1202.0
2022-06-17 08:00:00+02:00,1715.0,2070.0
2020-02-10 00:00:00+01:00,0.0,10969.0
2020-02-11 00:00:00+01:00,0.0,12998.0
2021-05-23 01:00:00+02:00,1.0,6024.0
2023-01-08 06:00:00+01:00,1.0,10735.0
2023-06-28 17:00:00+02:00,4343.0,839.0
2022-11-05 13:00:00+01:00,3795.0,3598.0
2021-07-17 18:00:00+02:00,2442.0,3926.0
2022-11-21 06:00:00+01:00,1.0,5134.0
2021-07-13 16:00:00+02:00,2476.0,5404.0
2023-01-22 14:00:00+01:00,1900.0,4510.0
2023-03-05 15:00:00+01:00,4525.0,694.0
2021-11-21 03:00:00+01:00,2.0,490.0
2021-01-24 18:00:00+01:00,2.0,7407.0
2022-06-28 21:00:00+02:00,65.0,1542.0
2023-04-26 17:00:00+02:00,2365.0,690.0
2020-11-06 18:00:00+01:00,1.0,6788.0
2021-12-29 18:00:00+01:00,2.0,13665.0
2020-08-01 19:00:00+02:00,549.0,3919.0
2020-12-13 22:00:00+01:00,0.0,9453.0
2022-09-08 16:00:00+02:00,3490.0,8153.0
2021-09-06 13:00:00+02:00,4732.0,917.0
2020-06-04 05:00:00+02:00,0.0,2777.0
2020-06-13 10:00:00+02:00,1555.0,2501.0
2022-08-20 11:00:00+02:00,4295.0,974.0
2022-03-07 05:00:00+01:00,4.0,6872.0
2023-01-31 01:00:00+01:00,1.0,1945.0
2023-01-29 11:00:00+01:00,2992.0,739.0
2020-02-22 11:00:00+01:00,3028.0,9263.0
2023-06-20 06:00:00+02:00,116.0,3619.0
2023-06-08 22:00:00+02:00,1.0,4845.0
2023-03-20 08:00:00+01:00,1798.0,2644.0
2020-09-26 17:00:00+02:00,787.0,9346.0
2020-12-19 11:00:00+01:00,701.0,10085.0
2023-06-28 08:00:00+02:00,1814.0,1042.0
2021-07-28 02:00:00+02:00,1.0,3484.0
2021-02-24 17:00:00+01:00,662.0,4526.0
2023-04-12 02:00:00+02:00,0.0,11754.0
2021-06-16 04:00:00+02:00,1.0,1283.0
2022-09-27 00:00:00+02:00,2.0,6832.0
2021-04-09 17:00:00+02:00,1323.0,4899.0
2020-09-04 10:00:00+02:00,2636.0,630.0
2020-07-19 01:00:00+02:00,1.0,1373.0
2020-11-26 02:00:00+01:00,0.0,2649.0
2021-06-27 15:00:00+02:00,2393.0,1499.0
2022-07-05 09:00:00+02:00,3256.0,736.0
2022-12-08 06:00:00+01:00,1.0,1183.0
2021-05-02 10:00:00+02:00,3323.0,739.0
2021-01-08 06:00:00+01:00,0.0,1054.0
2021-10-28 00:00:00+02:00,2.0,4303.0
2021-01-27 01:00:00+01:00,0.0,6101.0
2021-04-15 08:00:00+02:00,877.0,3781.0
2022-09-01 18:00:00+02:00,1728.0,1165.0
2023-05-10 11:00:00+02:00,4820.0,5508.0
2021-09-26 22:00:00+02:00,2.0,2812.0
2021-01-26 03:00:00+01:00,0.0,4261.0
2020-02-29 13:00:00+01:00,1095.0,12558.0
2022-03-30 18:00:00+02:00,765.0,2314.0
2020-11-08 14:00:00+01:00,1709.0,1512.0
2022-12-27 17:00:00+01:00,18.0,6777.0
2021-03-22 16:00:00+01:00,2405.0,2859.0
2020-06-25 22:00:00+02:00,0.0,3551.0
2020-09-17 18:00:00+02:00,848.0,6303.0
2021-03-15 19:00:00+01:00,5.0,6314.0
2021-10-08 15:00:00+02:00,4000.0,3935.0
2020-04-06 03:00:00+02:00,0.0,8013.0
2022-07-05 14:00:00+02:00,6019.0,1554.0
2022-11-09 04:00:00+01:00,1.0,8520.0
2022-03-06 13:00:00+01:00,4471.0,4926.0
2020-08-02 08:00:00+02:00,620.0,2603.0
2022-07-25 04:00:00+02:00,1.0,2815.0
2020-11-16 12:00:00+01:00,1955.0,6696.0
2022-06-30 12:00:00+02:00,2860.0,1168.0
2022-01-23 08:00:00+01:00,86.0,2226.0
2020-11-14 00:00:00+01:00,0.0,4448.0
2021-06-24 08:00:00+02:00,954.0,1362.0
2021-11-18 07:00:00+01:00,7.0,1541.0
2022-12-29 01:00:00+01:00,1.0,14826.0
2020-04-08 03:00:00+02:00,0.0,2664.0
2023-02-16 08:00:00+01:00,464.0,4414.0
2021-11-12 05:00:00+01:00,2.0,1829.0
2021-07-18 03:00:00+02:00,1.0,5003.0
2022-08-29 21:00:00+02:00,2.0,4905.0
2022-09-03 06:00:00+02:00,1.0,1420.0
2023-05-29 04:00:00+02:00,0.0,8571.0
2021-01-01 07:00:00+01:00,0.0,1061.0
2021-05-23 03:00:00+02:00,1.0,6192.0
2023-05-18 03:00:00+02:00,0.0,6545.0
2021-12-27 07:00:00+01:00,2.0,6222.0
2021-05-09 18:00:00+02:00,725.0,9855.0
2022-01-07 23:00:00+01:00,2.0,10009.0
2022-09-27 13:00:00+02:00,3476.0,9701.0
2020-04-04 02:00:00+02:00,1.0,1164.0
2022-07-10 10:00:00+02:00,4711.0,2596.0
2020-12-01 22:00:00+01:00,0.0,6617.0
2020-07-17 02:00:00+02:00,1.0,1734.0
2021-01-19 13:00:00+01:00,2639.0,8849.0
2020-01-06 19:00:00+01:00,1.0,5724.0
2023-06-11 23:00:00+02:00,0.0,1898.0
2020-10-17 07:00:00+02:00,0.0,773.0
2021-02-18 10:00:00+01:00,708.0,10416.0
2021-05-30 09:00:00+02:00,2325.0,1632.0
2022-05-10 18:00:00+02:00,2541.0,3691.0
2021-03-08 08:00:00+01:00,602.0,2980.0
2020-05-04 22:00:00+02:00,3.0,5980.0
2021-01-19 02:00:00+01:00,0.0,8961.0
2021-02-13 14:00:00+01:00,1965.0,7855.0
2023-02-25 16:00:00+01:00,1103.0,7848.0
2023-01-07 16:00:00+01:00,322.0,14478.0
2021-06-17 13:00:00+02:00,2366.0,2457.0
2023-04-26 04:00:00+02:00,0.0,2657.0
2022-12-31 14:00:00+01:00,1997.0,14952.0
2020-10-29 13:00:00+01:00,2147.0,6423.0
2022-11-05 16:00:00+01:00,973.0,4193.0
2020-06-22 10:00:00+02:00,2654.0,1030.0
2020-09-24 23:00:00+02:00,0.0,9417.0
2021-01-05 00:00:00+01:00,0.0,2607.0
2022-03-17 03:00:00+01:00,4.0,5510.0
2021-09-16 03:00:00+02:00,2.0,695.0
2022-09-21 19:00:00+02:00,201.0,1660.0
2022-05-07 17:00:00+02:00,3177.0,2910.0
2021-07-27 01:00:00+02:00,1.0,1557.0
2020-08-20 00:00:00+02:00,1.0,4751.0
2020-07-03 14:00:00+02:00,3206.0,3966.0
2020-12-17 11:00:00+01:00,847.0,4010.0
2020-11-26 15:00:00+01:00,920.0,1269.0
2021-03-29 06:00:00+02:00,1.0,3538.0
2022-05-31 06:00:00+02:00,50.0,711.0
2020-05-06 10:00:00+02:00,2840.0,1148.0
2020-08-05 08:00:00+02:00,895.0,1432.0
2020-09-16 06:00:00+02:00,0.0,527.0
2022-06-27 05:00:00+02:00,1.0,1222.0
2021-08-27 05:00:00+02:00,2.0,2857.0
2022-08-07 04:00:00+02:00,2.0,6320.0
2021-04-16 03:00:00+02:00,1.0,5351.0
2023-03-12 15:00:00+01:00,3211.0,9850.0
2023-01-15 19:00:00+01:00,1.0,14812.0
2020-07-23 01:00:00+02:00,0.0,2394.0
2022-01-26 00:00:00+01:00,2.0,288.0
2020-01-09 16:00:00+01:00,325.0,10111.0
2023-06-15 07:00:00+02:00,679.0,1895.0
2022-01-14 09:00:00+01:00,704.0,798.0
2021-10-10 01:00:00+02:00,2.0,2259.0
2021-03-03 22:00:00+01:00,0.0,1361.0
2020-05-19 13:00:00+02:00,4028.0,1781.0
2021-09-08 22:00:00+02:00,3.0,2854.0
2020-05-18 19:00:00+02:00,820.0,2549.0
2020-11-02 04:00:00+01:00,0.0,10145.0
2022-07-04 02:00:00+02:00,3.0,3068.0
2021-04-02 12:00:00+02:00,4042.0,6450.0
2021-12-01 11:00:00+01:00,1158.0,11466.0
2022-05-22 12:00:00+02:00,4918.0,1016.0
2023-06-29 17:00:00+02:00,3024.0,3271.0
2023-02-24 07:00:00+01:00,10.0,4898.0
2023-03-11 16:00:00+01:00,1496.0,3938.0
2021-08-03 16:00:00+02:00,2096.0,1844.0
2021-09-06 16:00:00+02:00,3678.0,940.0
2020-05-30 14:00:00+02:00,3754.0,3121.0
2020-11-05 04:00:00+01:00,0.0,4527.0
2021-05-21 06:00:00+02:00,32.0,8568.0
2021-06-30 15:00:00+02:00,3385.0,2215.0
2021-10-21 14:00:00+02:00,2836.0,10771.0
2023-03-05 02:00:00+01:00,2.0,2303.0
2021-09-01 04:00:00+02:00,1.0,5354.0
2022-06-24 08:00:00+02:00,980.0,2033.0
2020-06-01 01:00:00+02:00,0.0,5657.0
2022-01-27 05:00:00+01:00,2.0,2780.0
2020-05-23 14:00:00+02:00,2163.0,6183.0
2023-01-01 10:00:00+01:00,1000.0,10362.0
2021-10-07 13:00:00+02:00,4450.0,1493.0
2022-04-26 13:00:00+02:00,5715.0,2219.0
2020-05-08 23:00:00+02:00,0.0,2456.0
2021-06-27 05:00:00+02:00,1.0,2407.0
2021-11-08 03:00:00+01:00,2.0,2417.0
2021-07-25 21:00:00+02:00,22.0,2110.0
2021-09-12 13:00:00+02:00,4664.0,89.0
2020-04-13 23:00:00+02:00,0.0,9428.0
2020-05-06 19:00:00+02:00,708.0,1491.0
2021-04-08 20:00:00+02:00,45.0,933.0
2020-09-28 15:00:00+02:00,2432.0,4074.0
2021-04-06 06:00:00+02:00,1.0,4424.0
2020-12-12 03:00:00+01:00,0.0,5290.0
2022-06-22 11:00:00+02:00,3743.0,1907.0
2020-11-08 01:00:00+01:00,0.0,4278.0
2020-11-17 17:00:00+01:00,34.0,1701.0
2022-01-04 01:00:00+01:00,2.0,7874.0
2022-11-16 22:00:00+01:00,1.0,15424.0
2020-04-09 08:00:00+02:00,579.0,1003.0
2022-05-08 07:00:00+02:00,358.0,3348.0
2022-06-11 05:00:00+02:00,2.0,803.0
2021-11-06 04:00:00+01:00,2.0,2720.0
2020-05-14 20:00:00+02:00,109.0,8758.0
2021-08-06 02:00:00+02:00,2.0,7417.0
2020-09-09 13:00:00+02:00,2834.0,892.0
2020-12-01 06:00:00+01:00,0.0,7558.0
2021-09-19 11:00:00+02:00,2780.0,2531.0
2023-05-04 19:00:00+02:00,1150.0,4674.0
2023-04-05 10:00:00+02:00,5062.0,821.0
2021-06-06 05:00:00+02:00,1.0,1806.0
2022-05-16 22:00:00+02:00,1.0,566.0
2020-10-17 08:00:00+02:00,108.0,791.0
2022-01-16 02:00:00+01:00,1.0,1595.0
2022-07-19 09:00:00+02:00,2347.0,3196.0
2021-07-14 07:00:00+02:00,209.0,4841.0
2021-07-07 01:00:00+02:00,1.0,3700.0
2020-12-16 12:00:00+01:00,1383.0,6613.0
2021-08-13 05:00:00+02:00,2.0,1371.0
2021-11-08 15:00:00+01:00,1580.0,1836.0
2020-12-17 18:00:00+01:00,3.0,3480.0
2022-01-10 16:00:00+01:00,308.0,1544.0
2020-08-28 16:00:00+02:00,1493.0,7017.0
2022-11-28 22:00:00+01:00,1.0,2951.0
2020-06-09 14:00:00+02:00,2643.0,2522.0
2022-12-19 14:00:00+01:00,1292.0,12959.0
2023-05-18 23:00:00+02:00,1.0,6458.0
2022-10-10 15:00:00+02:00,2736.0,2064.0
2022-08-10 02:00:00+02:00,8.0,6904.0
2021-06-04 07:00:00+02:00,310.0,1379.0
2022-10-20 16:00:00+02:00,1319.0,5400.0
2023-02-01 10:00:00+01:00,1838.0,6629.0
2022-07-30 06:00:00+02:00,18.0,902.0
2021-01-13 23:00:00+01:00,0.0,8929.0
2021-10-15 04:00:00+02:00,1.0,1537.0
2022-12-30 22:00:00+01:00,1.0,15169.0
2022-11-12 04:00:00+01:00,1.0,3960.0
2023-06-27 17:00:00+02:00,4225.0,2057.0
2020-05-03 02:00:00+02:00,0.0,1957.0
2022-10-11 10:00:00+02:00,1935.0,1856.0
2022-10-19 14:00:00+02:00,3167.0,6097.0
2021-05-31 03:00:00+02:00,1.0,4387.0
2023-05-27 15:00:00+02:00,4023.0,1427.0
2021-10-22 10:00:00+02:00,1941.0,2649.0
2020-01-11 11:00:00+01:00,1987.0,3835.0
2022-03-29 19:00:00+02:00,183.0,1517.0
2020-01-26 18:00:00+01:00,1.0,6307.0
2023-02-24 14:00:00+01:00,2852.0,3071.0
2021-07-07 05:00:00+02:00,1.0,3207.0
2021-11-27 08:00:00+01:00,71.0,7733.0
2022-01-08 08:00:00+01:00,38.0,7309.0
2022-12-15 09:00:00+01:00,157.0,4703.0
2021-03-08 09:00:00+01:00,1503.0,1963.0
2022-03-17 21:00:00+01:00,5.0,6294.0
2021-09-05 15:00:00+02:00,4202.0,213.0
2022-09-27 05:00:00+02:00,1.0,6586.0
2022-11-05 22:00:00+01:00,1.0,7148.0
2023-05-26 20:00:00+02:00,418.0,6899.0
2021-01-08 23:00:00+01:00,0.0,1193.0
2021-01-07 22:00:00+01:00,0.0,1456.0
2021-01-11 15:00:00+01:00,1412.0,4214.0
2020-09-13 03:00:00+02:00,0.0,1063.0
2021-11-25 07:00:00+01:00,2.0,2838.0
2020-04-02 10:00:00+02:00,1999.0,491.0
2023-03-29 22:00:00+02:00,2.0,11813.0
2023-03-16 12:00:00+01:00,6478.0,6007.0
2021-07-28 04:00:00+02:00,1.0,3260.0
2021-10-06 23:00:00+02:00,3.0,2469.0
2021-04-12 05:00:00+02:00,2.0,2177.0
2023-06-07 13:00:00+02:00,6626.0,2865.0
2020-04-12 09:00:00+02:00,1370.0,1152.0
2022-04-24 05:00:00+02:00,1.0,2897.0
2020-07-16 11:00:00+02:00,2191.0,1842.0
2020-01-20 09:00:00+01:00,364.0,5465.0
2022-06-03 02:00:00+02:00,1.0,3648.0
2022-04-19 07:00:00+02:00,166.0,2029.0
2021-06-19 15:00:00+02:00,2879.0,1428.0
